run_id,D_mJpm2,sigma,Temp,returncode,duration_s,run_dir
1,0.0,0.0,0.0,0,55.8219850063324,mumax_dataset_ku_by_block_disorder/run_00001
2,0.0,0.0107142857142857,0.0,0,47.01586270332336,mumax_dataset_ku_by_block_disorder/run_00002
3,0.0,0.0214285714285714,0.0,0,45.61932897567749,mumax_dataset_ku_by_block_disorder/run_00003
4,0.0,0.0321428571428571,0.0,0,45.71703815460205,mumax_dataset_ku_by_block_disorder/run_00004
5,0.0,0.0428571428571428,0.0,0,46.11000871658325,mumax_dataset_ku_by_block_disorder/run_00005
6,0.0,0.0535714285714285,0.0,0,44.89527940750122,mumax_dataset_ku_by_block_disorder/run_00006
7,0.0,0.0642857142857142,0.0,0,53.453043699264526,mumax_dataset_ku_by_block_disorder/run_00007
8,0.0,0.075,0.0,0,49.34563803672791,mumax_dataset_ku_by_block_disorder/run_00008
9,0.0,0.0857142857142857,0.0,0,45.94797897338867,mumax_dataset_ku_by_block_disorder/run_00009
10,0.0,0.0964285714285714,0.0,0,45.95032906532288,mumax_dataset_ku_by_block_disorder/run_00010
11,0.0,0.1071428571428571,0.0,0,49.68949627876282,mumax_dataset_ku_by_block_disorder/run_00011
12,0.0,0.1178571428571428,0.0,0,45.75423073768616,mumax_dataset_ku_by_block_disorder/run_00012
13,0.0,0.1285714285714285,0.0,0,46.62099981307984,mumax_dataset_ku_by_block_disorder/run_00013
14,0.0,0.1392857142857143,0.0,0,45.96871566772461,mumax_dataset_ku_by_block_disorder/run_00014
15,0.0,0.15,0.0,0,47.02541494369507,mumax_dataset_ku_by_block_disorder/run_00015
16,0.1071428571428571,0.0,0.0,0,47.0427942276001,mumax_dataset_ku_by_block_disorder/run_00016
17,0.1071428571428571,0.0107142857142857,0.0,0,47.60446906089783,mumax_dataset_ku_by_block_disorder/run_00017
18,0.1071428571428571,0.0214285714285714,0.0,0,52.27553391456604,mumax_dataset_ku_by_block_disorder/run_00018
19,0.1071428571428571,0.0321428571428571,0.0,0,46.61133456230164,mumax_dataset_ku_by_block_disorder/run_00019
20,0.1071428571428571,0.0428571428571428,0.0,0,48.9271457195282,mumax_dataset_ku_by_block_disorder/run_00020
21,0.1071428571428571,0.0535714285714285,0.0,0,49.15752720832825,mumax_dataset_ku_by_block_disorder/run_00021
22,0.1071428571428571,0.0642857142857142,0.0,0,47.63668251037598,mumax_dataset_ku_by_block_disorder/run_00022
23,0.1071428571428571,0.075,0.0,0,47.349303245544434,mumax_dataset_ku_by_block_disorder/run_00023
24,0.1071428571428571,0.0857142857142857,0.0,0,49.214755058288574,mumax_dataset_ku_by_block_disorder/run_00024
25,0.1071428571428571,0.0964285714285714,0.0,0,48.309101581573486,mumax_dataset_ku_by_block_disorder/run_00025
26,0.1071428571428571,0.1071428571428571,0.0,0,54.33322620391846,mumax_dataset_ku_by_block_disorder/run_00026
27,0.1071428571428571,0.1178571428571428,0.0,0,48.41562294960022,mumax_dataset_ku_by_block_disorder/run_00027
28,0.1071428571428571,0.1285714285714285,0.0,0,47.97900724411011,mumax_dataset_ku_by_block_disorder/run_00028
29,0.1071428571428571,0.1392857142857143,0.0,0,48.17543601989746,mumax_dataset_ku_by_block_disorder/run_00029
30,0.1071428571428571,0.15,0.0,0,50.79180312156677,mumax_dataset_ku_by_block_disorder/run_00030
31,0.2142857142857143,0.0,0.0,0,50.1769757270813,mumax_dataset_ku_by_block_disorder/run_00031
32,0.2142857142857143,0.0107142857142857,0.0,0,48.88500380516052,mumax_dataset_ku_by_block_disorder/run_00032
33,0.2142857142857143,0.0214285714285714,0.0,0,46.850467681884766,mumax_dataset_ku_by_block_disorder/run_00033
34,0.2142857142857143,0.0321428571428571,0.0,0,49.01356196403504,mumax_dataset_ku_by_block_disorder/run_00034
35,0.2142857142857143,0.0428571428571428,0.0,0,47.7022602558136,mumax_dataset_ku_by_block_disorder/run_00035
36,0.2142857142857143,0.0535714285714285,0.0,0,49.49780082702637,mumax_dataset_ku_by_block_disorder/run_00036
37,0.2142857142857143,0.0642857142857142,0.0,0,48.35331988334656,mumax_dataset_ku_by_block_disorder/run_00037
38,0.2142857142857143,0.075,0.0,0,47.93649673461914,mumax_dataset_ku_by_block_disorder/run_00038
39,0.2142857142857143,0.0857142857142857,0.0,0,48.79308009147644,mumax_dataset_ku_by_block_disorder/run_00039
40,0.2142857142857143,0.0964285714285714,0.0,0,47.62723898887634,mumax_dataset_ku_by_block_disorder/run_00040
41,0.2142857142857143,0.1071428571428571,0.0,0,52.91121864318848,mumax_dataset_ku_by_block_disorder/run_00041
42,0.2142857142857143,0.1178571428571428,0.0,0,49.15366172790527,mumax_dataset_ku_by_block_disorder/run_00042
43,0.2142857142857143,0.1285714285714285,0.0,0,48.56653189659119,mumax_dataset_ku_by_block_disorder/run_00043
44,0.2142857142857143,0.1392857142857143,0.0,0,55.87566423416138,mumax_dataset_ku_by_block_disorder/run_00044
45,0.2142857142857143,0.15,0.0,0,47.90058469772339,mumax_dataset_ku_by_block_disorder/run_00045
46,0.3214285714285714,0.0,0.0,0,64.81973242759705,mumax_dataset_ku_by_block_disorder/run_00046
47,0.3214285714285714,0.0107142857142857,0.0,0,56.37311840057373,mumax_dataset_ku_by_block_disorder/run_00047
48,0.3214285714285714,0.0214285714285714,0.0,0,48.10676193237305,mumax_dataset_ku_by_block_disorder/run_00048
49,0.3214285714285714,0.0321428571428571,0.0,0,54.24713730812073,mumax_dataset_ku_by_block_disorder/run_00049
50,0.3214285714285714,0.0428571428571428,0.0,0,52.98426365852356,mumax_dataset_ku_by_block_disorder/run_00050
51,0.3214285714285714,0.0535714285714285,0.0,0,48.2792227268219,mumax_dataset_ku_by_block_disorder/run_00051
52,0.3214285714285714,0.0642857142857142,0.0,0,50.992578983306885,mumax_dataset_ku_by_block_disorder/run_00052
53,0.3214285714285714,0.075,0.0,0,47.13181757926941,mumax_dataset_ku_by_block_disorder/run_00053
54,0.3214285714285714,0.0857142857142857,0.0,0,48.94587779045105,mumax_dataset_ku_by_block_disorder/run_00054
55,0.3214285714285714,0.0964285714285714,0.0,0,60.73545694351196,mumax_dataset_ku_by_block_disorder/run_00055
56,0.3214285714285714,0.1071428571428571,0.0,0,57.4491548538208,mumax_dataset_ku_by_block_disorder/run_00056
57,0.3214285714285714,0.1178571428571428,0.0,0,47.63543629646301,mumax_dataset_ku_by_block_disorder/run_00057
58,0.3214285714285714,0.1285714285714285,0.0,0,49.09409523010254,mumax_dataset_ku_by_block_disorder/run_00058
59,0.3214285714285714,0.1392857142857143,0.0,0,51.29519486427307,mumax_dataset_ku_by_block_disorder/run_00059
60,0.3214285714285714,0.15,0.0,0,54.23063802719116,mumax_dataset_ku_by_block_disorder/run_00060
61,0.4285714285714286,0.0,0.0,0,56.48670172691345,mumax_dataset_ku_by_block_disorder/run_00061
62,0.4285714285714286,0.0107142857142857,0.0,0,47.51355004310608,mumax_dataset_ku_by_block_disorder/run_00062
63,0.4285714285714286,0.0214285714285714,0.0,0,50.199148654937744,mumax_dataset_ku_by_block_disorder/run_00063
64,0.4285714285714286,0.0321428571428571,0.0,0,48.97439384460449,mumax_dataset_ku_by_block_disorder/run_00064
65,0.4285714285714286,0.0428571428571428,0.0,0,47.63660001754761,mumax_dataset_ku_by_block_disorder/run_00065
66,0.4285714285714286,0.0535714285714285,0.0,0,50.94610548019409,mumax_dataset_ku_by_block_disorder/run_00066
67,0.4285714285714286,0.0642857142857142,0.0,0,47.660887241363525,mumax_dataset_ku_by_block_disorder/run_00067
68,0.4285714285714286,0.075,0.0,0,47.5864622592926,mumax_dataset_ku_by_block_disorder/run_00068
69,0.4285714285714286,0.0857142857142857,0.0,0,47.395134925842285,mumax_dataset_ku_by_block_disorder/run_00069
70,0.4285714285714286,0.0964285714285714,0.0,0,47.35758924484253,mumax_dataset_ku_by_block_disorder/run_00070
71,0.4285714285714286,0.1071428571428571,0.0,0,47.30168533325195,mumax_dataset_ku_by_block_disorder/run_00071
72,0.4285714285714286,0.1178571428571428,0.0,0,47.91959834098816,mumax_dataset_ku_by_block_disorder/run_00072
73,0.4285714285714286,0.1285714285714285,0.0,0,50.404698848724365,mumax_dataset_ku_by_block_disorder/run_00073
74,0.4285714285714286,0.1392857142857143,0.0,0,48.687363386154175,mumax_dataset_ku_by_block_disorder/run_00074
75,0.4285714285714286,0.15,0.0,0,50.38911318778992,mumax_dataset_ku_by_block_disorder/run_00075
76,0.5357142857142857,0.0,0.0,0,69.77764511108398,mumax_dataset_ku_by_block_disorder/run_00076
77,0.5357142857142857,0.0107142857142857,0.0,0,55.62756562232971,mumax_dataset_ku_by_block_disorder/run_00077
78,0.5357142857142857,0.0214285714285714,0.0,0,46.97876501083374,mumax_dataset_ku_by_block_disorder/run_00078
79,0.5357142857142857,0.0321428571428571,0.0,0,47.642174243927,mumax_dataset_ku_by_block_disorder/run_00079
80,0.5357142857142857,0.0428571428571428,0.0,0,54.78850340843201,mumax_dataset_ku_by_block_disorder/run_00080
81,0.5357142857142857,0.0535714285714285,0.0,0,52.5627338886261,mumax_dataset_ku_by_block_disorder/run_00081
82,0.5357142857142857,0.0642857142857142,0.0,0,48.33904767036438,mumax_dataset_ku_by_block_disorder/run_00082
83,0.5357142857142857,0.075,0.0,0,50.460192918777466,mumax_dataset_ku_by_block_disorder/run_00083
84,0.5357142857142857,0.0857142857142857,0.0,0,47.22447395324707,mumax_dataset_ku_by_block_disorder/run_00084
85,0.5357142857142857,0.0964285714285714,0.0,0,47.32486128807068,mumax_dataset_ku_by_block_disorder/run_00085
86,0.5357142857142857,0.1071428571428571,0.0,0,48.13095545768738,mumax_dataset_ku_by_block_disorder/run_00086
87,0.5357142857142857,0.1178571428571428,0.0,0,47.98492765426636,mumax_dataset_ku_by_block_disorder/run_00087
88,0.5357142857142857,0.1285714285714285,0.0,0,61.84019708633423,mumax_dataset_ku_by_block_disorder/run_00088
89,0.5357142857142857,0.1392857142857143,0.0,0,63.2387957572937,mumax_dataset_ku_by_block_disorder/run_00089
90,0.5357142857142857,0.15,0.0,0,59.093586921691895,mumax_dataset_ku_by_block_disorder/run_00090
91,0.6428571428571429,0.0,0.0,0,83.47676706314087,mumax_dataset_ku_by_block_disorder/run_00091
92,0.6428571428571429,0.0107142857142857,0.0,0,48.88756799697876,mumax_dataset_ku_by_block_disorder/run_00092
93,0.6428571428571429,0.0214285714285714,0.0,0,52.73802924156189,mumax_dataset_ku_by_block_disorder/run_00093
94,0.6428571428571429,0.0321428571428571,0.0,0,50.43281126022339,mumax_dataset_ku_by_block_disorder/run_00094
95,0.6428571428571429,0.0428571428571428,0.0,0,46.678797006607056,mumax_dataset_ku_by_block_disorder/run_00095
96,0.6428571428571429,0.0535714285714285,0.0,0,48.32290530204773,mumax_dataset_ku_by_block_disorder/run_00096
97,0.6428571428571429,0.0642857142857142,0.0,0,49.868714570999146,mumax_dataset_ku_by_block_disorder/run_00097
98,0.6428571428571429,0.075,0.0,0,47.78488755226135,mumax_dataset_ku_by_block_disorder/run_00098
99,0.6428571428571429,0.0857142857142857,0.0,0,47.84274315834045,mumax_dataset_ku_by_block_disorder/run_00099
100,0.6428571428571429,0.0964285714285714,0.0,0,53.19304776191712,mumax_dataset_ku_by_block_disorder/run_00100
101,0.6428571428571429,0.1071428571428571,0.0,0,51.22139620780945,mumax_dataset_ku_by_block_disorder/run_00101
102,0.6428571428571429,0.1178571428571428,0.0,0,47.6552951335907,mumax_dataset_ku_by_block_disorder/run_00102
103,0.6428571428571429,0.1285714285714285,0.0,0,47.682581663131714,mumax_dataset_ku_by_block_disorder/run_00103
104,0.6428571428571429,0.1392857142857143,0.0,0,47.73731780052185,mumax_dataset_ku_by_block_disorder/run_00104
105,0.6428571428571429,0.15,0.0,0,48.2299394607544,mumax_dataset_ku_by_block_disorder/run_00105
106,0.75,0.0,0.0,0,62.84836864471436,mumax_dataset_ku_by_block_disorder/run_00106
107,0.75,0.0107142857142857,0.0,0,46.64467191696167,mumax_dataset_ku_by_block_disorder/run_00107
108,0.75,0.0214285714285714,0.0,0,46.389453411102295,mumax_dataset_ku_by_block_disorder/run_00108
109,0.75,0.0321428571428571,0.0,0,49.09603047370911,mumax_dataset_ku_by_block_disorder/run_00109
110,0.75,0.0428571428571428,0.0,0,48.17708086967468,mumax_dataset_ku_by_block_disorder/run_00110
111,0.75,0.0535714285714285,0.0,0,47.78692746162415,mumax_dataset_ku_by_block_disorder/run_00111
112,0.75,0.0642857142857142,0.0,0,48.68185496330261,mumax_dataset_ku_by_block_disorder/run_00112
113,0.75,0.075,0.0,0,47.02704453468323,mumax_dataset_ku_by_block_disorder/run_00113
114,0.75,0.0857142857142857,0.0,0,47.66063570976257,mumax_dataset_ku_by_block_disorder/run_00114
115,0.75,0.0964285714285714,0.0,0,50.57345676422119,mumax_dataset_ku_by_block_disorder/run_00115
116,0.75,0.1071428571428571,0.0,0,51.21960520744324,mumax_dataset_ku_by_block_disorder/run_00116
117,0.75,0.1178571428571428,0.0,0,47.52145719528198,mumax_dataset_ku_by_block_disorder/run_00117
118,0.75,0.1285714285714285,0.0,0,49.51115298271179,mumax_dataset_ku_by_block_disorder/run_00118
119,0.75,0.1392857142857143,0.0,0,47.9131543636322,mumax_dataset_ku_by_block_disorder/run_00119
120,0.75,0.15,0.0,0,49.08944749832153,mumax_dataset_ku_by_block_disorder/run_00120
121,0.8571428571428572,0.0,0.0,0,61.83903121948242,mumax_dataset_ku_by_block_disorder/run_00121
122,0.8571428571428572,0.0107142857142857,0.0,0,47.75615048408508,mumax_dataset_ku_by_block_disorder/run_00122
123,0.8571428571428572,0.0214285714285714,0.0,0,48.64034390449524,mumax_dataset_ku_by_block_disorder/run_00123
124,0.8571428571428572,0.0321428571428571,0.0,0,48.19048142433167,mumax_dataset_ku_by_block_disorder/run_00124
125,0.8571428571428572,0.0428571428571428,0.0,0,49.793097257614136,mumax_dataset_ku_by_block_disorder/run_00125
126,0.8571428571428572,0.0535714285714285,0.0,0,49.70435976982117,mumax_dataset_ku_by_block_disorder/run_00126
127,0.8571428571428572,0.0642857142857142,0.0,0,54.20740461349487,mumax_dataset_ku_by_block_disorder/run_00127
128,0.8571428571428572,0.075,0.0,0,48.18412113189697,mumax_dataset_ku_by_block_disorder/run_00128
129,0.8571428571428572,0.0857142857142857,0.0,0,47.14773368835449,mumax_dataset_ku_by_block_disorder/run_00129
130,0.8571428571428572,0.0964285714285714,0.0,0,47.72354769706726,mumax_dataset_ku_by_block_disorder/run_00130
131,0.8571428571428572,0.1071428571428571,0.0,0,52.81995224952698,mumax_dataset_ku_by_block_disorder/run_00131
132,0.8571428571428572,0.1178571428571428,0.0,0,47.63825702667236,mumax_dataset_ku_by_block_disorder/run_00132
133,0.8571428571428572,0.1285714285714285,0.0,0,50.87654232978821,mumax_dataset_ku_by_block_disorder/run_00133
134,0.8571428571428572,0.1392857142857143,0.0,0,47.94786715507507,mumax_dataset_ku_by_block_disorder/run_00134
135,0.8571428571428572,0.15,0.0,0,49.616106271743774,mumax_dataset_ku_by_block_disorder/run_00135
136,0.9642857142857144,0.0,0.0,0,55.4284930229187,mumax_dataset_ku_by_block_disorder/run_00136
137,0.9642857142857144,0.0107142857142857,0.0,0,50.263521671295166,mumax_dataset_ku_by_block_disorder/run_00137
138,0.9642857142857144,0.0214285714285714,0.0,0,48.6290864944458,mumax_dataset_ku_by_block_disorder/run_00138
139,0.9642857142857144,0.0321428571428571,0.0,0,46.94296669960022,mumax_dataset_ku_by_block_disorder/run_00139
140,0.9642857142857144,0.0428571428571428,0.0,0,46.84697079658508,mumax_dataset_ku_by_block_disorder/run_00140
141,0.9642857142857144,0.0535714285714285,0.0,0,48.319669246673584,mumax_dataset_ku_by_block_disorder/run_00141
142,0.9642857142857144,0.0642857142857142,0.0,0,48.61375141143799,mumax_dataset_ku_by_block_disorder/run_00142
143,0.9642857142857144,0.075,0.0,0,47.25962162017822,mumax_dataset_ku_by_block_disorder/run_00143
144,0.9642857142857144,0.0857142857142857,0.0,0,47.73710060119629,mumax_dataset_ku_by_block_disorder/run_00144
145,0.7170413415078355,0.0244524564027229,0.0,0,101.09457159042358,mumax_dataset_ku_by_block_disorder/run_00145
146,1.4711426843783466,0.1209459499629924,0.0,0,49.58437156677246,mumax_dataset_ku_by_block_disorder/run_00146
147,0.4231597154933853,0.1469992973865738,0.0,0,58.900084495544434,mumax_dataset_ku_by_block_disorder/run_00147
148,0.0177593252390713,0.0186500133244872,0.0,0,53.03972625732422,mumax_dataset_ku_by_block_disorder/run_00148
149,0.9915976581941058,0.022306421629417,0.0,0,76.28018975257874,mumax_dataset_ku_by_block_disorder/run_00149
150,0.5007793566646533,0.0696966255170374,0.0,0,61.79283142089844,mumax_dataset_ku_by_block_disorder/run_00150
151,0.4762800811890336,0.120355262376881,0.0,0,63.49603271484375,mumax_dataset_ku_by_block_disorder/run_00151
152,1.062791164233433,0.0746242243562848,0.0,0,58.53054690361023,mumax_dataset_ku_by_block_disorder/run_00152
153,0.8788785600923219,0.061506564037419,0.0,0,58.90016317367554,mumax_dataset_ku_by_block_disorder/run_00153
154,0.7890844272800849,0.0932534436821355,0.0,0,59.11137866973877,mumax_dataset_ku_by_block_disorder/run_00154
155,0.4400159351876612,0.0903453970590051,0.0,0,57.17481446266174,mumax_dataset_ku_by_block_disorder/run_00155
156,0.004968353644173,0.1272329555530229,0.0,0,65.77251863479614,mumax_dataset_ku_by_block_disorder/run_00156
157,0.3895500641242425,0.0842818246497857,0.0,0,58.435133934021,mumax_dataset_ku_by_block_disorder/run_00157
158,0.8351132682506309,0.0930934424714852,0.0,0,66.48075580596924,mumax_dataset_ku_by_block_disorder/run_00158
159,0.1049033163982477,0.0028796649958982,0.0,0,122.6239697933197,mumax_dataset_ku_by_block_disorder/run_00159
160,0.546686304105754,0.1171626814108239,0.0,0,68.43099737167358,mumax_dataset_ku_by_block_disorder/run_00160
161,0.6995623298043544,0.0772245076422455,0.0,0,61.99605774879456,mumax_dataset_ku_by_block_disorder/run_00161
162,1.0108003909695822,0.0961075436365741,0.0,0,57.26422929763794,mumax_dataset_ku_by_block_disorder/run_00162
163,0.1102641878521786,0.0589260050938528,0.0,0,62.854037284851074,mumax_dataset_ku_by_block_disorder/run_00163
164,0.509931889220677,0.0895640617484607,0.0,0,67.6636095046997,mumax_dataset_ku_by_block_disorder/run_00164
165,0.6777860423792456,0.0839545897765277,0.0,0,59.56226205825806,mumax_dataset_ku_by_block_disorder/run_00165
166,0.4442241225842964,0.0552316223627202,0.0,0,58.95872640609741,mumax_dataset_ku_by_block_disorder/run_00166
167,0.9753705389171616,0.0641425119820422,0.0,0,59.16520476341248,mumax_dataset_ku_by_block_disorder/run_00167
168,0.926725337070625,0.1355183667003626,0.0,0,58.47247314453125,mumax_dataset_ku_by_block_disorder/run_00168
169,1.219053422340667,0.067711080092368,0.0,0,61.920493602752686,mumax_dataset_ku_by_block_disorder/run_00169
170,1.179073214722138,0.1055330574046149,0.0,0,58.57764673233032,mumax_dataset_ku_by_block_disorder/run_00170
171,1.000721347979629,0.0606221581315749,0.0,0,61.110512495040894,mumax_dataset_ku_by_block_disorder/run_00171
172,0.168876050585635,0.020988848908435,0.0,0,67.34987711906433,mumax_dataset_ku_by_block_disorder/run_00172
173,0.4815303240990989,0.0879816490800304,0.0,0,64.86722445487976,mumax_dataset_ku_by_block_disorder/run_00173
174,0.0922243169467623,0.0970357795545716,0.0,0,88.55530381202698,mumax_dataset_ku_by_block_disorder/run_00174
175,0.57995039464413,0.1352335312404387,0.0,0,59.31244611740112,mumax_dataset_ku_by_block_disorder/run_00175
176,0.1696101801581944,0.1283434338454388,0.0,0,59.10919213294983,mumax_dataset_ku_by_block_disorder/run_00176
177,0.7486197928762309,0.1334488632425294,0.0,0,63.43177676200867,mumax_dataset_ku_by_block_disorder/run_00177
178,0.9560773990708008,0.122530101537489,0.0,0,60.35347414016724,mumax_dataset_ku_by_block_disorder/run_00178
179,1.2262016298298322,0.0732813361258693,0.0,0,58.08711385726929,mumax_dataset_ku_by_block_disorder/run_00179
180,0.131470789710599,0.134325201173887,0.0,0,69.26457643508911,mumax_dataset_ku_by_block_disorder/run_00180
181,0.9336973873659876,0.0535992771605345,0.0,0,71.9106023311615,mumax_dataset_ku_by_block_disorder/run_00181
182,0.0562402021387256,0.0886890953057393,0.0,0,59.124542236328125,mumax_dataset_ku_by_block_disorder/run_00182
183,0.7122244123210788,0.0874991897083874,0.0,0,55.57106375694275,mumax_dataset_ku_by_block_disorder/run_00183
184,0.0515141875375419,0.1075489817949112,0.0,0,72.56817173957825,mumax_dataset_ku_by_block_disorder/run_00184
185,1.358190364020175,0.0217057355473193,0.0,0,60.43096590042114,mumax_dataset_ku_by_block_disorder/run_00185
186,0.5250122254999038,0.0171430133001251,0.0,0,60.00255513191223,mumax_dataset_ku_by_block_disorder/run_00186
187,1.1138248891782587,0.0760443033386409,0.0,0,61.05242729187012,mumax_dataset_ku_by_block_disorder/run_00187
188,0.6913273430136632,0.0098191779103595,0.0,0,57.56433701515198,mumax_dataset_ku_by_block_disorder/run_00188
189,1.1480015623669937,0.1139122795388387,0.0,0,56.69578766822815,mumax_dataset_ku_by_block_disorder/run_00189
190,0.2948361011648144,0.0223320165522941,0.0,0,61.80512309074402,mumax_dataset_ku_by_block_disorder/run_00190
191,1.314465418025092,0.080387909370051,0.0,0,58.50971031188965,mumax_dataset_ku_by_block_disorder/run_00191
192,0.6014707355296431,0.0293348345086744,0.0,0,64.07116842269897,mumax_dataset_ku_by_block_disorder/run_00192
193,1.37612550989348,0.0174084153722176,0.0,0,59.166906118392944,mumax_dataset_ku_by_block_disorder/run_00193
194,0.8008168719733315,0.1232832412048966,0.0,0,58.267218351364136,mumax_dataset_ku_by_block_disorder/run_00194
195,0.4201341660512237,0.115314696792904,0.0,0,58.1148362159729,mumax_dataset_ku_by_block_disorder/run_00195
196,1.4513568204970395,0.0740574777810924,0.0,0,58.43373489379883,mumax_dataset_ku_by_block_disorder/run_00196
197,1.4695264324113526,0.0642842435307181,0.0,0,65.5862021446228,mumax_dataset_ku_by_block_disorder/run_00197
198,0.5621914622456214,0.0939124654003203,0.0,0,64.62156701087952,mumax_dataset_ku_by_block_disorder/run_00198
199,0.38794305300059,0.0763521267535009,0.0,0,60.36806321144104,mumax_dataset_ku_by_block_disorder/run_00199
200,1.04538456571735,0.1243191266066946,0.0,0,61.58363556861877,mumax_dataset_ku_by_block_disorder/run_00200
201,0.3072116230035967,0.0112397110849435,0.0,0,99.98941016197205,mumax_dataset_ku_by_block_disorder/run_00201
202,0.2601685682716261,0.100461419772804,0.0,0,57.270901918411255,mumax_dataset_ku_by_block_disorder/run_00202
203,0.7866017784616952,0.1093800241037568,0.0,0,57.581130027771,mumax_dataset_ku_by_block_disorder/run_00203
204,1.1971506189566818,0.0187949006664426,0.0,0,60.55255389213562,mumax_dataset_ku_by_block_disorder/run_00204
205,0.4303292693168231,0.0829615030716927,0.0,0,78.62381672859192,mumax_dataset_ku_by_block_disorder/run_00205
206,0.6525335277240741,0.0292343359440155,0.0,0,265.6131167411804,mumax_dataset_ku_by_block_disorder/run_00206
207,0.5192951470036604,0.0475451273142634,0.0,0,67.51693081855774,mumax_dataset_ku_by_block_disorder/run_00207
208,0.2542492837692211,0.0904353484276517,0.0,0,62.2923276424408,mumax_dataset_ku_by_block_disorder/run_00208
209,0.2212686815178849,0.0074502232985203,0.0,0,212.9994504451752,mumax_dataset_ku_by_block_disorder/run_00209
210,1.3057751386924206,0.1210549214487509,0.0,0,57.69355249404907,mumax_dataset_ku_by_block_disorder/run_00210
211,0.8931678547972466,0.1052830842314068,0.0,0,69.91600584983826,mumax_dataset_ku_by_block_disorder/run_00211
212,1.3960329999855412,0.1129250380806703,0.0,0,58.518404483795166,mumax_dataset_ku_by_block_disorder/run_00212
213,1.479602993147093,0.1401082403482747,0.0,0,59.9697654247284,mumax_dataset_ku_by_block_disorder/run_00213
214,1.07060613979677,0.0798623620947837,0.0,0,60.772037744522095,mumax_dataset_ku_by_block_disorder/run_00214
215,0.4701214982095822,0.0106158963977324,0.0,0,65.82144474983215,mumax_dataset_ku_by_block_disorder/run_00215
216,1.4338540154733743,0.1004925440545346,0.0,0,59.235225439071655,mumax_dataset_ku_by_block_disorder/run_00216
217,0.3803529891441891,0.0231671096876681,0.0,0,61.0564112663269,mumax_dataset_ku_by_block_disorder/run_00217
218,0.9202871807864548,0.068154715068279,0.0,0,62.13656997680664,mumax_dataset_ku_by_block_disorder/run_00218
219,0.9188819963387472,0.1423374446478972,0.0,0,61.09418869018555,mumax_dataset_ku_by_block_disorder/run_00219
220,0.7470645409352319,0.1380677312408593,0.0,0,59.95952582359314,mumax_dataset_ku_by_block_disorder/run_00220
221,0.8878930633649698,0.0055839725475031,0.0,0,60.23838472366333,mumax_dataset_ku_by_block_disorder/run_00221
222,1.165501635122263,0.0014172321262916,0.0,0,60.06346440315247,mumax_dataset_ku_by_block_disorder/run_00222
223,0.2489234947240821,0.143700747710502,0.0,0,61.246681451797485,mumax_dataset_ku_by_block_disorder/run_00223
224,0.0716554211079036,0.1453164315695647,0.0,0,66.01485824584961,mumax_dataset_ku_by_block_disorder/run_00224
225,1.3782696555849647,0.0953640854547809,0.0,0,58.08695983886719,mumax_dataset_ku_by_block_disorder/run_00225
226,1.1109926472007676,0.0361946798178554,0.0,0,72.89298605918884,mumax_dataset_ku_by_block_disorder/run_00226
227,0.0526515601825523,0.0097152818679704,0.0,0,57.620028018951416,mumax_dataset_ku_by_block_disorder/run_00227
228,0.5505409407338484,0.1412131282683205,0.0,0,60.93001413345337,mumax_dataset_ku_by_block_disorder/run_00228
229,0.1447896601141518,0.0477319254687776,0.0,0,57.53716516494751,mumax_dataset_ku_by_block_disorder/run_00229
230,0.9035956283921556,0.0299610805623833,0.0,0,69.87822031974792,mumax_dataset_ku_by_block_disorder/run_00230
231,1.3861932881082266,0.1475913656451955,0.0,0,72.0999927520752,mumax_dataset_ku_by_block_disorder/run_00231
232,0.1310117879251315,0.1355533253788463,0.0,0,72.80806469917297,mumax_dataset_ku_by_block_disorder/run_00232
233,0.1114144223723584,0.1083666365189322,0.0,0,71.55926418304443,mumax_dataset_ku_by_block_disorder/run_00233
234,0.8484189247795836,0.0040339229211257,0.0,0,67.43696284294128,mumax_dataset_ku_by_block_disorder/run_00234
235,1.2020115129614224,0.0864376622145211,0.0,0,83.18658208847046,mumax_dataset_ku_by_block_disorder/run_00235
236,0.4016815693412317,0.0046305988040368,0.0,0,72.70011115074158,mumax_dataset_ku_by_block_disorder/run_00236
237,0.5877890855359944,0.1189776854564669,0.0,0,73.15717649459839,mumax_dataset_ku_by_block_disorder/run_00237
238,0.7480893549541132,0.0064044342180137,0.0,0,67.4926483631134,mumax_dataset_ku_by_block_disorder/run_00238
239,0.0935479823287344,0.0211555400695384,0.0,0,68.92017936706543,mumax_dataset_ku_by_block_disorder/run_00239
240,0.7287644891662638,0.1010357733613098,0.0,0,73.17857193946838,mumax_dataset_ku_by_block_disorder/run_00240
241,0.589435999622195,0.0383753765647395,0.0,0,71.8311665058136,mumax_dataset_ku_by_block_disorder/run_00241
242,1.069276531345318,0.1273306060372062,0.0,0,78.9401912689209,mumax_dataset_ku_by_block_disorder/run_00242
243,0.9833340783640588,0.1047324558712523,0.0,0,71.71667504310608,mumax_dataset_ku_by_block_disorder/run_00243
244,0.6954405999969865,0.0489479937682904,0.0,0,70.28072118759155,mumax_dataset_ku_by_block_disorder/run_00244
245,0.9156293933818308,0.0694517033100251,0.0,0,70.95920014381409,mumax_dataset_ku_by_block_disorder/run_00245
246,0.065504635520961,0.0361304606106197,0.0,0,70.93998336791992,mumax_dataset_ku_by_block_disorder/run_00246
247,0.8581367554682918,0.0343904673001069,0.0,0,87.07942533493042,mumax_dataset_ku_by_block_disorder/run_00247
248,1.181112713388165,6.978738297640508e-05,0.0,0,80.50174832344055,mumax_dataset_ku_by_block_disorder/run_00248
249,0.434109914427486,0.1085322850674358,0.0,0,72.52507162094116,mumax_dataset_ku_by_block_disorder/run_00249
250,1.0925010124057375,0.1301724474125422,0.0,0,67.3492705821991,mumax_dataset_ku_by_block_disorder/run_00250
251,0.9470794140331557,0.1451877513219533,0.0,0,71.65111708641052,mumax_dataset_ku_by_block_disorder/run_00251
252,0.9824934311433284,0.1082924514320977,0.0,0,68.97069001197815,mumax_dataset_ku_by_block_disorder/run_00252
253,0.3198237270631085,0.0981341598605109,0.0,0,73.56123566627502,mumax_dataset_ku_by_block_disorder/run_00253
254,0.0433831286565044,0.0293947981105188,0.0,0,75.59640669822693,mumax_dataset_ku_by_block_disorder/run_00254
255,0.3506720484257883,0.0810886680839446,0.0,0,77.57906532287598,mumax_dataset_ku_by_block_disorder/run_00255
256,1.3560339909413792,0.1146485454315066,0.0,0,72.43014931678772,mumax_dataset_ku_by_block_disorder/run_00256
257,0.1390180792220526,0.0431462480146482,0.0,0,66.60813117027283,mumax_dataset_ku_by_block_disorder/run_00257
258,0.6305678990922529,0.0158812911987678,0.0,0,73.00175452232361,mumax_dataset_ku_by_block_disorder/run_00258
259,1.281935547920458,0.1380258656063125,0.0,0,69.9622414112091,mumax_dataset_ku_by_block_disorder/run_00259
260,0.7407170475215975,0.1314151025389364,0.0,0,72.49054455757141,mumax_dataset_ku_by_block_disorder/run_00260
261,0.3705680138255733,0.073959748815111,0.0,0,71.65452599525452,mumax_dataset_ku_by_block_disorder/run_00261
262,0.9740084754542184,0.0578070617016474,0.0,0,69.63857388496399,mumax_dataset_ku_by_block_disorder/run_00262
263,0.4267427082113892,0.1455968742086456,0.0,0,72.54624462127686,mumax_dataset_ku_by_block_disorder/run_00263
264,0.4593460152604004,0.1384919797078362,0.0,0,69.56669163703918,mumax_dataset_ku_by_block_disorder/run_00264
265,0.95219315112438,0.1187311976456953,0.0,0,73.90158295631409,mumax_dataset_ku_by_block_disorder/run_00265
266,1.0919923745777,0.0770809288824217,0.0,0,69.83756470680237,mumax_dataset_ku_by_block_disorder/run_00266
267,1.4255960454487482,0.0553377430155026,0.0,0,69.15405344963074,mumax_dataset_ku_by_block_disorder/run_00267
268,1.326001242781528,0.0200098431168624,0.0,0,72.48253679275513,mumax_dataset_ku_by_block_disorder/run_00268
269,1.0196572702533515,0.0348702079652042,0.0,0,69.54169845581055,mumax_dataset_ku_by_block_disorder/run_00269
270,0.1345590396509428,0.057788337112822,0.0,0,71.22186470031738,mumax_dataset_ku_by_block_disorder/run_00270
271,0.7415787157687128,0.0731943922254114,0.0,0,72.66895246505737,mumax_dataset_ku_by_block_disorder/run_00271
272,0.5396545830596389,0.0973446424169452,0.0,0,74.6463143825531,mumax_dataset_ku_by_block_disorder/run_00272
273,0.4150623999735232,0.0282815834344899,0.0,0,68.11161231994629,mumax_dataset_ku_by_block_disorder/run_00273
274,0.3081669379863986,0.0930285557440902,0.0,0,68.44207644462585,mumax_dataset_ku_by_block_disorder/run_00274
275,1.237621354885076,0.0271442147829821,0.0,0,77.3050148487091,mumax_dataset_ku_by_block_disorder/run_00275
276,0.1407480656005402,0.0652439528211326,0.0,0,69.6146445274353,mumax_dataset_ku_by_block_disorder/run_00276
277,0.3295901461277182,0.0208044585629281,0.0,0,77.4676604270935,mumax_dataset_ku_by_block_disorder/run_00277
278,0.5610420822673865,0.1113150810645863,0.0,0,67.76682162284851,mumax_dataset_ku_by_block_disorder/run_00278
279,0.8220237572111622,0.0385818005556339,0.0,0,67.1310920715332,mumax_dataset_ku_by_block_disorder/run_00279
280,1.2984490006244662,0.0865460852853598,0.0,0,67.0466320514679,mumax_dataset_ku_by_block_disorder/run_00280
281,0.9935582792824312,0.06412259279796,0.0,0,78.32750248908997,mumax_dataset_ku_by_block_disorder/run_00281
282,0.1349304182837812,0.0362235587889144,0.0,0,70.24358296394348,mumax_dataset_ku_by_block_disorder/run_00282
283,0.7374505055800129,0.1323213333394547,0.0,0,71.61422848701477,mumax_dataset_ku_by_block_disorder/run_00283
284,0.1343337149229328,0.079013621794235,0.0,0,70.25187110900879,mumax_dataset_ku_by_block_disorder/run_00284
285,0.8416274258002316,0.0120511455282167,0.0,0,73.73375606536865,mumax_dataset_ku_by_block_disorder/run_00285
286,0.5822453693796836,0.0599774518636556,0.0,0,65.49037146568298,mumax_dataset_ku_by_block_disorder/run_00286
287,0.0703434585336346,0.0160680060439721,0.0,0,80.16058683395386,mumax_dataset_ku_by_block_disorder/run_00287
288,0.83545076207717,0.1026730755082801,0.0,0,72.94591116905212,mumax_dataset_ku_by_block_disorder/run_00288
289,1.1445583111636377,0.0586119758405849,0.0,0,79.04516530036926,mumax_dataset_ku_by_block_disorder/run_00289
290,1.37400798931491,0.1448224746837813,0.0,0,73.0855484008789,mumax_dataset_ku_by_block_disorder/run_00290
291,0.6461535698070938,0.1138137121422076,0.0,0,68.99273753166199,mumax_dataset_ku_by_block_disorder/run_00291
292,1.1610185523517735,0.0010114955195192,0.0,0,76.45374011993408,mumax_dataset_ku_by_block_disorder/run_00292
293,1.225461278106557,0.0612954441647804,0.0,0,71.85097050666809,mumax_dataset_ku_by_block_disorder/run_00293
294,0.4059255215833997,0.1096632168430592,0.0,0,76.24482822418213,mumax_dataset_ku_by_block_disorder/run_00294
295,0.1854558979792773,0.0752380566329984,0.0,0,68.80521965026855,mumax_dataset_ku_by_block_disorder/run_00295
296,1.3795779350845372,0.044794335822166,0.0,0,70.44280219078064,mumax_dataset_ku_by_block_disorder/run_00296
297,1.1415264842095925,0.0093318233878107,0.0,0,73.3373212814331,mumax_dataset_ku_by_block_disorder/run_00297
298,1.4582602640413072,0.067894459143493,0.0,0,70.38804078102112,mumax_dataset_ku_by_block_disorder/run_00298
299,0.8885636349543302,0.1261978497953478,0.0,0,67.36030054092407,mumax_dataset_ku_by_block_disorder/run_00299
300,0.999414237979575,0.115761899053893,0.0,0,73.09993815422058,mumax_dataset_ku_by_block_disorder/run_00300
301,1.0543942285062344,0.0841172699029833,0.0,0,68.74195003509521,mumax_dataset_ku_by_block_disorder/run_00301
302,0.2351904097967608,0.1140453091457317,0.0,0,67.95656633377075,mumax_dataset_ku_by_block_disorder/run_00302
303,1.4934169385401537,0.0546286634156111,0.0,0,69.60812401771545,mumax_dataset_ku_by_block_disorder/run_00303
304,0.2481960300035487,0.0689193410707003,0.0,0,74.36769127845764,mumax_dataset_ku_by_block_disorder/run_00304
305,0.5857356620730837,0.1024960735348675,0.0,0,70.26550459861755,mumax_dataset_ku_by_block_disorder/run_00305
306,0.2497180155960829,0.0471858020451138,0.0,0,72.77599334716797,mumax_dataset_ku_by_block_disorder/run_00306
307,0.1882005055553615,0.0984873630855615,0.0,0,68.7800920009613,mumax_dataset_ku_by_block_disorder/run_00307
308,0.074464493846774,0.0320669321783478,0.0,0,70.09151196479797,mumax_dataset_ku_by_block_disorder/run_00308
309,1.150878196893685,0.1284897140848813,0.0,0,68.22558403015137,mumax_dataset_ku_by_block_disorder/run_00309
310,1.2433029206896216,0.001621798755605,0.0,0,80.02339935302734,mumax_dataset_ku_by_block_disorder/run_00310
311,1.0747745983755763,0.082937932573939,0.0,0,70.29067516326904,mumax_dataset_ku_by_block_disorder/run_00311
312,1.2646886539817097,0.1490012887459244,0.0,0,71.91166543960571,mumax_dataset_ku_by_block_disorder/run_00312
313,1.104597953679128,0.0700257055694383,0.0,0,77.43150234222412,mumax_dataset_ku_by_block_disorder/run_00313
314,1.015928841506003,0.0876696159928633,0.0,0,71.1943678855896,mumax_dataset_ku_by_block_disorder/run_00314
315,0.4576907305929147,0.0873669163224105,0.0,0,72.46147108078003,mumax_dataset_ku_by_block_disorder/run_00315
316,0.1022701277729314,0.13717340141245,0.0,0,70.42896628379822,mumax_dataset_ku_by_block_disorder/run_00316
317,0.7154454276396088,0.0365789975481013,0.0,0,65.37890291213989,mumax_dataset_ku_by_block_disorder/run_00317
318,1.4110918315708136,0.0436753921194075,0.0,0,71.36190009117126,mumax_dataset_ku_by_block_disorder/run_00318
319,0.9441355670918627,0.1066286620502755,0.0,0,68.71024131774902,mumax_dataset_ku_by_block_disorder/run_00319
320,0.7432007945671746,0.1487430325580905,0.0,0,69.95930814743042,mumax_dataset_ku_by_block_disorder/run_00320
321,0.0444779466657711,0.0626150867679481,0.0,0,66.10939693450928,mumax_dataset_ku_by_block_disorder/run_00321
322,1.123356123292022,0.0412630211051449,0.0,0,71.4061439037323,mumax_dataset_ku_by_block_disorder/run_00322
323,1.42260127285307,0.0455394063780774,0.0,0,66.59235167503357,mumax_dataset_ku_by_block_disorder/run_00323
324,1.0169138874865302,0.0215229103953648,0.0,0,68.68376016616821,mumax_dataset_ku_by_block_disorder/run_00324
325,0.3312670137904415,0.1160808836202092,0.0,0,68.83139181137085,mumax_dataset_ku_by_block_disorder/run_00325
326,1.4182360026743723,0.0885692707874481,0.0,0,70.11251306533813,mumax_dataset_ku_by_block_disorder/run_00326
327,0.7571832183612515,0.0285737591714157,0.0,0,69.624920129776,mumax_dataset_ku_by_block_disorder/run_00327
328,1.2984492044854077,0.0786188007315464,0.0,0,66.72345328330994,mumax_dataset_ku_by_block_disorder/run_00328
329,1.3808003013821215,0.0132310033550739,0.0,0,70.7272515296936,mumax_dataset_ku_by_block_disorder/run_00329
330,0.7641873693306278,0.0478957866272676,0.0,0,68.99434471130371,mumax_dataset_ku_by_block_disorder/run_00330
331,0.4249780155730241,0.0823844206318433,0.0,0,75.21077823638916,mumax_dataset_ku_by_block_disorder/run_00331
332,0.6330420672206362,0.0668892449905038,0.0,0,67.38274574279785,mumax_dataset_ku_by_block_disorder/run_00332
333,1.4840130792557948,0.1144760085002538,0.0,0,71.68963503837585,mumax_dataset_ku_by_block_disorder/run_00333
334,1.1142763074346105,0.1401711612772957,0.0,0,69.0979745388031,mumax_dataset_ku_by_block_disorder/run_00334
335,1.143856890912594,0.0953813724303157,0.0,0,69.9231436252594,mumax_dataset_ku_by_block_disorder/run_00335
336,0.5851919969995004,0.0739866424269192,0.0,0,71.0181531906128,mumax_dataset_ku_by_block_disorder/run_00336
337,0.3747881856353604,0.0611976595510075,0.0,0,86.57466053962708,mumax_dataset_ku_by_block_disorder/run_00337
338,0.8375671177136815,0.0015571005141275,0.0,0,187.57421040534973,mumax_dataset_ku_by_block_disorder/run_00338
339,0.6754521707195009,0.0077330863094896,0.0,0,71.87544679641724,mumax_dataset_ku_by_block_disorder/run_00339
340,1.0911148052697008,0.0035683405119173,0.0,0,79.51440262794495,mumax_dataset_ku_by_block_disorder/run_00340
341,1.2427834640576163,0.0968891588761649,0.0,0,71.12891936302185,mumax_dataset_ku_by_block_disorder/run_00341
342,0.5832370764885979,0.0859480631459179,0.0,0,69.33248519897461,mumax_dataset_ku_by_block_disorder/run_00342
343,0.2298099684422376,0.0526027385717074,0.0,0,70.23847961425781,mumax_dataset_ku_by_block_disorder/run_00343
344,0.8760876669040699,0.0106840790594253,0.0,0,69.46005487442017,mumax_dataset_ku_by_block_disorder/run_00344
345,0.0404180309994387,0.043948723009477,0.0,0,71.70559000968933,mumax_dataset_ku_by_block_disorder/run_00345
346,0.8462683200697099,0.0401612286378938,0.0,0,72.57302618026733,mumax_dataset_ku_by_block_disorder/run_00346
347,0.7784970606871564,0.0610468084781186,0.0,0,72.64122009277344,mumax_dataset_ku_by_block_disorder/run_00347
348,0.4079870802889208,0.0979975095622772,0.0,0,68.21474385261536,mumax_dataset_ku_by_block_disorder/run_00348
349,1.3723206520632276,0.1394386729588585,0.0,0,68.84831309318542,mumax_dataset_ku_by_block_disorder/run_00349
350,0.142346271351918,0.1334606844449608,0.0,0,70.05558848381042,mumax_dataset_ku_by_block_disorder/run_00350
351,1.4735193652579848,0.0086977063960103,0.0,0,71.79478025436401,mumax_dataset_ku_by_block_disorder/run_00351
352,0.9786963302001376,0.1022842717946327,0.0,0,70.6326174736023,mumax_dataset_ku_by_block_disorder/run_00352
353,0.4140892838657099,0.1436666633086883,0.0,0,70.17872714996338,mumax_dataset_ku_by_block_disorder/run_00353
354,1.433667049542454,0.0525126528774181,0.0,0,73.6339340209961,mumax_dataset_ku_by_block_disorder/run_00354
355,0.5208073719504954,0.1227220057249195,0.0,0,77.67005968093872,mumax_dataset_ku_by_block_disorder/run_00355
356,0.6139772483006115,0.1012210601362633,0.0,0,71.23747253417969,mumax_dataset_ku_by_block_disorder/run_00356
357,1.2117836838606455,0.1390513726585052,0.0,0,67.04513645172119,mumax_dataset_ku_by_block_disorder/run_00357
358,1.1674314760048217,0.0739378802209576,0.0,0,83.6807508468628,mumax_dataset_ku_by_block_disorder/run_00358
359,1.315656579887614,0.0033631462520672,0.0,0,72.23097395896912,mumax_dataset_ku_by_block_disorder/run_00359
360,1.35032743788355,0.0056385282666552,0.0,0,73.30433964729309,mumax_dataset_ku_by_block_disorder/run_00360
361,1.1364358812844215,0.0168306414368993,0.0,0,70.2527494430542,mumax_dataset_ku_by_block_disorder/run_00361
362,0.931229396115829,0.0176360265319143,0.0,0,76.04396677017212,mumax_dataset_ku_by_block_disorder/run_00362
363,0.8051251902379293,0.0860976269337012,0.0,0,74.21453213691711,mumax_dataset_ku_by_block_disorder/run_00363
364,0.5234358293926445,0.0877268615411929,0.0,0,70.04964423179626,mumax_dataset_ku_by_block_disorder/run_00364
365,0.3946441644664533,0.0588219906690561,0.0,0,70.10851812362671,mumax_dataset_ku_by_block_disorder/run_00365
366,0.6511687822581304,0.1185805415365575,0.0,0,67.70028448104858,mumax_dataset_ku_by_block_disorder/run_00366
367,0.4022777076137296,0.0128619127658891,0.0,0,71.56767225265503,mumax_dataset_ku_by_block_disorder/run_00367
368,0.1936640222115087,0.1408859912032783,0.0,0,71.84787726402283,mumax_dataset_ku_by_block_disorder/run_00368
369,0.932788314563568,0.088179480771592,0.0,0,68.22086238861084,mumax_dataset_ku_by_block_disorder/run_00369
370,0.759053637088389,0.1403560867505351,0.0,0,71.33988547325134,mumax_dataset_ku_by_block_disorder/run_00370
371,0.1614098478172047,0.0104822159664713,0.0,0,76.11062359809875,mumax_dataset_ku_by_block_disorder/run_00371
372,0.2843910271388306,0.0319399750986387,0.0,0,72.2856776714325,mumax_dataset_ku_by_block_disorder/run_00372
373,0.2638951896661899,0.0348269268150935,0.0,0,76.57228922843933,mumax_dataset_ku_by_block_disorder/run_00373
374,0.7109952941593641,0.1305875242977103,0.0,0,68.93614864349365,mumax_dataset_ku_by_block_disorder/run_00374
375,1.4648948758180804,0.1304075712053867,0.0,0,67.73348474502563,mumax_dataset_ku_by_block_disorder/run_00375
376,1.0636620274133672,0.1319793634672728,0.0,0,70.8598301410675,mumax_dataset_ku_by_block_disorder/run_00376
377,1.1872697841558209,0.0769700225401657,0.0,0,70.51916980743408,mumax_dataset_ku_by_block_disorder/run_00377
378,0.5258312803014723,0.1044819609135945,0.0,0,69.83262085914612,mumax_dataset_ku_by_block_disorder/run_00378
379,0.9998964677307898,0.0599088816282586,0.0,0,77.19896459579468,mumax_dataset_ku_by_block_disorder/run_00379
380,0.4174811700397802,0.148480822581418,0.0,0,87.80818486213684,mumax_dataset_ku_by_block_disorder/run_00380
381,0.2578587442434287,0.0170189814243199,0.0,0,71.4240140914917,mumax_dataset_ku_by_block_disorder/run_00381
382,1.4492828294939946,0.0773724989591972,0.0,0,68.34733653068542,mumax_dataset_ku_by_block_disorder/run_00382
383,0.5417439789177656,0.1175483416565822,0.0,0,76.55325150489807,mumax_dataset_ku_by_block_disorder/run_00383
384,1.32751619375944,0.1199752102246203,0.0,0,69.83784365653992,mumax_dataset_ku_by_block_disorder/run_00384
385,1.351674985785397,0.0038465646241979,0.0,0,81.37536859512329,mumax_dataset_ku_by_block_disorder/run_00385
386,1.1741469497641843,0.0063307253326885,0.0,0,72.754558801651,mumax_dataset_ku_by_block_disorder/run_00386
387,1.3637400901640846,0.0021150779768099,0.0,0,74.78533005714417,mumax_dataset_ku_by_block_disorder/run_00387
388,0.2645752386183269,0.017716894707018,0.0,0,92.2884624004364,mumax_dataset_ku_by_block_disorder/run_00388
389,0.6751055539968607,0.1196028048852066,0.0,0,72.0955581665039,mumax_dataset_ku_by_block_disorder/run_00389
390,0.6927999079452986,0.02154104304268,0.0,0,70.34970712661743,mumax_dataset_ku_by_block_disorder/run_00390
391,1.1875372243273803,0.1499102405095713,0.0,0,73.06521511077881,mumax_dataset_ku_by_block_disorder/run_00391
392,1.1930367091826526,0.1301981500150389,0.0,0,71.86754035949707,mumax_dataset_ku_by_block_disorder/run_00392
393,0.2350834045986085,0.1036313008699236,0.0,0,70.73990392684937,mumax_dataset_ku_by_block_disorder/run_00393
394,1.1083004932921632,0.1049758179770017,0.0,0,71.74660158157349,mumax_dataset_ku_by_block_disorder/run_00394
395,0.013785982405489,0.1106073523281483,0.0,0,92.56459259986876,mumax_dataset_ku_by_block_disorder/run_00395
396,0.6854475363868545,0.0127489967949321,0.0,0,89.835928440094,mumax_dataset_ku_by_block_disorder/run_00396
397,0.2165606766324849,0.0687313628846441,0.0,0,91.47035050392152,mumax_dataset_ku_by_block_disorder/run_00397
398,1.0955785261996558,0.036827600921389,0.0,0,91.63829040527344,mumax_dataset_ku_by_block_disorder/run_00398
399,0.5940474827655685,0.1462022225950866,0.0,0,93.6114592552185,mumax_dataset_ku_by_block_disorder/run_00399
400,0.5263521093683735,0.0458700741163273,0.0,0,91.00723338127136,mumax_dataset_ku_by_block_disorder/run_00400
401,0.4342043041995715,0.0876007204344865,0.0,0,93.882497549057,mumax_dataset_ku_by_block_disorder/run_00401
402,0.0406526961514999,0.1363102695743878,0.0,0,91.08398103713988,mumax_dataset_ku_by_block_disorder/run_00402
403,1.1173867171970706,0.0381345155512284,0.0,0,88.26694297790527,mumax_dataset_ku_by_block_disorder/run_00403
404,0.4492212005513774,0.1226760986327684,0.0,0,88.87362027168274,mumax_dataset_ku_by_block_disorder/run_00404
405,0.7270623863093296,0.1445288504291133,0.0,0,89.6570873260498,mumax_dataset_ku_by_block_disorder/run_00405
406,0.7251725465450485,0.1180192715721152,0.0,0,92.66743540763856,mumax_dataset_ku_by_block_disorder/run_00406
407,1.4037512468397022,0.0406954490480159,0.0,0,95.67323923110962,mumax_dataset_ku_by_block_disorder/run_00407
408,0.8216423153276067,0.0466884518023258,0.0,0,86.63041257858276,mumax_dataset_ku_by_block_disorder/run_00408
409,1.4080513407323487,0.1391633463833317,0.0,0,88.31950259208679,mumax_dataset_ku_by_block_disorder/run_00409
410,1.0907692718196005,0.0287260224171458,0.0,0,91.6148419380188,mumax_dataset_ku_by_block_disorder/run_00410
411,0.4201612123683095,0.0416256698276254,0.0,0,92.92397713661194,mumax_dataset_ku_by_block_disorder/run_00411
412,0.0266535321510315,0.0481456966859235,0.0,0,93.38533306121826,mumax_dataset_ku_by_block_disorder/run_00412
413,1.0823276151776644,0.0795466865351373,0.0,0,90.38720560073853,mumax_dataset_ku_by_block_disorder/run_00413
414,0.6240463674017289,0.0532974171147799,0.0,0,89.36522912979126,mumax_dataset_ku_by_block_disorder/run_00414
415,1.4624222308713146,0.0416195665377742,0.0,0,91.56710267066956,mumax_dataset_ku_by_block_disorder/run_00415
416,0.0350445850333194,0.0627281450915361,0.0,0,90.64140009880066,mumax_dataset_ku_by_block_disorder/run_00416
417,0.2828607323565538,0.0903882953105697,0.0,0,91.96362233161926,mumax_dataset_ku_by_block_disorder/run_00417
418,1.388109278343101,0.0449703191487982,0.0,0,93.20862460136414,mumax_dataset_ku_by_block_disorder/run_00418
419,1.2643733948429028,0.057100010679478,0.0,0,89.8999354839325,mumax_dataset_ku_by_block_disorder/run_00419
420,0.8290784829140067,0.1486477028410189,0.0,0,95.12290620803832,mumax_dataset_ku_by_block_disorder/run_00420
421,0.2571236945463599,0.1130653759092955,0.0,0,93.7465307712555,mumax_dataset_ku_by_block_disorder/run_00421
422,0.2205587708180828,0.0705934849204965,0.0,0,94.966215133667,mumax_dataset_ku_by_block_disorder/run_00422
423,0.4994938285816484,0.054426668111324,0.0,0,88.9547324180603,mumax_dataset_ku_by_block_disorder/run_00423
424,0.5447644716585786,0.0903627075941168,0.0,0,88.92989468574524,mumax_dataset_ku_by_block_disorder/run_00424
425,0.7158946008880792,0.0681501423986836,0.0,0,90.79481720924376,mumax_dataset_ku_by_block_disorder/run_00425
426,0.2217021952035833,0.0040600508993703,0.0,0,83.26022291183472,mumax_dataset_ku_by_block_disorder/run_00426
427,0.3270306542795356,0.0314807871620633,0.0,0,90.53618144989014,mumax_dataset_ku_by_block_disorder/run_00427
428,0.92432151103457,0.002617452692587,0.0,0,84.4752607345581,mumax_dataset_ku_by_block_disorder/run_00428
429,1.0452466523346644,0.0587366066275634,0.0,0,93.4040253162384,mumax_dataset_ku_by_block_disorder/run_00429
430,0.951473838847363,0.0226616517140746,0.0,0,98.24834442138672,mumax_dataset_ku_by_block_disorder/run_00430
431,0.2595191543152779,0.0687009890210812,0.0,0,89.49232125282288,mumax_dataset_ku_by_block_disorder/run_00431
432,0.6921038339165579,0.0429032318968068,0.0,0,93.24090671539308,mumax_dataset_ku_by_block_disorder/run_00432
433,0.2458414160899525,0.0004675663197895,0.0,0,92.80336165428162,mumax_dataset_ku_by_block_disorder/run_00433
434,0.7269630354987905,0.0119528501763744,0.0,0,85.53642392158508,mumax_dataset_ku_by_block_disorder/run_00434
435,0.008873160623746,0.0629603688726799,0.0,0,88.66681623458862,mumax_dataset_ku_by_block_disorder/run_00435
436,0.4587336424648351,0.026100831851599,0.0,0,93.3576033115387,mumax_dataset_ku_by_block_disorder/run_00436
437,1.2686043386670474,0.0757249540072068,0.0,0,92.89586305618286,mumax_dataset_ku_by_block_disorder/run_00437
438,1.069800045057093,0.0994738794930953,0.0,0,90.59193658828735,mumax_dataset_ku_by_block_disorder/run_00438
439,0.0869914548736452,0.0081422210335256,0.0,0,87.62608432769775,mumax_dataset_ku_by_block_disorder/run_00439
440,1.102316568530859,0.07067710216901,0.0,0,92.98455238342284,mumax_dataset_ku_by_block_disorder/run_00440
441,0.5750786985362754,0.0047261106276086,0.0,0,89.6316990852356,mumax_dataset_ku_by_block_disorder/run_00441
442,0.7247598942712001,0.026015979439204,0.0,0,87.71119928359985,mumax_dataset_ku_by_block_disorder/run_00442
443,1.33017238290236,0.0038729672378217,0.0,0,90.27443337440492,mumax_dataset_ku_by_block_disorder/run_00443
444,0.0170511079129591,0.0699829058428253,0.0,0,92.2378146648407,mumax_dataset_ku_by_block_disorder/run_00444
445,0.4825633637064218,0.1075974465280807,0.0,0,88.38614797592163,mumax_dataset_ku_by_block_disorder/run_00445
446,0.3239805376733004,0.042563127764702,0.0,0,89.59556412696838,mumax_dataset_ku_by_block_disorder/run_00446
447,0.0132547588928303,0.0903114576733538,0.0,0,93.9387617111206,mumax_dataset_ku_by_block_disorder/run_00447
448,1.209041826384154,0.0015326304179424,0.0,0,87.45300269126892,mumax_dataset_ku_by_block_disorder/run_00448
449,0.7307992021385925,0.0030292968158108,0.0,0,89.93247294425964,mumax_dataset_ku_by_block_disorder/run_00449
450,0.7288576719389817,0.1112128662578485,0.0,0,89.17764663696289,mumax_dataset_ku_by_block_disorder/run_00450
451,0.2402508742718556,0.0526001782496385,0.0,0,95.23820686340332,mumax_dataset_ku_by_block_disorder/run_00451
452,0.5367459652507154,0.0379381408137521,0.0,0,87.064768075943,mumax_dataset_ku_by_block_disorder/run_00452
453,0.1948209052669637,0.0679576052443368,0.0,0,91.11974167823792,mumax_dataset_ku_by_block_disorder/run_00453
454,0.5932047715356108,0.013057270008882,0.0,0,90.54843759536745,mumax_dataset_ku_by_block_disorder/run_00454
455,0.6016415482156217,0.0057313260458725,0.0,0,88.17518901824951,mumax_dataset_ku_by_block_disorder/run_00455
456,0.4493310205771151,0.1123947671108341,0.0,0,91.92558312416077,mumax_dataset_ku_by_block_disorder/run_00456
457,0.8707466333913045,0.0248857989546251,0.0,0,95.90851187705994,mumax_dataset_ku_by_block_disorder/run_00457
458,1.430542719234483,0.0002360238675046,0.0,0,92.63229155540466,mumax_dataset_ku_by_block_disorder/run_00458
459,1.4873076679847956,0.0675376718664603,0.0,0,90.14753127098083,mumax_dataset_ku_by_block_disorder/run_00459
460,1.497067960139399,0.1237134832077345,0.0,0,91.6439757347107,mumax_dataset_ku_by_block_disorder/run_00460
461,1.2712163491885131,0.0701772940228765,0.0,0,89.67057704925537,mumax_dataset_ku_by_block_disorder/run_00461
462,0.727475279531073,0.0061838001433077,0.0,0,92.19399070739746,mumax_dataset_ku_by_block_disorder/run_00462
463,1.3803593054091583,0.0178777279163937,0.0,0,90.05867552757263,mumax_dataset_ku_by_block_disorder/run_00463
464,0.0336548912725079,0.1129146214835325,0.0,0,90.69928741455078,mumax_dataset_ku_by_block_disorder/run_00464
465,0.0279074840360876,0.0544116483213353,0.0,0,90.66037631034852,mumax_dataset_ku_by_block_disorder/run_00465
466,1.4311871473480058,0.0351551136704902,0.0,0,89.04177570343018,mumax_dataset_ku_by_block_disorder/run_00466
467,1.3149654565278923,0.129512921936711,0.0,0,96.92642331123352,mumax_dataset_ku_by_block_disorder/run_00467
468,1.2765815873259598,0.0878290166967549,0.0,0,90.15305233001708,mumax_dataset_ku_by_block_disorder/run_00468
469,1.11414761134736,0.0670787983825652,0.0,0,87.11621427536011,mumax_dataset_ku_by_block_disorder/run_00469
470,1.009508386633296,0.1469685541333162,0.0,0,94.81193518638612,mumax_dataset_ku_by_block_disorder/run_00470
471,0.9202905353954892,0.1286465965023255,0.0,0,93.8636257648468,mumax_dataset_ku_by_block_disorder/run_00471
472,0.0712549598970425,0.0979896084233616,0.0,0,92.68800830841064,mumax_dataset_ku_by_block_disorder/run_00472
473,0.846786976267447,0.0625869043369681,0.0,0,87.9691834449768,mumax_dataset_ku_by_block_disorder/run_00473
474,1.023884000175845,0.1283576409498983,0.0,0,94.95433449745178,mumax_dataset_ku_by_block_disorder/run_00474
475,0.4143899452986801,0.0872062858721149,0.0,0,89.71704411506653,mumax_dataset_ku_by_block_disorder/run_00475
476,1.1569124083258648,0.0341737128002444,0.0,0,92.23496913909912,mumax_dataset_ku_by_block_disorder/run_00476
477,1.349965458525613,0.0474614526206972,0.0,0,94.27385210990906,mumax_dataset_ku_by_block_disorder/run_00477
478,1.4318089354904475,0.1496172785191365,0.0,0,95.19726920127869,mumax_dataset_ku_by_block_disorder/run_00478
479,0.3444215458436284,0.1083673946192694,0.0,0,93.17644119262695,mumax_dataset_ku_by_block_disorder/run_00479
480,0.2353667337916459,0.096642153449219,0.0,0,91.94866943359376,mumax_dataset_ku_by_block_disorder/run_00480
481,0.0732469221934787,0.0643174395578281,0.0,0,96.34920501708984,mumax_dataset_ku_by_block_disorder/run_00481
482,0.3516381383153619,0.0509206262268579,0.0,0,92.6467878818512,mumax_dataset_ku_by_block_disorder/run_00482
483,0.1860967684725796,0.1351466674109085,0.0,0,93.64043045043944,mumax_dataset_ku_by_block_disorder/run_00483
484,0.9703231910751144,0.0510562881004656,0.0,0,89.79617166519165,mumax_dataset_ku_by_block_disorder/run_00484
485,0.6828536332710083,0.1021873330032318,0.0,0,89.33831906318665,mumax_dataset_ku_by_block_disorder/run_00485
486,0.9884900775128924,0.1111812796888694,0.0,0,95.5642592906952,mumax_dataset_ku_by_block_disorder/run_00486
487,1.033126452702565,0.0316735304249065,0.0,0,89.90201568603516,mumax_dataset_ku_by_block_disorder/run_00487
488,0.6926722140338035,0.0952036311015349,0.0,0,92.9312162399292,mumax_dataset_ku_by_block_disorder/run_00488
489,1.4653511145229456,0.1420752778538596,0.0,0,92.27759766578674,mumax_dataset_ku_by_block_disorder/run_00489
490,0.6583447415998673,0.1021662892439894,0.0,0,96.87185263633728,mumax_dataset_ku_by_block_disorder/run_00490
491,1.3203908203587325,0.0981615341684304,0.0,0,93.47434163093568,mumax_dataset_ku_by_block_disorder/run_00491
492,1.0331001034229073,0.0288718932471633,0.0,0,86.85662698745728,mumax_dataset_ku_by_block_disorder/run_00492
493,0.8055772933404453,0.0739666804827816,0.0,0,93.3343653678894,mumax_dataset_ku_by_block_disorder/run_00493
494,1.270999342577274,0.1103997563929574,0.0,0,94.4922490119934,mumax_dataset_ku_by_block_disorder/run_00494
495,0.2137426643627641,0.0934129446281336,0.0,0,91.38573789596558,mumax_dataset_ku_by_block_disorder/run_00495
496,0.7066236768458664,0.0885677078006236,0.0,0,90.3700897693634,mumax_dataset_ku_by_block_disorder/run_00496
497,0.7140772885757742,0.1486126205759452,0.0,0,88.46527051925659,mumax_dataset_ku_by_block_disorder/run_00497
498,0.9893236160402372,0.0465394923225347,0.0,0,90.1812105178833,mumax_dataset_ku_by_block_disorder/run_00498
499,0.2717782561531708,0.1463808704858918,0.0,0,92.190678358078,mumax_dataset_ku_by_block_disorder/run_00499
500,0.78296766160931,0.1043425515970631,0.0,0,91.72544884681702,mumax_dataset_ku_by_block_disorder/run_00500
501,1.2599181358169056,0.1184950066371144,0.0,0,91.70407915115356,mumax_dataset_ku_by_block_disorder/run_00501
502,0.3358548056887847,0.0813691550024008,0.0,0,89.61913871765137,mumax_dataset_ku_by_block_disorder/run_00502
503,0.2647083537914282,0.04103232750006,0.0,0,92.02063083648682,mumax_dataset_ku_by_block_disorder/run_00503
504,0.3373814245382689,0.1475641740823227,0.0,0,96.28433203697205,mumax_dataset_ku_by_block_disorder/run_00504
505,1.403462439109451,0.0931907945170016,0.0,0,91.03652095794678,mumax_dataset_ku_by_block_disorder/run_00505
506,0.7571572530318915,0.015366064361939,0.0,0,85.0523087978363,mumax_dataset_ku_by_block_disorder/run_00506
507,0.7135840832433117,0.1102096011305083,0.0,0,89.36962151527405,mumax_dataset_ku_by_block_disorder/run_00507
508,0.4487615556898329,0.083100385742198,0.0,0,90.9376208782196,mumax_dataset_ku_by_block_disorder/run_00508
509,0.8194043695483344,0.0578273159236502,0.0,0,84.52129316329956,mumax_dataset_ku_by_block_disorder/run_00509
510,1.0745457678522097,0.0732641993894804,0.0,0,91.7445511817932,mumax_dataset_ku_by_block_disorder/run_00510
511,1.4185207643638944,0.0440715446764899,0.0,0,86.73257064819336,mumax_dataset_ku_by_block_disorder/run_00511
512,1.1153384271341271,0.0236852652193061,0.0,0,86.33950901031494,mumax_dataset_ku_by_block_disorder/run_00512
513,0.2522965399635019,0.105708132500792,0.0,0,92.24924683570862,mumax_dataset_ku_by_block_disorder/run_00513
514,0.8836192699353587,0.0652776982173154,0.0,0,92.07466912269592,mumax_dataset_ku_by_block_disorder/run_00514
515,0.7806921934538529,0.0039652181319413,0.0,0,94.29606342315674,mumax_dataset_ku_by_block_disorder/run_00515
516,0.5423757770569319,0.0463862224173026,0.0,0,91.174063205719,mumax_dataset_ku_by_block_disorder/run_00516
517,0.6153684501961572,0.0145421472990285,0.0,0,84.02348279953003,mumax_dataset_ku_by_block_disorder/run_00517
518,0.5541307254356831,0.0725685786178331,0.0,0,91.293692111969,mumax_dataset_ku_by_block_disorder/run_00518
519,1.0608080567362388,0.1128552857302143,0.0,0,92.53104496002196,mumax_dataset_ku_by_block_disorder/run_00519
520,0.8587450089615204,0.0170001900285025,0.0,0,87.8937439918518,mumax_dataset_ku_by_block_disorder/run_00520
521,1.3972150249682491,0.0058016450234936,0.0,0,87.23299407958984,mumax_dataset_ku_by_block_disorder/run_00521
522,0.4279581401784335,0.0700201957589368,0.0,0,93.61010575294496,mumax_dataset_ku_by_block_disorder/run_00522
523,0.8132605822003729,0.0010563024821112,0.0,0,92.5059461593628,mumax_dataset_ku_by_block_disorder/run_00523
524,1.387354630501645,0.137656752092627,0.0,0,96.30408310890198,mumax_dataset_ku_by_block_disorder/run_00524
525,0.0889123969471302,0.0550889969478794,0.0,0,87.65179634094238,mumax_dataset_ku_by_block_disorder/run_00525
526,1.1939436622849624,0.0432750346187267,0.0,0,89.87193822860718,mumax_dataset_ku_by_block_disorder/run_00526
527,0.7341528498313774,0.0952271966786058,0.0,0,89.93667316436768,mumax_dataset_ku_by_block_disorder/run_00527
528,0.2512540215177887,0.1377524904549061,0.0,0,88.73081707954407,mumax_dataset_ku_by_block_disorder/run_00528
529,0.6833745274559375,0.0818984163040681,0.0,0,89.8472912311554,mumax_dataset_ku_by_block_disorder/run_00529
530,0.022895901345515,0.0445282426208563,0.0,0,92.76596307754517,mumax_dataset_ku_by_block_disorder/run_00530
531,1.4766132827855631,0.0889218846508398,0.0,0,92.38456273078918,mumax_dataset_ku_by_block_disorder/run_00531
532,1.2826434538166889,0.0211266294853797,0.0,0,87.85533022880554,mumax_dataset_ku_by_block_disorder/run_00532
533,0.2678230034301747,0.0479210835729358,0.0,0,94.34460592269896,mumax_dataset_ku_by_block_disorder/run_00533
534,1.0514616504339067,0.1004799451235223,0.0,0,95.71008729934692,mumax_dataset_ku_by_block_disorder/run_00534
535,0.8592239609719984,0.1108445714513393,0.0,0,87.86572003364563,mumax_dataset_ku_by_block_disorder/run_00535
536,1.4315553721991214,0.077167738792518,0.0,0,92.13127660751344,mumax_dataset_ku_by_block_disorder/run_00536
537,1.1786928147296707,0.1052392569879218,0.0,0,90.5547330379486,mumax_dataset_ku_by_block_disorder/run_00537
538,1.2960878201300483,0.1192305462326892,0.0,0,91.21228528022766,mumax_dataset_ku_by_block_disorder/run_00538
539,0.4771163284183586,0.1253934206067083,0.0,0,90.1177098751068,mumax_dataset_ku_by_block_disorder/run_00539
540,1.3264351388747009,0.1213458983213002,0.0,0,94.51635885238647,mumax_dataset_ku_by_block_disorder/run_00540
541,1.4048566181376214,0.1328357697780096,0.0,0,99.75899958610536,mumax_dataset_ku_by_block_disorder/run_00541
542,0.5978914744298786,0.0768317105733147,0.0,0,89.09827828407288,mumax_dataset_ku_by_block_disorder/run_00542
543,0.642227302741459,0.1265627967468767,0.0,0,89.88954305648804,mumax_dataset_ku_by_block_disorder/run_00543
544,1.495184966464423,0.0092107833309822,0.0,0,91.82430005073547,mumax_dataset_ku_by_block_disorder/run_00544
545,1.2776576161394044,0.1351015991694264,0.0,0,94.60347104072572,mumax_dataset_ku_by_block_disorder/run_00545
546,1.1967663020410582,0.0665698764939407,0.0,0,88.05644059181213,mumax_dataset_ku_by_block_disorder/run_00546
547,0.9060675093127224,0.1008076585272923,0.0,0,92.6719048023224,mumax_dataset_ku_by_block_disorder/run_00547
548,0.8645727068672829,0.0401005232979036,0.0,0,93.18522310256958,mumax_dataset_ku_by_block_disorder/run_00548
549,1.3418515522402632,0.124797450850906,0.0,0,91.67511558532716,mumax_dataset_ku_by_block_disorder/run_00549
550,0.6123426580743642,0.0315652327579085,0.0,0,88.60435700416565,mumax_dataset_ku_by_block_disorder/run_00550
551,1.2643185463160724,0.041614872139482,0.0,0,92.93226051330566,mumax_dataset_ku_by_block_disorder/run_00551
552,0.8579774684063421,0.1051438271677755,0.0,0,87.76276350021362,mumax_dataset_ku_by_block_disorder/run_00552
553,0.2509258926412347,0.0391687607794223,0.0,0,89.95275807380676,mumax_dataset_ku_by_block_disorder/run_00553
554,0.8897322493132426,0.0573925482781316,0.0,0,91.78735542297365,mumax_dataset_ku_by_block_disorder/run_00554
555,1.3038691557207676,0.1063237007110058,0.0,0,93.753910779953,mumax_dataset_ku_by_block_disorder/run_00555
556,1.0175330514261798,0.0858164241962383,0.0,0,91.60078716278076,mumax_dataset_ku_by_block_disorder/run_00556
557,0.5051286019983111,0.0378495500727343,0.0,0,91.08345603942873,mumax_dataset_ku_by_block_disorder/run_00557
558,0.78776024127474,0.096146674257219,0.0,0,87.85557174682617,mumax_dataset_ku_by_block_disorder/run_00558
559,1.0292960972333172,0.1406609521176937,0.0,0,91.95965313911438,mumax_dataset_ku_by_block_disorder/run_00559
560,0.2735423041054092,0.1262656515934204,0.0,0,87.37052369117737,mumax_dataset_ku_by_block_disorder/run_00560
561,0.884764049184337,0.1005040472099585,0.0,0,89.50563263893127,mumax_dataset_ku_by_block_disorder/run_00561
562,0.3010865657335144,0.1337692781870897,0.0,0,92.6721215248108,mumax_dataset_ku_by_block_disorder/run_00562
563,0.2370670864077771,0.0311173900757594,0.0,0,92.53695917129517,mumax_dataset_ku_by_block_disorder/run_00563
564,1.0038273602647212,0.1048474621184071,0.0,0,88.34750509262085,mumax_dataset_ku_by_block_disorder/run_00564
565,0.9504797124639146,0.0398146307201406,0.0,0,91.5305473804474,mumax_dataset_ku_by_block_disorder/run_00565
566,0.8044798554001202,0.0354412894987891,0.0,0,90.67146968841551,mumax_dataset_ku_by_block_disorder/run_00566
567,0.1891959328267664,0.0678809559240146,0.0,0,96.85483932495116,mumax_dataset_ku_by_block_disorder/run_00567
568,1.0962063185217332,0.0511534992371587,0.0,0,90.29329252243042,mumax_dataset_ku_by_block_disorder/run_00568
569,1.2209570274284072,0.112434888114301,0.0,0,90.61186408996582,mumax_dataset_ku_by_block_disorder/run_00569
570,1.3260112961531865,0.0020619729466993,0.0,0,90.89811825752258,mumax_dataset_ku_by_block_disorder/run_00570
571,1.018487671641063,0.0638298729125929,0.0,0,87.30424046516418,mumax_dataset_ku_by_block_disorder/run_00571
572,0.2405975820653758,0.0027441943998078,0.0,0,87.49359202384949,mumax_dataset_ku_by_block_disorder/run_00572
573,0.1130204213631369,0.1419680850091574,0.0,0,91.10430860519408,mumax_dataset_ku_by_block_disorder/run_00573
574,1.473130441312965,0.0473985988072301,0.0,0,92.3041307926178,mumax_dataset_ku_by_block_disorder/run_00574
575,0.2264025060590376,0.1400047801679366,0.0,0,89.38636040687561,mumax_dataset_ku_by_block_disorder/run_00575
576,0.69553045682667,0.0302124638784743,0.0,0,91.31600737571716,mumax_dataset_ku_by_block_disorder/run_00576
577,0.750436589879345,0.0635454760891987,0.0,0,92.8424711227417,mumax_dataset_ku_by_block_disorder/run_00577
578,0.2786954822975976,0.1057819887100781,0.0,0,93.5331757068634,mumax_dataset_ku_by_block_disorder/run_00578
579,0.2740718899941349,0.0695313429311011,0.0,0,89.03403329849243,mumax_dataset_ku_by_block_disorder/run_00579
580,0.6675149060306507,0.0051452280513285,0.0,0,90.50739550590517,mumax_dataset_ku_by_block_disorder/run_00580
581,0.9302474990466316,0.0864378737389794,0.0,0,92.08431911468506,mumax_dataset_ku_by_block_disorder/run_00581
582,1.0221245421024243,0.130777384354105,0.0,0,95.60547757148744,mumax_dataset_ku_by_block_disorder/run_00582
583,1.354850803060344,0.1493497698199373,0.0,0,95.26991963386536,mumax_dataset_ku_by_block_disorder/run_00583
584,0.7679024163249577,0.0020135498007562,0.0,0,90.30096507072447,mumax_dataset_ku_by_block_disorder/run_00584
585,0.0611769887873382,0.1471889545976447,0.0,0,95.4968557357788,mumax_dataset_ku_by_block_disorder/run_00585
586,0.8082572573495336,0.1466776906550444,0.0,0,97.60823607444765,mumax_dataset_ku_by_block_disorder/run_00586
587,1.3895530154013458,0.0583509791188611,0.0,0,88.1378984451294,mumax_dataset_ku_by_block_disorder/run_00587
588,0.1065106044581318,0.0187133929085634,0.0,0,91.30663919448853,mumax_dataset_ku_by_block_disorder/run_00588
589,0.6420573858059623,0.0499656638368371,0.0,0,94.74299478530884,mumax_dataset_ku_by_block_disorder/run_00589
590,0.313504069603861,0.0755807978201573,0.0,0,91.01123452186584,mumax_dataset_ku_by_block_disorder/run_00590
591,0.5737570851260972,0.0316445338888731,0.0,0,90.2215974330902,mumax_dataset_ku_by_block_disorder/run_00591
592,0.7416795638422337,0.0173969416611113,0.0,0,91.25664234161376,mumax_dataset_ku_by_block_disorder/run_00592
593,0.9647319931292068,0.1134853105649765,0.0,0,91.01189041137695,mumax_dataset_ku_by_block_disorder/run_00593
594,0.1976171111560786,0.1140093824932503,0.0,0,96.22182011604308,mumax_dataset_ku_by_block_disorder/run_00594
595,0.0106263228719671,0.0568117407561822,0.0,0,91.20104885101318,mumax_dataset_ku_by_block_disorder/run_00595
596,0.4178719081510947,0.0091452984595689,0.0,0,92.26931381225586,mumax_dataset_ku_by_block_disorder/run_00596
597,1.1587526568754345,0.1108253663893681,0.0,0,92.28378105163574,mumax_dataset_ku_by_block_disorder/run_00597
598,1.12865920749527,0.0444808970753792,0.0,0,95.3375232219696,mumax_dataset_ku_by_block_disorder/run_00598
599,1.3827158800982684,0.0832635233436667,0.0,0,90.41157579421996,mumax_dataset_ku_by_block_disorder/run_00599
600,1.3031268086308716,0.0301840807329169,0.0,0,89.74810457229614,mumax_dataset_ku_by_block_disorder/run_00600
601,1.334551350088769,0.1361307131965197,0.0,0,94.08309864997864,mumax_dataset_ku_by_block_disorder/run_00601
602,0.5314853243406726,0.1428288672835503,0.0,0,96.24936842918396,mumax_dataset_ku_by_block_disorder/run_00602
603,0.5266567304959083,0.1348513279574121,0.0,0,98.07879209518433,mumax_dataset_ku_by_block_disorder/run_00603
604,0.0204972973258224,0.0830644610867832,0.0,0,91.86040115356444,mumax_dataset_ku_by_block_disorder/run_00604
605,0.9175212528256088,0.0385311736688972,0.0,0,92.28147220611572,mumax_dataset_ku_by_block_disorder/run_00605
606,0.8349529076909776,0.1433674346727431,0.0,0,97.53190660476685,mumax_dataset_ku_by_block_disorder/run_00606
607,0.9293558952607232,0.0669608069191939,0.0,0,85.42117953300476,mumax_dataset_ku_by_block_disorder/run_00607
608,0.6670152634680336,0.1149154326908798,0.0,0,91.47079205513,mumax_dataset_ku_by_block_disorder/run_00608
609,0.0755758988494833,0.0635067062970337,0.0,0,92.66456365585329,mumax_dataset_ku_by_block_disorder/run_00609
610,0.3800229007455417,0.1076490266705684,0.0,0,90.80756187438963,mumax_dataset_ku_by_block_disorder/run_00610
611,1.3661049057378467,0.0865550824623663,0.0,0,92.07262110710144,mumax_dataset_ku_by_block_disorder/run_00611
612,1.042738786111498,0.0964836821197392,0.0,0,68.89838361740112,mumax_dataset_ku_by_block_disorder/run_00612
613,0.5909584527852292,0.0555537047947821,0.0,0,68.31844162940979,mumax_dataset_ku_by_block_disorder/run_00613
614,0.9520422092115078,0.0388192334419139,0.0,0,66.55013012886047,mumax_dataset_ku_by_block_disorder/run_00614
615,0.1280136400937828,0.032230055826475,0.0,0,82.15329456329346,mumax_dataset_ku_by_block_disorder/run_00615
616,1.2480212206011754,0.0570490776923984,0.0,0,72.49129176139832,mumax_dataset_ku_by_block_disorder/run_00616
617,1.3828231523702763,0.007078487222073,0.0,0,79.716064453125,mumax_dataset_ku_by_block_disorder/run_00617
618,0.4853684643698492,0.0296141761184696,0.0,0,69.32417750358582,mumax_dataset_ku_by_block_disorder/run_00618
619,0.44994401697761,0.1019060898259147,0.0,0,76.1362292766571,mumax_dataset_ku_by_block_disorder/run_00619
620,1.2299639991032243,0.0611688925093945,0.0,0,70.29711127281189,mumax_dataset_ku_by_block_disorder/run_00620
621,0.2631178706098093,0.0440867990273264,0.0,0,75.46480345726013,mumax_dataset_ku_by_block_disorder/run_00621
622,1.0248641532225569,0.0790321304102994,0.0,0,66.496248960495,mumax_dataset_ku_by_block_disorder/run_00622
623,1.2774864545303453,0.10566927506629,0.0,0,69.36551761627197,mumax_dataset_ku_by_block_disorder/run_00623
624,0.2618086190998346,0.1308521939950793,0.0,0,71.19445896148682,mumax_dataset_ku_by_block_disorder/run_00624
625,0.7503958187635426,0.0834674768759559,0.0,0,71.18675136566162,mumax_dataset_ku_by_block_disorder/run_00625
626,0.1291921116129019,0.0391122097941075,0.0,0,67.50951361656189,mumax_dataset_ku_by_block_disorder/run_00626
627,0.8994353202932854,0.01284575676892,0.0,0,70.96534132957458,mumax_dataset_ku_by_block_disorder/run_00627
628,0.1974802869308393,0.0187459665623867,0.0,0,77.77949380874634,mumax_dataset_ku_by_block_disorder/run_00628
629,0.7667779353004969,0.1097701776220631,0.0,0,71.12951064109802,mumax_dataset_ku_by_block_disorder/run_00629
630,0.8597578801503568,0.0279603069857277,0.0,0,70.70042753219604,mumax_dataset_ku_by_block_disorder/run_00630
631,0.7359577223591972,0.0763680517632897,0.0,0,75.86511063575745,mumax_dataset_ku_by_block_disorder/run_00631
632,1.0901162428565774,0.0132765103200876,0.0,0,67.9848849773407,mumax_dataset_ku_by_block_disorder/run_00632
633,0.859811671923845,0.0122016817688545,0.0,0,83.65809679031372,mumax_dataset_ku_by_block_disorder/run_00633
634,1.1811514410701025,0.025837826010363,0.0,0,67.90434432029724,mumax_dataset_ku_by_block_disorder/run_00634
635,0.0552759805226133,0.1148413145417013,0.0,0,82.81560945510864,mumax_dataset_ku_by_block_disorder/run_00635
636,0.0602966228816272,0.0783948850974401,0.0,0,80.32727074623108,mumax_dataset_ku_by_block_disorder/run_00636
637,0.3756957301037588,0.0539262513639082,0.0,0,72.19583821296692,mumax_dataset_ku_by_block_disorder/run_00637
638,0.0042018953473179,0.146088239663427,0.0,0,69.67974877357483,mumax_dataset_ku_by_block_disorder/run_00638
639,0.0769342253285088,0.0525939906870226,0.0,0,67.05780291557312,mumax_dataset_ku_by_block_disorder/run_00639
640,1.0107035560085444,0.074349764345317,0.0,0,72.55209255218506,mumax_dataset_ku_by_block_disorder/run_00640
641,0.0619392494137815,0.052948311156125,0.0,0,73.57132244110107,mumax_dataset_ku_by_block_disorder/run_00641
642,0.4420854724552822,0.1487136161593847,0.0,0,71.4957926273346,mumax_dataset_ku_by_block_disorder/run_00642
643,0.0679687990929871,0.0538380849020992,0.0,0,76.12885093688965,mumax_dataset_ku_by_block_disorder/run_00643
644,0.6975253602981454,0.0847127206165789,0.0,0,73.23541855812073,mumax_dataset_ku_by_block_disorder/run_00644
645,1.436355826179651,0.125933161721706,0.0,0,70.68176126480103,mumax_dataset_ku_by_block_disorder/run_00645
646,0.7137179894472019,0.0833776300101247,0.0,0,71.71419334411621,mumax_dataset_ku_by_block_disorder/run_00646
647,1.0014283634899896,0.0606768640724079,0.0,0,69.00654435157776,mumax_dataset_ku_by_block_disorder/run_00647
648,0.1763125418486437,0.0719455689635258,0.0,0,69.65338921546936,mumax_dataset_ku_by_block_disorder/run_00648
649,1.4392301400686816,0.1051697070831981,0.0,0,73.68100690841675,mumax_dataset_ku_by_block_disorder/run_00649
650,1.1816879481734237,0.0256693733914875,0.0,0,73.46292471885681,mumax_dataset_ku_by_block_disorder/run_00650
651,1.421564266978266,0.0885432061097904,0.0,0,67.4240186214447,mumax_dataset_ku_by_block_disorder/run_00651
652,1.347813538128101,0.1281810329761024,0.0,0,72.33130884170532,mumax_dataset_ku_by_block_disorder/run_00652
653,0.2109517404696032,0.0867812334551884,0.0,0,69.37377429008484,mumax_dataset_ku_by_block_disorder/run_00653
654,1.4898537403023495,0.1330754233738521,0.0,0,69.227205991745,mumax_dataset_ku_by_block_disorder/run_00654
655,1.0895346080233956,0.0194177753473718,0.0,0,73.46077942848206,mumax_dataset_ku_by_block_disorder/run_00655
656,0.2805028233613413,0.0431030187776847,0.0,0,69.57758688926697,mumax_dataset_ku_by_block_disorder/run_00656
657,1.0223480790554382,0.0513557078308305,0.0,0,82.80053949356079,mumax_dataset_ku_by_block_disorder/run_00657
658,0.2718574747747327,0.1245030958936415,0.0,0,73.7622127532959,mumax_dataset_ku_by_block_disorder/run_00658
659,1.3489627857828266,0.0449416141991471,0.0,0,72.66352677345276,mumax_dataset_ku_by_block_disorder/run_00659
660,0.8844535809242593,0.0018907886100676,0.0,0,83.51401138305664,mumax_dataset_ku_by_block_disorder/run_00660
661,1.4437883021595177,0.0468987292471564,0.0,0,69.63479375839233,mumax_dataset_ku_by_block_disorder/run_00661
662,0.2940384576581752,0.0742548498878685,0.0,0,70.31516408920288,mumax_dataset_ku_by_block_disorder/run_00662
663,0.4622287392761579,0.0830509346566579,0.0,0,74.8669753074646,mumax_dataset_ku_by_block_disorder/run_00663
664,1.3671346723371312,0.0400180156184733,0.0,0,89.55169248580933,mumax_dataset_ku_by_block_disorder/run_00664
665,0.8213092706196661,0.0678895535035132,0.0,0,68.20954918861389,mumax_dataset_ku_by_block_disorder/run_00665
666,0.5859569592047025,0.0079622507602071,0.0,0,76.36940312385559,mumax_dataset_ku_by_block_disorder/run_00666
667,0.4854632067656334,0.0681830894033641,0.0,0,69.01738810539246,mumax_dataset_ku_by_block_disorder/run_00667
668,0.3860296779919657,0.1144658970735537,0.0,0,68.38644766807556,mumax_dataset_ku_by_block_disorder/run_00668
669,0.293796733976644,0.0748308771784233,0.0,0,68.70546269416809,mumax_dataset_ku_by_block_disorder/run_00669
670,0.9076668266247434,0.0378987587021552,0.0,0,70.40301561355591,mumax_dataset_ku_by_block_disorder/run_00670
671,0.3702976406411144,0.1102496465731541,0.0,0,72.50164675712585,mumax_dataset_ku_by_block_disorder/run_00671
672,0.3515549534453288,0.0274330043142872,0.0,0,72.23573732376099,mumax_dataset_ku_by_block_disorder/run_00672
673,0.1439853028400242,0.12559024020754,0.0,0,76.46466517448425,mumax_dataset_ku_by_block_disorder/run_00673
674,1.1651769493099708,0.1443908340709735,0.0,0,72.46337270736694,mumax_dataset_ku_by_block_disorder/run_00674
675,0.6105235100709278,0.0296342372223258,0.0,0,72.52402234077454,mumax_dataset_ku_by_block_disorder/run_00675
676,1.0331714829933485,0.097977051824175,0.0,0,66.98338079452515,mumax_dataset_ku_by_block_disorder/run_00676
677,0.0769986319853619,0.0926388327040136,0.0,0,75.45201015472412,mumax_dataset_ku_by_block_disorder/run_00677
678,1.125921544869778,0.1384595650907528,0.0,0,69.9885036945343,mumax_dataset_ku_by_block_disorder/run_00678
679,0.3627881072483996,0.0025309613994055,0.0,0,69.82736229896545,mumax_dataset_ku_by_block_disorder/run_00679
680,1.173776666390833,0.0753059816095134,0.0,0,70.21139073371887,mumax_dataset_ku_by_block_disorder/run_00680
681,1.0523359802186654,0.0510421846787572,0.0,0,69.48586201667786,mumax_dataset_ku_by_block_disorder/run_00681
682,1.089276831500362,0.1062871080684076,0.0,0,69.72312641143799,mumax_dataset_ku_by_block_disorder/run_00682
683,1.1510733832268134,0.0294042359254014,0.0,0,125.92576026916504,mumax_dataset_ku_by_block_disorder/run_00683
684,1.4698944929011548,0.0225912876489849,0.0,0,69.08843779563904,mumax_dataset_ku_by_block_disorder/run_00684
685,0.2102515011315265,0.0366872190056022,0.0,0,71.29834198951721,mumax_dataset_ku_by_block_disorder/run_00685
686,0.5736916221310482,0.0843767824074896,0.0,0,69.68482160568237,mumax_dataset_ku_by_block_disorder/run_00686
687,0.2343307825765654,0.0279738447479085,0.0,0,83.9810402393341,mumax_dataset_ku_by_block_disorder/run_00687
688,0.8483640759770681,0.0485229895838891,0.0,0,73.73207259178162,mumax_dataset_ku_by_block_disorder/run_00688
689,0.0053909360149217,0.1028209101676631,0.0,0,90.31660151481628,mumax_dataset_ku_by_block_disorder/run_00689
690,0.5424705455035707,0.053646132055213,0.0,0,69.70872044563293,mumax_dataset_ku_by_block_disorder/run_00690
691,0.4706775659876904,0.10237863995641,0.0,0,83.80377507209778,mumax_dataset_ku_by_block_disorder/run_00691
692,0.3432298876949136,0.1239079444556363,0.0,0,70.56277322769165,mumax_dataset_ku_by_block_disorder/run_00692
693,0.9077981201939116,0.1352989641510291,0.0,0,72.51492929458618,mumax_dataset_ku_by_block_disorder/run_00693
694,1.114235718286361,0.0009156039220169,0.0,0,70.49236249923706,mumax_dataset_ku_by_block_disorder/run_00694
695,1.4332762436745174,0.0197326358802955,0.0,0,70.42802000045776,mumax_dataset_ku_by_block_disorder/run_00695
696,0.3020584426274753,0.1463767235587404,0.0,0,76.71873784065247,mumax_dataset_ku_by_block_disorder/run_00696
697,0.0371543934447552,0.0917623125864074,0.0,0,69.95917749404907,mumax_dataset_ku_by_block_disorder/run_00697
698,1.4567091430460846,0.040402719446145,0.0,0,70.24893426895142,mumax_dataset_ku_by_block_disorder/run_00698
699,0.1543578952713831,0.1306896344367531,0.0,0,73.8541808128357,mumax_dataset_ku_by_block_disorder/run_00699
700,0.3977901057376477,0.0356090024683705,0.0,0,75.98884797096252,mumax_dataset_ku_by_block_disorder/run_00700
701,0.9489096522980512,0.1149694006526427,0.0,0,69.38388633728027,mumax_dataset_ku_by_block_disorder/run_00701
702,0.4297531716499699,0.0583377769364147,0.0,0,70.42857909202576,mumax_dataset_ku_by_block_disorder/run_00702
703,1.4244168919538889,0.0443641467861496,0.0,0,89.350661277771,mumax_dataset_ku_by_block_disorder/run_00703
704,0.492781185494778,0.001369007018809,0.0,0,112.20084357261658,mumax_dataset_ku_by_block_disorder/run_00704
705,0.1739034769209401,0.0403327495144077,0.0,0,68.68441390991211,mumax_dataset_ku_by_block_disorder/run_00705
706,0.8479967854675092,0.115819874013966,0.0,0,71.8792142868042,mumax_dataset_ku_by_block_disorder/run_00706
707,1.0531614539038132,0.0109736524244047,0.0,0,78.21853613853455,mumax_dataset_ku_by_block_disorder/run_00707
708,1.447553967623853,0.1309956061425328,0.0,0,70.0212550163269,mumax_dataset_ku_by_block_disorder/run_00708
709,0.1181189789335936,0.0122041225186964,0.0,0,196.78924679756165,mumax_dataset_ku_by_block_disorder/run_00709
710,1.202909309942984,0.1073415964367526,0.0,0,66.37665677070618,mumax_dataset_ku_by_block_disorder/run_00710
711,0.6762063643880115,0.136903799691828,0.0,0,72.2456214427948,mumax_dataset_ku_by_block_disorder/run_00711
712,0.5265436704758116,0.0619774161156648,0.0,0,77.46713495254517,mumax_dataset_ku_by_block_disorder/run_00712
713,1.4733588977097136,0.0157169662930102,0.0,0,68.44055914878845,mumax_dataset_ku_by_block_disorder/run_00713
714,0.8019259745190181,0.1158249070861799,0.0,0,73.84241604804993,mumax_dataset_ku_by_block_disorder/run_00714
715,1.3343727754294816,0.109464859866262,0.0,0,68.59055042266846,mumax_dataset_ku_by_block_disorder/run_00715
716,1.1699984856805574,0.0410814848562084,0.0,0,73.56589698791504,mumax_dataset_ku_by_block_disorder/run_00716
717,0.4838275338452571,0.1402368853770203,0.0,0,65.7389268875122,mumax_dataset_ku_by_block_disorder/run_00717
718,0.6260902145710994,0.1149835671156335,0.0,0,70.58226919174194,mumax_dataset_ku_by_block_disorder/run_00718
719,0.908523484835164,0.1487367654033764,0.0,0,71.63348889350891,mumax_dataset_ku_by_block_disorder/run_00719
720,0.6298860831271731,0.0056353444067399,0.0,0,80.75396156311035,mumax_dataset_ku_by_block_disorder/run_00720
721,1.2110823654185228,0.0582504357681074,0.0,0,68.99481678009033,mumax_dataset_ku_by_block_disorder/run_00721
722,0.745152181355139,0.1392810314097539,0.0,0,68.69404649734497,mumax_dataset_ku_by_block_disorder/run_00722
723,1.2514757383440311,0.0466330489716751,0.0,0,68.43175458908081,mumax_dataset_ku_by_block_disorder/run_00723
724,1.1454150809457762,0.0930735956515722,0.0,0,68.27438426017761,mumax_dataset_ku_by_block_disorder/run_00724
725,0.2484773586778857,0.0156353989702381,0.0,0,72.95464968681335,mumax_dataset_ku_by_block_disorder/run_00725
726,0.1749349536230217,0.1135353029155275,0.0,0,71.3092303276062,mumax_dataset_ku_by_block_disorder/run_00726
727,1.3896528730334463,0.0179506687323429,0.0,0,74.34719896316528,mumax_dataset_ku_by_block_disorder/run_00727
728,1.306294091983188,0.1159389845204447,0.0,0,69.82301211357117,mumax_dataset_ku_by_block_disorder/run_00728
729,1.0693882638016048,0.0737819453872432,0.0,0,70.23920726776123,mumax_dataset_ku_by_block_disorder/run_00729
730,1.0559140960404494,0.0752130924414402,0.0,0,76.05424904823303,mumax_dataset_ku_by_block_disorder/run_00730
731,1.12203263322089,0.1091701997049041,0.0,0,73.83256888389587,mumax_dataset_ku_by_block_disorder/run_00731
732,1.2509883579620038,0.1260094893106869,0.0,0,79.50547504425049,mumax_dataset_ku_by_block_disorder/run_00732
733,0.4127363538867897,0.109685768122081,0.0,0,69.49072599411011,mumax_dataset_ku_by_block_disorder/run_00733
734,1.1518812814495192,0.0761238266051557,0.0,0,71.61047339439392,mumax_dataset_ku_by_block_disorder/run_00734
735,0.3236999674929519,0.0898088213735176,0.0,0,80.07557678222656,mumax_dataset_ku_by_block_disorder/run_00735
736,0.99534706854904,0.0430444165056543,0.0,0,77.28222942352295,mumax_dataset_ku_by_block_disorder/run_00736
737,1.1207042514573962,0.120587700676705,0.0,0,71.25506901741028,mumax_dataset_ku_by_block_disorder/run_00737
738,0.6081351663867464,0.0444567605051141,0.0,0,69.87258791923523,mumax_dataset_ku_by_block_disorder/run_00738
739,0.0974321100482351,0.091246384358291,0.0,0,70.92875814437866,mumax_dataset_ku_by_block_disorder/run_00739
740,0.9436457241843508,0.0606909457027113,0.0,0,78.44317817687988,mumax_dataset_ku_by_block_disorder/run_00740
741,0.2461098385712795,0.1445187288443547,0.0,0,72.54823660850525,mumax_dataset_ku_by_block_disorder/run_00741
742,1.316518387877572,0.009628831694231,0.0,0,115.06433367729188,mumax_dataset_ku_by_block_disorder/run_00742
743,0.3839547737755234,0.1202466237161962,0.0,0,69.00420546531677,mumax_dataset_ku_by_block_disorder/run_00743
744,0.3630371981983569,0.0609476852923677,0.0,0,72.05954670906067,mumax_dataset_ku_by_block_disorder/run_00744
745,0.624144623961314,0.1363872816759883,0.0,0,71.8499391078949,mumax_dataset_ku_by_block_disorder/run_00745
746,0.1336244661774907,0.0985216149436943,0.0,0,72.07063961029053,mumax_dataset_ku_by_block_disorder/run_00746
747,1.4636332733596744,0.0038381449269212,0.0,0,71.9923586845398,mumax_dataset_ku_by_block_disorder/run_00747
748,0.9831032110912732,0.0887863492143352,0.0,0,70.51195740699768,mumax_dataset_ku_by_block_disorder/run_00748
749,0.7421073926611278,0.0464034836038349,0.0,0,70.89469861984253,mumax_dataset_ku_by_block_disorder/run_00749
750,0.0721047581684046,0.0751713518623325,0.0,0,69.79373478889465,mumax_dataset_ku_by_block_disorder/run_00750
751,0.6107949595219221,0.0466119187834348,0.0,0,69.34336924552917,mumax_dataset_ku_by_block_disorder/run_00751
752,1.4499362681520704,0.0700506539789613,0.0,0,83.99244594573975,mumax_dataset_ku_by_block_disorder/run_00752
753,1.2951240392544077,0.0651920041999613,0.0,0,72.26180791854858,mumax_dataset_ku_by_block_disorder/run_00753
754,1.2369558436791614,0.0966437160374424,0.0,0,72.0228271484375,mumax_dataset_ku_by_block_disorder/run_00754
755,0.1987670479315094,0.0699117614378357,0.0,0,71.00323724746704,mumax_dataset_ku_by_block_disorder/run_00755
756,0.6399949597032764,0.1443161669439772,0.0,0,71.36824369430542,mumax_dataset_ku_by_block_disorder/run_00756
757,0.4701311953013852,0.1163960876583016,0.0,0,72.7426278591156,mumax_dataset_ku_by_block_disorder/run_00757
758,0.4685600561877002,0.0925019749283825,0.0,0,83.05865097045898,mumax_dataset_ku_by_block_disorder/run_00758
759,0.8402984587037816,0.0906920441948951,0.0,0,71.04025673866272,mumax_dataset_ku_by_block_disorder/run_00759
760,1.2015701878799248,0.0278893637300292,0.0,0,89.91610479354858,mumax_dataset_ku_by_block_disorder/run_00760
761,0.4195481314578937,0.0748153262387572,0.0,0,67.06165027618408,mumax_dataset_ku_by_block_disorder/run_00761
762,1.270470673468593,0.0804629523130388,0.0,0,85.00488686561584,mumax_dataset_ku_by_block_disorder/run_00762
763,1.4211286130703222,0.0257386758993714,0.0,0,69.32739186286926,mumax_dataset_ku_by_block_disorder/run_00763
764,0.8550956952389112,0.0130838695013641,0.0,0,162.67888951301575,mumax_dataset_ku_by_block_disorder/run_00764
765,0.7002924155030875,0.0697539758274893,0.0,0,67.16877627372742,mumax_dataset_ku_by_block_disorder/run_00765
766,0.7636859699453566,0.1339016912674682,0.0,0,69.31106114387512,mumax_dataset_ku_by_block_disorder/run_00766
767,0.3244484444325444,0.1360628951547286,0.0,0,79.15826439857483,mumax_dataset_ku_by_block_disorder/run_00767
768,1.0614988402762842,0.0965386671557795,0.0,0,73.5942759513855,mumax_dataset_ku_by_block_disorder/run_00768
769,0.4508381670311862,0.0261633950615862,0.0,0,86.62878227233887,mumax_dataset_ku_by_block_disorder/run_00769
770,0.6247100843692422,0.0061421332657884,0.0,0,70.98906755447388,mumax_dataset_ku_by_block_disorder/run_00770
771,0.8821844731309475,0.0691293748455526,0.0,0,72.57749438285828,mumax_dataset_ku_by_block_disorder/run_00771
772,0.6271618008973345,0.0511169274147547,0.0,0,71.03040194511414,mumax_dataset_ku_by_block_disorder/run_00772
773,0.97077084050131,0.109073898389182,0.0,0,74.72776913642883,mumax_dataset_ku_by_block_disorder/run_00773
774,0.1415609661953513,0.1101581406151121,0.0,0,71.34293246269226,mumax_dataset_ku_by_block_disorder/run_00774
775,1.241531381493172,0.1252718359207898,0.0,0,71.29756212234497,mumax_dataset_ku_by_block_disorder/run_00775
776,0.9995440545413165,0.0618060988694753,0.0,0,68.23188018798828,mumax_dataset_ku_by_block_disorder/run_00776
777,0.4694292802335312,0.0284851352688509,0.0,0,78.91333079338074,mumax_dataset_ku_by_block_disorder/run_00777
778,0.1875751353106538,0.0492631451883196,0.0,0,84.89706134796143,mumax_dataset_ku_by_block_disorder/run_00778
779,0.2291621953932242,0.1400740307415696,0.0,0,69.15008234977722,mumax_dataset_ku_by_block_disorder/run_00779
780,1.4601531366643583,0.1038719519433419,0.0,0,74.43400621414185,mumax_dataset_ku_by_block_disorder/run_00780
781,0.5172262715409349,0.1064410003814283,0.0,0,70.06159210205078,mumax_dataset_ku_by_block_disorder/run_00781
782,1.02168149444998,0.0732600004119214,0.0,0,73.34997725486755,mumax_dataset_ku_by_block_disorder/run_00782
783,1.2862985815969372,0.071653709024901,0.0,0,70.53496074676514,mumax_dataset_ku_by_block_disorder/run_00783
784,1.227841630212564,0.0213212357736712,0.0,0,129.0233290195465,mumax_dataset_ku_by_block_disorder/run_00784
785,1.0542404467750788,0.1331154437396003,0.0,0,70.24791622161865,mumax_dataset_ku_by_block_disorder/run_00785
786,1.494436962019425,0.0668336046980317,0.0,0,73.31744575500488,mumax_dataset_ku_by_block_disorder/run_00786
787,0.1806779807081101,0.1342425277492485,0.0,0,74.12050533294678,mumax_dataset_ku_by_block_disorder/run_00787
788,1.07205197434165,0.1423364214842512,0.0,0,70.42594814300537,mumax_dataset_ku_by_block_disorder/run_00788
789,1.0802535326726297,0.046198072605995,0.0,0,72.07670378684998,mumax_dataset_ku_by_block_disorder/run_00789
790,0.0088247967830472,0.1089421797588756,0.0,0,67.94040584564209,mumax_dataset_ku_by_block_disorder/run_00790
791,0.9160721643019304,0.0577093177037309,0.0,0,69.88884043693542,mumax_dataset_ku_by_block_disorder/run_00791
792,0.5859032054951558,0.0669015893353258,0.0,0,72.89536190032959,mumax_dataset_ku_by_block_disorder/run_00792
793,0.62782753504869,0.0859658435444527,0.0,0,73.51838421821594,mumax_dataset_ku_by_block_disorder/run_00793
794,0.6185552136755748,0.1434401836754939,0.0,0,70.63239097595215,mumax_dataset_ku_by_block_disorder/run_00794
795,1.2948163503273604,0.0564644919842557,0.0,0,67.74853539466858,mumax_dataset_ku_by_block_disorder/run_00795
796,1.2619944191446324,0.1428105447990841,0.0,0,69.52918696403503,mumax_dataset_ku_by_block_disorder/run_00796
797,0.1105400815655973,0.0520552045338898,0.0,0,70.97850751876831,mumax_dataset_ku_by_block_disorder/run_00797
798,0.4298459628899822,0.0220987744070983,0.0,0,76.77222537994385,mumax_dataset_ku_by_block_disorder/run_00798
799,0.0078383099502502,0.09177041139317,0.0,0,70.40760684013367,mumax_dataset_ku_by_block_disorder/run_00799
800,1.336047515419727,0.1254566718377626,0.0,0,79.85040974617004,mumax_dataset_ku_by_block_disorder/run_00800
801,0.1036809574232171,0.1366456284408715,0.0,0,74.8608660697937,mumax_dataset_ku_by_block_disorder/run_00801
802,0.249031551497261,0.1356513693436069,0.0,0,69.23271894454956,mumax_dataset_ku_by_block_disorder/run_00802
803,0.1137341126000898,0.0635523784461053,0.0,0,74.06258511543274,mumax_dataset_ku_by_block_disorder/run_00803
804,0.4544527328803104,0.0310349177932338,0.0,0,94.36078453063963,mumax_dataset_ku_by_block_disorder/run_00804
805,0.5834429679291173,0.0345440196267952,0.0,0,68.7602150440216,mumax_dataset_ku_by_block_disorder/run_00805
806,1.0276889729981378,0.0833852487955789,0.0,0,68.17944693565369,mumax_dataset_ku_by_block_disorder/run_00806
807,0.4095196412903382,0.0822888519851936,0.0,0,70.30374503135681,mumax_dataset_ku_by_block_disorder/run_00807
808,1.0503507559988936,0.034089861206828,0.0,0,70.07335638999939,mumax_dataset_ku_by_block_disorder/run_00808
809,0.1844001555635459,0.100118391603917,0.0,0,70.005930185318,mumax_dataset_ku_by_block_disorder/run_00809
810,0.292949040935373,0.0693479707526722,0.0,0,70.38094520568848,mumax_dataset_ku_by_block_disorder/run_00810
811,0.8043314898413277,0.1271740702610627,0.0,0,78.45420527458191,mumax_dataset_ku_by_block_disorder/run_00811
813,0.1499786375782132,0.0264853156846871,0.0,0,72.55163669586182,mumax_dataset_ku_by_block_disorder/run_00813
814,1.3549741489421367,0.0919256654633875,0.0,0,74.4278838634491,mumax_dataset_ku_by_block_disorder/run_00814
815,0.8773230275014796,0.1186208740652674,0.0,0,69.6089415550232,mumax_dataset_ku_by_block_disorder/run_00815
816,0.3151233895576921,0.0293014700716862,0.0,0,78.22752833366394,mumax_dataset_ku_by_block_disorder/run_00816
817,1.1740353674732409,0.0756202091307335,0.0,0,73.97508907318115,mumax_dataset_ku_by_block_disorder/run_00817
818,1.3091101532428044,0.0389354665030797,0.0,0,70.05675077438354,mumax_dataset_ku_by_block_disorder/run_00818
819,0.8544193423016659,0.1328181750391313,0.0,0,68.4763445854187,mumax_dataset_ku_by_block_disorder/run_00819
820,1.3655793072164089,0.1469631140608942,0.0,0,76.04201579093933,mumax_dataset_ku_by_block_disorder/run_00820
821,0.0742586093485532,0.1411351193920618,0.0,0,71.48907971382141,mumax_dataset_ku_by_block_disorder/run_00821
822,1.155900585615182,0.1393182485383289,0.0,0,70.70689177513123,mumax_dataset_ku_by_block_disorder/run_00822
823,0.5683508139478868,0.0186376036864489,0.0,0,75.54899787902832,mumax_dataset_ku_by_block_disorder/run_00823
824,0.9494774319238763,0.1190481336010044,0.0,0,72.49366688728333,mumax_dataset_ku_by_block_disorder/run_00824
825,0.9326470471622256,0.0889029988542704,0.0,0,72.78419876098633,mumax_dataset_ku_by_block_disorder/run_00825
826,0.9843051305020568,0.0975125905588938,0.0,0,69.38363075256348,mumax_dataset_ku_by_block_disorder/run_00826
827,0.5459979527326378,0.0752778961077754,0.0,0,73.17615270614624,mumax_dataset_ku_by_block_disorder/run_00827
828,0.9708129920057086,0.0708855849420889,0.0,0,71.22866821289062,mumax_dataset_ku_by_block_disorder/run_00828
829,1.0944444668588635,0.082169022325675,0.0,0,67.8460865020752,mumax_dataset_ku_by_block_disorder/run_00829
830,1.4728329704980936,0.12778596377030946,0.0,0,69.5934009552002,mumax_dataset_ku_by_block_disorder/run_00830
831,0.05324567019348331,0.10852141325394274,0.0,0,70.8709728717804,mumax_dataset_ku_by_block_disorder/run_00831
832,0.8174757246869071,0.06811682938083778,0.0,0,69.1770076751709,mumax_dataset_ku_by_block_disorder/run_00832
833,0.6324290102532423,0.0276050946199909,0.0,0,67.97983360290527,mumax_dataset_ku_by_block_disorder/run_00833
834,1.1123540652635282,0.03409110861161974,0.0,0,67.59262704849243,mumax_dataset_ku_by_block_disorder/run_00834
835,0.5971639537711145,0.13891883419085505,0.0,0,69.90276980400085,mumax_dataset_ku_by_block_disorder/run_00835
836,0.9867945479698608,0.09104226885619303,0.0,0,67.06768679618835,mumax_dataset_ku_by_block_disorder/run_00836
837,1.4897548595758072,0.1490177336574424,0.0,0,65.70140290260315,mumax_dataset_ku_by_block_disorder/run_00837
838,0.9727534715596768,0.08498723090704374,0.0,0,69.09870958328247,mumax_dataset_ku_by_block_disorder/run_00838
839,0.791103984691966,0.14266200468697493,0.0,0,70.8071277141571,mumax_dataset_ku_by_block_disorder/run_00839
840,0.08762594909549554,0.11074371016828867,0.0,0,70.51739311218262,mumax_dataset_ku_by_block_disorder/run_00840
841,0.04840388719533212,0.013648769807668359,0.0,0,69.54310655593872,mumax_dataset_ku_by_block_disorder/run_00841
842,0.14067218247225421,0.09146724517689107,0.0,0,70.82958889007568,mumax_dataset_ku_by_block_disorder/run_00842
843,1.158120111345529,0.102840181897793,0.0,0,69.92583274841309,mumax_dataset_ku_by_block_disorder/run_00843
844,1.473130745678292,0.02976292783200151,0.0,0,70.24071955680847,mumax_dataset_ku_by_block_disorder/run_00844
845,0.055379127155011476,0.006253595815225871,0.0,0,70.0625810623169,mumax_dataset_ku_by_block_disorder/run_00845
846,1.1358933541343421,0.044186214773689315,0.0,0,70.53525376319885,mumax_dataset_ku_by_block_disorder/run_00846
847,0.3031776174749537,0.03812407735107632,0.0,0,68.44266080856323,mumax_dataset_ku_by_block_disorder/run_00847
848,0.5859239989990314,0.0012492300782150356,0.0,0,71.37751936912537,mumax_dataset_ku_by_block_disorder/run_00848
849,0.8200528447272536,0.1398732120363671,0.0,0,70.06195664405823,mumax_dataset_ku_by_block_disorder/run_00849
850,0.49925007344611055,0.07773273389053124,0.0,0,70.72557735443115,mumax_dataset_ku_by_block_disorder/run_00850
851,1.2301005064379535,0.1136968172008522,0.0,0,70.19496011734009,mumax_dataset_ku_by_block_disorder/run_00851
852,1.4607773471427146,0.018736388810923463,0.0,0,67.6953592300415,mumax_dataset_ku_by_block_disorder/run_00852
853,0.057198557479241185,0.0427815078833871,0.0,0,66.98310804367065,mumax_dataset_ku_by_block_disorder/run_00853
854,0.15057975378992344,0.10430692329914314,0.0,0,69.93487572669983,mumax_dataset_ku_by_block_disorder/run_00854
855,0.06042924997672788,0.13393043958091502,0.0,0,68.7659273147583,mumax_dataset_ku_by_block_disorder/run_00855
856,1.4380693239437343,0.13434103635784383,0.0,0,71.61099648475647,mumax_dataset_ku_by_block_disorder/run_00856
857,0.3353257601625566,0.06253239702460721,0.0,0,70.29770636558533,mumax_dataset_ku_by_block_disorder/run_00857
858,1.1950352742282297,0.1394191075372177,0.0,0,70.68413949012756,mumax_dataset_ku_by_block_disorder/run_00858
859,0.4243709820442968,0.07699477355982688,0.0,0,70.44310021400452,mumax_dataset_ku_by_block_disorder/run_00859
860,0.09373113505038871,0.03505384791862615,0.0,0,66.37999153137207,mumax_dataset_ku_by_block_disorder/run_00860
861,1.0176933871171094,0.07398724023795983,0.0,0,68.04273772239685,mumax_dataset_ku_by_block_disorder/run_00861
862,0.472837161262629,0.06534715350734814,0.0,0,69.29490518569946,mumax_dataset_ku_by_block_disorder/run_00862
863,0.8645108698363382,0.05499580369601541,0.0,0,66.18796277046204,mumax_dataset_ku_by_block_disorder/run_00863
864,0.6228839493632906,0.1386043044609738,0.0,0,72.07134342193604,mumax_dataset_ku_by_block_disorder/run_00864
865,0.628806082443414,0.0007481615128686669,0.0,0,63.99051284790039,mumax_dataset_ku_by_block_disorder/run_00865
866,1.4146054642813164,0.008467507815534419,0.0,0,69.15076494216919,mumax_dataset_ku_by_block_disorder/run_00866
867,0.8623665191469423,0.06002807779857094,0.0,0,66.8619225025177,mumax_dataset_ku_by_block_disorder/run_00867
868,0.712989472884302,0.034718269455580125,0.0,0,69.1422028541565,mumax_dataset_ku_by_block_disorder/run_00868
869,0.15304620130343766,0.04530017104900961,0.0,0,67.00711917877197,mumax_dataset_ku_by_block_disorder/run_00869
870,0.4954451327243769,0.07171449109317878,0.0,0,71.89581370353699,mumax_dataset_ku_by_block_disorder/run_00870
871,0.6713989438677075,0.028990752634134087,0.0,0,70.80313396453857,mumax_dataset_ku_by_block_disorder/run_00871
872,1.1465675888543185,0.11092584034042073,0.0,0,66.51832318305969,mumax_dataset_ku_by_block_disorder/run_00872
873,0.7094691791422397,0.08505096381353121,0.0,0,73.41041421890259,mumax_dataset_ku_by_block_disorder/run_00873
874,0.5448178266727973,0.11107176624387875,0.0,0,65.90204358100891,mumax_dataset_ku_by_block_disorder/run_00874
875,0.4154604961694838,0.083248122123553,0.0,0,68.14396595954895,mumax_dataset_ku_by_block_disorder/run_00875
876,0.6963319398472244,0.1166637379694341,0.0,0,70.89028286933899,mumax_dataset_ku_by_block_disorder/run_00876
877,0.09719792339013605,0.13742459128350135,0.0,0,72.6182210445404,mumax_dataset_ku_by_block_disorder/run_00877
878,0.2858693626483595,0.1054153303289732,0.0,0,68.96188712120056,mumax_dataset_ku_by_block_disorder/run_00878
879,0.876420835098337,0.07560933121521878,0.0,0,66.69516229629517,mumax_dataset_ku_by_block_disorder/run_00879
880,0.822683127984324,0.03912487421694253,0.0,0,68.4995768070221,mumax_dataset_ku_by_block_disorder/run_00880
881,1.0934968371421419,0.040018612982124814,0.0,0,70.37182235717773,mumax_dataset_ku_by_block_disorder/run_00881
882,0.1216823242834818,0.11094257632283328,0.0,0,73.02447962760925,mumax_dataset_ku_by_block_disorder/run_00882
883,0.7496041354343,0.11669738480685697,0.0,0,68.412278175354,mumax_dataset_ku_by_block_disorder/run_00883
884,0.9349264214085788,0.12755313750549183,0.0,0,69.18041753768921,mumax_dataset_ku_by_block_disorder/run_00884
885,1.2048858726720548,0.10453156540345175,0.0,0,70.34706568717957,mumax_dataset_ku_by_block_disorder/run_00885
886,0.2718370171749985,0.009469105387950498,0.0,0,67.67645359039307,mumax_dataset_ku_by_block_disorder/run_00886
887,0.7438169709238468,0.015267283232393269,0.0,0,67.04618883132935,mumax_dataset_ku_by_block_disorder/run_00887
888,1.378444271317247,0.13523975048533823,0.0,0,71.66944169998169,mumax_dataset_ku_by_block_disorder/run_00888
889,0.2877676867248117,0.036915795408845604,0.0,0,66.852219581604,mumax_dataset_ku_by_block_disorder/run_00889
890,0.508878598434456,0.07535848185947265,0.0,0,67.67447209358215,mumax_dataset_ku_by_block_disorder/run_00890
891,0.8757254665259145,0.1406303642904441,0.0,0,68.72292804718018,mumax_dataset_ku_by_block_disorder/run_00891
892,0.5797904418205756,0.025063538306043014,0.0,0,69.51225996017456,mumax_dataset_ku_by_block_disorder/run_00892
893,0.8647084964867477,0.11001200293586519,0.0,0,69.49482226371765,mumax_dataset_ku_by_block_disorder/run_00893
894,0.563780111013274,0.05847304319150316,0.0,0,72.11453771591187,mumax_dataset_ku_by_block_disorder/run_00894
895,1.4319074417055941,0.02835981674507134,0.0,0,68.82033157348633,mumax_dataset_ku_by_block_disorder/run_00895
896,1.2552649600981969,0.06828798206146404,0.0,0,72.0918481349945,mumax_dataset_ku_by_block_disorder/run_00896
897,0.40426625512351155,0.003365285768774606,0.0,0,68.25044512748718,mumax_dataset_ku_by_block_disorder/run_00897
898,0.4271598753920357,0.001975679713504863,0.0,0,63.25485825538635,mumax_dataset_ku_by_block_disorder/run_00898
899,0.8319843213377965,0.11576908802425973,0.0,0,71.31315422058105,mumax_dataset_ku_by_block_disorder/run_00899
900,1.4055752967056665,0.051122026729842285,0.0,0,69.36854863166809,mumax_dataset_ku_by_block_disorder/run_00900
901,1.2217575587561809,0.05800058205259824,0.0,0,69.20199847221375,mumax_dataset_ku_by_block_disorder/run_00901
902,0.9464626894658354,0.13373827615668055,0.0,0,71.2595329284668,mumax_dataset_ku_by_block_disorder/run_00902
903,1.0008318306893267,0.11156881290893558,0.0,0,69.40464544296265,mumax_dataset_ku_by_block_disorder/run_00903
904,0.8701548672384531,0.10235096084376992,0.0,0,68.2971351146698,mumax_dataset_ku_by_block_disorder/run_00904
905,1.4610313731177746,0.027146287835472304,0.0,0,68.51007270812988,mumax_dataset_ku_by_block_disorder/run_00905
906,1.363685910331978,0.0016893419100809713,0.0,0,66.08520913124084,mumax_dataset_ku_by_block_disorder/run_00906
907,1.0019046764114266,0.033461619746532625,0.0,0,67.58718848228455,mumax_dataset_ku_by_block_disorder/run_00907
908,0.2741957617701697,0.09142893816768055,0.0,0,72.06818413734436,mumax_dataset_ku_by_block_disorder/run_00908
909,0.5768962162723583,0.05073152654955027,0.0,0,68.50186800956726,mumax_dataset_ku_by_block_disorder/run_00909
910,0.050516429566520527,0.13018448476209638,0.0,0,70.27365565299988,mumax_dataset_ku_by_block_disorder/run_00910
911,1.375993651927098,0.04186196230696867,0.0,0,71.66795182228088,mumax_dataset_ku_by_block_disorder/run_00911
912,0.31566147903984076,0.13362182019390803,0.0,0,69.10218000411987,mumax_dataset_ku_by_block_disorder/run_00912
913,0.001448867509624363,0.05374994665291567,0.0,0,69.28591203689575,mumax_dataset_ku_by_block_disorder/run_00913
914,0.7677654455526222,0.07390900182646211,0.0,0,65.79821610450745,mumax_dataset_ku_by_block_disorder/run_00914
915,0.8216107279806952,0.09422379152069393,0.0,0,70.64837145805359,mumax_dataset_ku_by_block_disorder/run_00915
916,0.6123918539746682,0.0603782058462417,0.0,0,67.42605137825012,mumax_dataset_ku_by_block_disorder/run_00916
917,1.1700172890233809,0.13094196171865474,0.0,0,70.00244402885437,mumax_dataset_ku_by_block_disorder/run_00917
918,0.35940076368307566,0.10387417804113827,0.0,0,70.9772036075592,mumax_dataset_ku_by_block_disorder/run_00918
919,1.3366298236472633,0.0028491480935273206,0.0,0,63.95780086517334,mumax_dataset_ku_by_block_disorder/run_00919
920,0.32714407605352575,0.0545005567712215,0.0,0,69.4535665512085,mumax_dataset_ku_by_block_disorder/run_00920
921,1.2694816485698475,0.12872818392572097,0.0,0,71.76912069320679,mumax_dataset_ku_by_block_disorder/run_00921
922,0.42601158998797173,0.05840243886840989,0.0,0,67.49796104431152,mumax_dataset_ku_by_block_disorder/run_00922
923,1.373826967507408,0.07101233853561899,0.0,0,67.27116823196411,mumax_dataset_ku_by_block_disorder/run_00923
924,1.2304117036370645,0.11476154033236116,0.0,0,70.67593336105347,mumax_dataset_ku_by_block_disorder/run_00924
925,0.2968866012158238,0.13429211521200002,0.0,0,70.81491017341614,mumax_dataset_ku_by_block_disorder/run_00925
926,1.3188418312891508,0.10335996402088742,0.0,0,68.43371677398682,mumax_dataset_ku_by_block_disorder/run_00926
927,0.3370331744318714,0.03868895336861542,0.0,0,68.47477793693542,mumax_dataset_ku_by_block_disorder/run_00927
928,1.2623209648280562,0.10578383971135029,0.0,0,67.4612045288086,mumax_dataset_ku_by_block_disorder/run_00928
929,0.2360514341641166,0.01612266689532683,0.0,0,68.01788592338562,mumax_dataset_ku_by_block_disorder/run_00929
930,0.19644568638080104,0.08787833866381307,0.0,0,67.19662356376648,mumax_dataset_ku_by_block_disorder/run_00930
931,0.2903138856490656,0.14869415644216907,0.0,0,71.32872557640076,mumax_dataset_ku_by_block_disorder/run_00931
932,0.940037008721689,0.04840624239520156,0.0,0,66.66857361793518,mumax_dataset_ku_by_block_disorder/run_00932
933,0.7795485243012784,0.052845227436427,0.0,0,71.14633679389954,mumax_dataset_ku_by_block_disorder/run_00933
934,0.9642562296003953,0.07060732031833418,0.0,0,70.12402677536011,mumax_dataset_ku_by_block_disorder/run_00934
935,0.5446170382059048,0.06763923868861642,0.0,0,68.3958683013916,mumax_dataset_ku_by_block_disorder/run_00935
936,0.5231126595448728,0.0949763386095186,0.0,0,68.65550565719604,mumax_dataset_ku_by_block_disorder/run_00936
937,0.22766658939034,0.14996062081863118,0.0,0,73.25863599777222,mumax_dataset_ku_by_block_disorder/run_00937
938,0.8428132791367257,0.12424500262073332,0.0,0,66.95527076721191,mumax_dataset_ku_by_block_disorder/run_00938
939,1.292534642121787,0.11827213027488645,0.0,0,69.29070782661438,mumax_dataset_ku_by_block_disorder/run_00939
940,0.919907610163779,0.009301594779625366,0.0,0,66.61378955841064,mumax_dataset_ku_by_block_disorder/run_00940
941,1.1646596507526383,0.13776927134119699,0.0,0,70.70465636253357,mumax_dataset_ku_by_block_disorder/run_00941
942,1.1019039646076334,0.12487810063324678,0.0,0,69.38552761077881,mumax_dataset_ku_by_block_disorder/run_00942
943,1.2141448397995491,0.04973127276483339,0.0,0,68.98247623443604,mumax_dataset_ku_by_block_disorder/run_00943
944,1.3272534285443784,0.12417284377024798,0.0,0,70.78482484817505,mumax_dataset_ku_by_block_disorder/run_00944
945,0.008490129779490319,0.036775421570722194,0.0,0,68.42795467376709,mumax_dataset_ku_by_block_disorder/run_00945
946,1.1052795428263218,0.09809735756972421,0.0,0,69.249183177948,mumax_dataset_ku_by_block_disorder/run_00946
947,0.0723895226998369,0.018383837396624803,0.0,0,63.88616228103638,mumax_dataset_ku_by_block_disorder/run_00947
948,0.6823181837612625,0.01175705953792977,0.0,0,65.6204423904419,mumax_dataset_ku_by_block_disorder/run_00948
949,1.3052148913004338,0.14982453523535053,0.0,0,72.71047306060791,mumax_dataset_ku_by_block_disorder/run_00949
950,1.2141280065419142,0.06892499261518777,0.0,0,69.95442080497742,mumax_dataset_ku_by_block_disorder/run_00950
951,0.8763031017741821,0.05332992726697993,0.0,0,70.73949813842773,mumax_dataset_ku_by_block_disorder/run_00951
952,1.0178698459762383,0.035225097293548,0.0,0,67.71116304397583,mumax_dataset_ku_by_block_disorder/run_00952
953,0.16358469435083206,0.04671901528228383,0.0,0,69.29804158210754,mumax_dataset_ku_by_block_disorder/run_00953
954,1.2669472854794164,0.12526530346004017,0.0,0,70.37826704978943,mumax_dataset_ku_by_block_disorder/run_00954
955,0.3637504251927076,0.08961024911189522,0.0,0,70.28937029838562,mumax_dataset_ku_by_block_disorder/run_00955
956,0.5290473836978722,0.10165372770103472,0.0,0,67.93570303916931,mumax_dataset_ku_by_block_disorder/run_00956
957,1.0431157324297404,0.14329318210151726,0.0,0,71.12764120101929,mumax_dataset_ku_by_block_disorder/run_00957
958,0.7661174105792575,0.013136150341136731,0.0,0,66.41348791122437,mumax_dataset_ku_by_block_disorder/run_00958
959,1.3327290312761662,0.0646213398132882,0.0,0,69.03798651695251,mumax_dataset_ku_by_block_disorder/run_00959
960,1.4996816435993479,0.06828818396656862,0.0,0,68.7794783115387,mumax_dataset_ku_by_block_disorder/run_00960
961,0.30494294889846674,0.03944352226351003,0.0,0,68.66170024871826,mumax_dataset_ku_by_block_disorder/run_00961
962,1.3472056449171868,0.14978626188900898,0.0,0,70.61597442626953,mumax_dataset_ku_by_block_disorder/run_00962
963,0.0411215679780878,0.10577023987471217,0.0,0,67.20978307723999,mumax_dataset_ku_by_block_disorder/run_00963
964,0.05581891830291458,0.11052343375643602,0.0,0,71.76323437690735,mumax_dataset_ku_by_block_disorder/run_00964
965,0.11957633821971136,0.062373658456831904,0.0,0,63.63057804107666,mumax_dataset_ku_by_block_disorder/run_00965
966,0.6249816833809717,0.12195314119660473,0.0,0,68.71433520317078,mumax_dataset_ku_by_block_disorder/run_00966
967,0.8417347291172981,0.09688206429425923,0.0,0,69.06832957267761,mumax_dataset_ku_by_block_disorder/run_00967
968,1.322743625051792,0.0023972844944980753,0.0,0,65.61157822608948,mumax_dataset_ku_by_block_disorder/run_00968
969,0.5102127053580973,0.03312430286571775,0.0,0,68.16846919059753,mumax_dataset_ku_by_block_disorder/run_00969
970,0.6770805235953005,0.004916764257840811,0.0,0,66.32599234580994,mumax_dataset_ku_by_block_disorder/run_00970
971,0.5794022954373594,0.14709250608847152,0.0,0,68.13715958595276,mumax_dataset_ku_by_block_disorder/run_00971
972,0.6445996035191188,0.07353373900415838,0.0,0,68.96051120758057,mumax_dataset_ku_by_block_disorder/run_00972
973,1.4293177715490362,0.1443985714368796,0.0,0,70.24632453918457,mumax_dataset_ku_by_block_disorder/run_00973
974,0.007772133990533391,0.07442994540691493,0.0,0,67.42402744293213,mumax_dataset_ku_by_block_disorder/run_00974
975,1.3027637264799432,0.09177868580339446,0.0,0,69.63051867485046,mumax_dataset_ku_by_block_disorder/run_00975
976,0.9410492462698893,0.07479583572500205,0.0,0,72.9728274345398,mumax_dataset_ku_by_block_disorder/run_00976
977,0.2832912558023922,0.08192459347324156,0.0,0,68.8249101638794,mumax_dataset_ku_by_block_disorder/run_00977
978,0.5469224108712708,0.13267617181530295,0.0,0,70.3695273399353,mumax_dataset_ku_by_block_disorder/run_00978
979,1.2755136645676002,0.13102303865993536,0.0,0,70.7405366897583,mumax_dataset_ku_by_block_disorder/run_00979
980,0.8002870458214273,0.11025393844593671,0.0,0,69.84141612052917,mumax_dataset_ku_by_block_disorder/run_00980
981,0.05558413421370046,0.03282124241169347,0.0,0,67.11677193641663,mumax_dataset_ku_by_block_disorder/run_00981
982,0.183862691845039,0.0656518984054391,0.0,0,71.38731455802917,mumax_dataset_ku_by_block_disorder/run_00982
983,1.3455381028692912,0.04790813987085928,0.0,0,67.65504813194275,mumax_dataset_ku_by_block_disorder/run_00983
984,0.5864507126557467,0.13733446161707108,0.0,0,67.63812160491943,mumax_dataset_ku_by_block_disorder/run_00984
985,0.1009651252520562,0.12495726366541776,0.0,0,68.9276807308197,mumax_dataset_ku_by_block_disorder/run_00985
986,1.2821773903123566,0.1265418068482157,0.0,0,69.21030378341675,mumax_dataset_ku_by_block_disorder/run_00986
987,1.3383047479757872,0.06259755048555608,0.0,0,66.5649209022522,mumax_dataset_ku_by_block_disorder/run_00987
988,0.6952720400803734,0.1348144601145927,0.0,0,69.47747921943665,mumax_dataset_ku_by_block_disorder/run_00988
989,1.246114672805134,0.007398916173201142,0.0,0,67.51117968559265,mumax_dataset_ku_by_block_disorder/run_00989
990,1.3175172686239052,0.017635504424836804,0.0,0,68.05911445617676,mumax_dataset_ku_by_block_disorder/run_00990
991,0.1314802702096417,0.1244020949060652,0.0,0,69.1372902393341,mumax_dataset_ku_by_block_disorder/run_00991
992,0.026056415512919207,0.05739106358874563,0.0,0,66.13584280014038,mumax_dataset_ku_by_block_disorder/run_00992
993,0.4352977954483333,0.1450438331851564,0.0,0,74.07466149330139,mumax_dataset_ku_by_block_disorder/run_00993
994,0.2658067600905364,0.0453569082086394,0.0,0,67.73083019256592,mumax_dataset_ku_by_block_disorder/run_00994
995,0.6054655901660784,0.13143535125529107,0.0,0,65.85424566268921,mumax_dataset_ku_by_block_disorder/run_00995
996,0.4638871834387997,0.09081776585106122,0.0,0,64.93105340003967,mumax_dataset_ku_by_block_disorder/run_00996
997,1.2353574885173197,0.12399462667200058,0.0,0,70.638827085495,mumax_dataset_ku_by_block_disorder/run_00997
998,1.3957791760421387,0.08790646282534703,0.0,0,66.85146951675415,mumax_dataset_ku_by_block_disorder/run_00998
999,0.650285236668142,0.1440575512703268,0.0,0,70.117520570755,mumax_dataset_ku_by_block_disorder/run_00999
1000,1.1222470017770645,0.11389675216281643,0.0,0,67.60185503959656,mumax_dataset_ku_by_block_disorder/run_01000
1001,1.4535796045939775,0.1456255204893383,0.0,0,69.4946858882904,mumax_dataset_ku_by_block_disorder/run_01001
1002,0.7540117747128287,0.12457910881352531,0.0,0,68.65712022781372,mumax_dataset_ku_by_block_disorder/run_01002
1003,0.1441706467869634,0.1430356019606566,0.0,0,69.33884835243225,mumax_dataset_ku_by_block_disorder/run_01003
1004,0.7565107237554884,0.011835762571084906,0.0,0,65.46840262413025,mumax_dataset_ku_by_block_disorder/run_01004
1005,0.3846076933365446,0.13756389048707332,0.0,0,72.09910154342651,mumax_dataset_ku_by_block_disorder/run_01005
1006,1.1775373766308599,0.049790321723207805,0.0,0,70.27872920036316,mumax_dataset_ku_by_block_disorder/run_01006
1007,0.32847992947430854,0.06707281129119053,0.0,0,69.64507174491882,mumax_dataset_ku_by_block_disorder/run_01007
1008,0.6461239051136841,0.07849954540038968,0.0,0,66.97297763824463,mumax_dataset_ku_by_block_disorder/run_01008
1009,0.6305163065885585,0.0893965127909435,0.0,0,65.34191060066223,mumax_dataset_ku_by_block_disorder/run_01009
1010,1.009008229337247,0.08524543132815379,0.0,0,71.8456437587738,mumax_dataset_ku_by_block_disorder/run_01010
1011,0.8381619998964598,0.10840735190733426,0.0,0,66.82560682296753,mumax_dataset_ku_by_block_disorder/run_01011
1012,0.3531296158523611,0.014423532916061875,0.0,0,68.94867491722107,mumax_dataset_ku_by_block_disorder/run_01012
1013,1.490843712132055,0.11106707916749255,0.0,0,69.76841259002686,mumax_dataset_ku_by_block_disorder/run_01013
1014,0.7005569237601184,0.007667844215447883,0.0,0,71.34794354438782,mumax_dataset_ku_by_block_disorder/run_01014
1015,0.8714682614131563,0.11914200145148772,0.0,0,71.27327704429626,mumax_dataset_ku_by_block_disorder/run_01015
1016,0.5775927305687355,0.14126916826073815,0.0,0,70.0760817527771,mumax_dataset_ku_by_block_disorder/run_01016
1017,0.3928250041999426,0.10911058394353411,0.0,0,65.38472604751587,mumax_dataset_ku_by_block_disorder/run_01017
1018,0.6415023256715169,0.11396176251190826,0.0,0,72.77345490455627,mumax_dataset_ku_by_block_disorder/run_01018
1019,1.376751248970814,0.018751924445527333,0.0,0,69.40528535842896,mumax_dataset_ku_by_block_disorder/run_01019
1020,0.01285507755949761,0.14345680844243172,0.0,0,69.3714952468872,mumax_dataset_ku_by_block_disorder/run_01020
1021,0.40242288954405764,0.05863145400748037,0.0,0,63.86049199104309,mumax_dataset_ku_by_block_disorder/run_01021
1022,1.2164262973130693,0.11839442975968495,0.0,0,70.93500399589539,mumax_dataset_ku_by_block_disorder/run_01022
1023,0.8326812782775254,0.03400149369774539,0.0,0,69.33116626739502,mumax_dataset_ku_by_block_disorder/run_01023
1024,0.17271366546683775,0.06026162343910437,0.0,0,74.02333474159241,mumax_dataset_ku_by_block_disorder/run_01024
1025,0.5026223269390627,0.05370374305627922,0.0,0,68.52577996253967,mumax_dataset_ku_by_block_disorder/run_01025
1026,1.0587622233143132,0.020790358163564514,0.0,0,70.40483355522156,mumax_dataset_ku_by_block_disorder/run_01026
1027,0.14622412944558266,0.09878242992272214,0.0,0,71.88977575302124,mumax_dataset_ku_by_block_disorder/run_01027
1028,0.4466284767339445,0.06738726965154543,0.0,0,70.59645628929138,mumax_dataset_ku_by_block_disorder/run_01028
1029,1.2892203564214633,0.14674808108623502,0.0,0,69.2839708328247,mumax_dataset_ku_by_block_disorder/run_01029
1030,0.6336642324377971,0.03387801524881243,0.0,0,65.57663249969482,mumax_dataset_ku_by_block_disorder/run_01030
1031,0.7736424146994078,0.007371710716270446,0.0,0,70.98136448860168,mumax_dataset_ku_by_block_disorder/run_01031
1032,0.8700118222526664,0.14612103023765022,0.0,0,70.36717820167542,mumax_dataset_ku_by_block_disorder/run_01032
1033,0.35639075991417957,0.09563933803861238,0.0,0,67.14257287979126,mumax_dataset_ku_by_block_disorder/run_01033
1034,0.14490475488630988,0.007694555572069911,0.0,0,62.04087042808533,mumax_dataset_ku_by_block_disorder/run_01034
1035,1.2083432457335228,0.0491254080075655,0.0,0,64.95000171661377,mumax_dataset_ku_by_block_disorder/run_01035
1036,0.10459296497448833,0.053450954314291164,0.0,0,68.64197778701782,mumax_dataset_ku_by_block_disorder/run_01036
1037,0.04272533154621145,0.017231152681928923,0.0,0,65.61241912841797,mumax_dataset_ku_by_block_disorder/run_01037
1038,0.018745146221498647,0.0876289619124865,0.0,0,67.80487132072449,mumax_dataset_ku_by_block_disorder/run_01038
