run_id,sample_idx,realization,Dind,Ku1,Aex,alpha,Temp,sigma,mx3_path,out_dir,returncode,timestamp_start,timestamp_end
1,1,0,0.0,1400000.0,3.1e-11,1.0,0.0,0.0,mumax_dataset_ku_by_block_disorder/run_00001/run_00001.mx3,mumax_dataset_ku_by_block_disorder/run_00001,0,1764023584.246447,1764023640.068432
2,2,0,0.0,1400000.0,3.1e-11,1.0,0.0,0.0107142857142857,mumax_dataset_ku_by_block_disorder/run_00002/run_00002.mx3,mumax_dataset_ku_by_block_disorder/run_00002,0,1764023640.0805533,1764023687.096416
3,3,0,0.0,1400000.0,3.1e-11,1.0,0.0,0.0214285714285714,mumax_dataset_ku_by_block_disorder/run_00003/run_00003.mx3,mumax_dataset_ku_by_block_disorder/run_00003,0,1764023687.097714,1764023732.717043
4,4,0,0.0,1400000.0,3.1e-11,1.0,0.0,0.0321428571428571,mumax_dataset_ku_by_block_disorder/run_00004/run_00004.mx3,mumax_dataset_ku_by_block_disorder/run_00004,0,1764023732.7185657,1764023778.435604
5,5,0,0.0,1400000.0,3.1e-11,1.0,0.0,0.0428571428571428,mumax_dataset_ku_by_block_disorder/run_00005/run_00005.mx3,mumax_dataset_ku_by_block_disorder/run_00005,0,1764023778.4369838,1764023824.5469923
6,6,0,0.0,1400000.0,3.1e-11,1.0,0.0,0.0535714285714285,mumax_dataset_ku_by_block_disorder/run_00006/run_00006.mx3,mumax_dataset_ku_by_block_disorder/run_00006,0,1764023824.548395,1764023869.443674
7,7,0,0.0,1400000.0,3.1e-11,1.0,0.0,0.0642857142857142,mumax_dataset_ku_by_block_disorder/run_00007/run_00007.mx3,mumax_dataset_ku_by_block_disorder/run_00007,0,1764023869.4452076,1764023922.8982513
8,8,0,0.0,1400000.0,3.1e-11,1.0,0.0,0.075,mumax_dataset_ku_by_block_disorder/run_00008/run_00008.mx3,mumax_dataset_ku_by_block_disorder/run_00008,0,1764023922.8996215,1764023972.2452595
9,9,0,0.0,1400000.0,3.1e-11,1.0,0.0,0.0857142857142857,mumax_dataset_ku_by_block_disorder/run_00009/run_00009.mx3,mumax_dataset_ku_by_block_disorder/run_00009,0,1764023972.2466428,1764024018.1946218
10,10,0,0.0,1400000.0,3.1e-11,1.0,0.0,0.0964285714285714,mumax_dataset_ku_by_block_disorder/run_00010/run_00010.mx3,mumax_dataset_ku_by_block_disorder/run_00010,0,1764024018.196069,1764024064.146398
11,11,0,0.0,1400000.0,3.1e-11,1.0,0.0,0.1071428571428571,mumax_dataset_ku_by_block_disorder/run_00011/run_00011.mx3,mumax_dataset_ku_by_block_disorder/run_00011,0,1764024064.147799,1764024113.8372953
12,12,0,0.0,1400000.0,3.1e-11,1.0,0.0,0.1178571428571428,mumax_dataset_ku_by_block_disorder/run_00012/run_00012.mx3,mumax_dataset_ku_by_block_disorder/run_00012,0,1764024113.839603,1764024159.5938337
13,13,0,0.0,1400000.0,3.1e-11,1.0,0.0,0.1285714285714285,mumax_dataset_ku_by_block_disorder/run_00013/run_00013.mx3,mumax_dataset_ku_by_block_disorder/run_00013,0,1764024159.595306,1764024206.2163055
14,14,0,0.0,1400000.0,3.1e-11,1.0,0.0,0.1392857142857143,mumax_dataset_ku_by_block_disorder/run_00014/run_00014.mx3,mumax_dataset_ku_by_block_disorder/run_00014,0,1764024206.217928,1764024252.1866436
15,15,0,0.0,1400000.0,3.1e-11,1.0,0.0,0.15,mumax_dataset_ku_by_block_disorder/run_00015/run_00015.mx3,mumax_dataset_ku_by_block_disorder/run_00015,0,1764024252.1880715,1764024299.2134864
16,16,0,0.0001071428571428,1400000.0,3.1e-11,1.0,0.0,0.0,mumax_dataset_ku_by_block_disorder/run_00016/run_00016.mx3,mumax_dataset_ku_by_block_disorder/run_00016,0,1764024299.2152336,1764024346.2580278
17,17,0,0.0001071428571428,1400000.0,3.1e-11,1.0,0.0,0.0107142857142857,mumax_dataset_ku_by_block_disorder/run_00017/run_00017.mx3,mumax_dataset_ku_by_block_disorder/run_00017,0,1764024346.260414,1764024393.864883
18,18,0,0.0001071428571428,1400000.0,3.1e-11,1.0,0.0,0.0214285714285714,mumax_dataset_ku_by_block_disorder/run_00018/run_00018.mx3,mumax_dataset_ku_by_block_disorder/run_00018,0,1764024393.8664076,1764024446.1419415
19,19,0,0.0001071428571428,1400000.0,3.1e-11,1.0,0.0,0.0321428571428571,mumax_dataset_ku_by_block_disorder/run_00019/run_00019.mx3,mumax_dataset_ku_by_block_disorder/run_00019,0,1764024446.1436336,1764024492.7549682
20,20,0,0.0001071428571428,1400000.0,3.1e-11,1.0,0.0,0.0428571428571428,mumax_dataset_ku_by_block_disorder/run_00020/run_00020.mx3,mumax_dataset_ku_by_block_disorder/run_00020,0,1764024492.757144,1764024541.6842897
21,21,0,0.0001071428571428,1400000.0,3.1e-11,1.0,0.0,0.0535714285714285,mumax_dataset_ku_by_block_disorder/run_00021/run_00021.mx3,mumax_dataset_ku_by_block_disorder/run_00021,0,1764024541.6936944,1764024590.8512216
22,22,0,0.0001071428571428,1400000.0,3.1e-11,1.0,0.0,0.0642857142857142,mumax_dataset_ku_by_block_disorder/run_00022/run_00022.mx3,mumax_dataset_ku_by_block_disorder/run_00022,0,1764024590.8531952,1764024638.4898777
23,23,0,0.0001071428571428,1400000.0,3.1e-11,1.0,0.0,0.075,mumax_dataset_ku_by_block_disorder/run_00023/run_00023.mx3,mumax_dataset_ku_by_block_disorder/run_00023,0,1764024638.491301,1764024685.8406043
24,24,0,0.0001071428571428,1400000.0,3.1e-11,1.0,0.0,0.0857142857142857,mumax_dataset_ku_by_block_disorder/run_00024/run_00024.mx3,mumax_dataset_ku_by_block_disorder/run_00024,0,1764024685.8421726,1764024735.0569277
25,25,0,0.0001071428571428,1400000.0,3.1e-11,1.0,0.0,0.0964285714285714,mumax_dataset_ku_by_block_disorder/run_00025/run_00025.mx3,mumax_dataset_ku_by_block_disorder/run_00025,0,1764024735.0585072,1764024783.3676088
26,26,0,0.0001071428571428,1400000.0,3.1e-11,1.0,0.0,0.1071428571428571,mumax_dataset_ku_by_block_disorder/run_00026/run_00026.mx3,mumax_dataset_ku_by_block_disorder/run_00026,0,1764024783.3691416,1764024837.7023678
27,27,0,0.0001071428571428,1400000.0,3.1e-11,1.0,0.0,0.1178571428571428,mumax_dataset_ku_by_block_disorder/run_00027/run_00027.mx3,mumax_dataset_ku_by_block_disorder/run_00027,0,1764024837.7041025,1764024886.1197257
28,28,0,0.0001071428571428,1400000.0,3.1e-11,1.0,0.0,0.1285714285714285,mumax_dataset_ku_by_block_disorder/run_00028/run_00028.mx3,mumax_dataset_ku_by_block_disorder/run_00028,0,1764024886.1213722,1764024934.1003797
29,29,0,0.0001071428571428,1400000.0,3.1e-11,1.0,0.0,0.1392857142857143,mumax_dataset_ku_by_block_disorder/run_00029/run_00029.mx3,mumax_dataset_ku_by_block_disorder/run_00029,0,1764024934.102991,1764024982.2784271
30,30,0,0.0001071428571428,1400000.0,3.1e-11,1.0,0.0,0.15,mumax_dataset_ku_by_block_disorder/run_00030/run_00030.mx3,mumax_dataset_ku_by_block_disorder/run_00030,0,1764024982.2800007,1764025033.0718038
31,31,0,0.0002142857142857,1400000.0,3.1e-11,1.0,0.0,0.0,mumax_dataset_ku_by_block_disorder/run_00031/run_00031.mx3,mumax_dataset_ku_by_block_disorder/run_00031,0,1764025033.0736237,1764025083.2505994
32,32,0,0.0002142857142857,1400000.0,3.1e-11,1.0,0.0,0.0107142857142857,mumax_dataset_ku_by_block_disorder/run_00032/run_00032.mx3,mumax_dataset_ku_by_block_disorder/run_00032,0,1764025083.2523494,1764025132.1373532
33,33,0,0.0002142857142857,1400000.0,3.1e-11,1.0,0.0,0.0214285714285714,mumax_dataset_ku_by_block_disorder/run_00033/run_00033.mx3,mumax_dataset_ku_by_block_disorder/run_00033,0,1764025132.139177,1764025178.989645
34,34,0,0.0002142857142857,1400000.0,3.1e-11,1.0,0.0,0.0321428571428571,mumax_dataset_ku_by_block_disorder/run_00034/run_00034.mx3,mumax_dataset_ku_by_block_disorder/run_00034,0,1764025178.9922965,1764025228.0058584
35,35,0,0.0002142857142857,1400000.0,3.1e-11,1.0,0.0,0.0428571428571428,mumax_dataset_ku_by_block_disorder/run_00035/run_00035.mx3,mumax_dataset_ku_by_block_disorder/run_00035,0,1764025228.0076532,1764025275.7099135
36,36,0,0.0002142857142857,1400000.0,3.1e-11,1.0,0.0,0.0535714285714285,mumax_dataset_ku_by_block_disorder/run_00036/run_00036.mx3,mumax_dataset_ku_by_block_disorder/run_00036,0,1764025275.7115502,1764025325.209351
37,37,0,0.0002142857142857,1400000.0,3.1e-11,1.0,0.0,0.0642857142857142,mumax_dataset_ku_by_block_disorder/run_00037/run_00037.mx3,mumax_dataset_ku_by_block_disorder/run_00037,0,1764025325.2109785,1764025373.5642982
38,38,0,0.0002142857142857,1400000.0,3.1e-11,1.0,0.0,0.075,mumax_dataset_ku_by_block_disorder/run_00038/run_00038.mx3,mumax_dataset_ku_by_block_disorder/run_00038,0,1764025373.565917,1764025421.5024135
39,39,0,0.0002142857142857,1400000.0,3.1e-11,1.0,0.0,0.0857142857142857,mumax_dataset_ku_by_block_disorder/run_00039/run_00039.mx3,mumax_dataset_ku_by_block_disorder/run_00039,0,1764025421.504138,1764025470.297218
40,40,0,0.0002142857142857,1400000.0,3.1e-11,1.0,0.0,0.0964285714285714,mumax_dataset_ku_by_block_disorder/run_00040/run_00040.mx3,mumax_dataset_ku_by_block_disorder/run_00040,0,1764025470.2989817,1764025517.926221
41,41,0,0.0002142857142857,1400000.0,3.1e-11,1.0,0.0,0.1071428571428571,mumax_dataset_ku_by_block_disorder/run_00041/run_00041.mx3,mumax_dataset_ku_by_block_disorder/run_00041,0,1764025517.9281034,1764025570.839322
42,42,0,0.0002142857142857,1400000.0,3.1e-11,1.0,0.0,0.1178571428571428,mumax_dataset_ku_by_block_disorder/run_00042/run_00042.mx3,mumax_dataset_ku_by_block_disorder/run_00042,0,1764025570.841045,1764025619.9947064
43,43,0,0.0002142857142857,1400000.0,3.1e-11,1.0,0.0,0.1285714285714285,mumax_dataset_ku_by_block_disorder/run_00043/run_00043.mx3,mumax_dataset_ku_by_block_disorder/run_00043,0,1764025619.9963963,1764025668.5629282
44,44,0,0.0002142857142857,1400000.0,3.1e-11,1.0,0.0,0.1392857142857143,mumax_dataset_ku_by_block_disorder/run_00044/run_00044.mx3,mumax_dataset_ku_by_block_disorder/run_00044,0,1764025668.565759,1764025724.4414232
45,45,0,0.0002142857142857,1400000.0,3.1e-11,1.0,0.0,0.15,mumax_dataset_ku_by_block_disorder/run_00045/run_00045.mx3,mumax_dataset_ku_by_block_disorder/run_00045,0,1764025724.443256,1764025772.3438408
46,46,0,0.0003214285714285,1400000.0,3.1e-11,1.0,0.0,0.0,mumax_dataset_ku_by_block_disorder/run_00046/run_00046.mx3,mumax_dataset_ku_by_block_disorder/run_00046,0,1764025772.345613,1764025837.1653454
47,47,0,0.0003214285714285,1400000.0,3.1e-11,1.0,0.0,0.0107142857142857,mumax_dataset_ku_by_block_disorder/run_00047/run_00047.mx3,mumax_dataset_ku_by_block_disorder/run_00047,0,1764025837.168083,1764025893.5412014
48,48,0,0.0003214285714285,1400000.0,3.1e-11,1.0,0.0,0.0214285714285714,mumax_dataset_ku_by_block_disorder/run_00048/run_00048.mx3,mumax_dataset_ku_by_block_disorder/run_00048,0,1764025893.5429575,1764025941.6497197
49,49,0,0.0003214285714285,1400000.0,3.1e-11,1.0,0.0,0.0321428571428571,mumax_dataset_ku_by_block_disorder/run_00049/run_00049.mx3,mumax_dataset_ku_by_block_disorder/run_00049,0,1764025941.65141,1764025995.8985472
50,50,0,0.0003214285714285,1400000.0,3.1e-11,1.0,0.0,0.0428571428571428,mumax_dataset_ku_by_block_disorder/run_00050/run_00050.mx3,mumax_dataset_ku_by_block_disorder/run_00050,0,1764025995.9004176,1764026048.8846812
51,51,0,0.0003214285714285,1400000.0,3.1e-11,1.0,0.0,0.0535714285714285,mumax_dataset_ku_by_block_disorder/run_00051/run_00051.mx3,mumax_dataset_ku_by_block_disorder/run_00051,0,1764026048.8864045,1764026097.1656272
52,52,0,0.0003214285714285,1400000.0,3.1e-11,1.0,0.0,0.0642857142857142,mumax_dataset_ku_by_block_disorder/run_00052/run_00052.mx3,mumax_dataset_ku_by_block_disorder/run_00052,0,1764026097.16784,1764026148.160419
53,53,0,0.0003214285714285,1400000.0,3.1e-11,1.0,0.0,0.075,mumax_dataset_ku_by_block_disorder/run_00053/run_00053.mx3,mumax_dataset_ku_by_block_disorder/run_00053,0,1764026148.1624827,1764026195.2943003
54,54,0,0.0003214285714285,1400000.0,3.1e-11,1.0,0.0,0.0857142857142857,mumax_dataset_ku_by_block_disorder/run_00054/run_00054.mx3,mumax_dataset_ku_by_block_disorder/run_00054,0,1764026195.296179,1764026244.2420568
55,55,0,0.0003214285714285,1400000.0,3.1e-11,1.0,0.0,0.0964285714285714,mumax_dataset_ku_by_block_disorder/run_00055/run_00055.mx3,mumax_dataset_ku_by_block_disorder/run_00055,0,1764026244.244072,1764026304.979529
56,56,0,0.0003214285714285,1400000.0,3.1e-11,1.0,0.0,0.1071428571428571,mumax_dataset_ku_by_block_disorder/run_00056/run_00056.mx3,mumax_dataset_ku_by_block_disorder/run_00056,0,1764026304.9817083,1764026362.4308631
57,57,0,0.0003214285714285,1400000.0,3.1e-11,1.0,0.0,0.1178571428571428,mumax_dataset_ku_by_block_disorder/run_00057/run_00057.mx3,mumax_dataset_ku_by_block_disorder/run_00057,0,1764026362.433142,1764026410.0685782
58,58,0,0.0003214285714285,1400000.0,3.1e-11,1.0,0.0,0.1285714285714285,mumax_dataset_ku_by_block_disorder/run_00058/run_00058.mx3,mumax_dataset_ku_by_block_disorder/run_00058,0,1764026410.070462,1764026459.1645572
59,59,0,0.0003214285714285,1400000.0,3.1e-11,1.0,0.0,0.1392857142857143,mumax_dataset_ku_by_block_disorder/run_00059/run_00059.mx3,mumax_dataset_ku_by_block_disorder/run_00059,0,1764026459.1665068,1764026510.4617016
60,60,0,0.0003214285714285,1400000.0,3.1e-11,1.0,0.0,0.15,mumax_dataset_ku_by_block_disorder/run_00060/run_00060.mx3,mumax_dataset_ku_by_block_disorder/run_00060,0,1764026510.463653,1764026564.694291
61,61,0,0.0004285714285714,1400000.0,3.1e-11,1.0,0.0,0.0,mumax_dataset_ku_by_block_disorder/run_00061/run_00061.mx3,mumax_dataset_ku_by_block_disorder/run_00061,0,1764026564.6962109,1764026621.1829126
62,62,0,0.0004285714285714,1400000.0,3.1e-11,1.0,0.0,0.0107142857142857,mumax_dataset_ku_by_block_disorder/run_00062/run_00062.mx3,mumax_dataset_ku_by_block_disorder/run_00062,0,1764026621.1849113,1764026668.6984613
63,63,0,0.0004285714285714,1400000.0,3.1e-11,1.0,0.0,0.0214285714285714,mumax_dataset_ku_by_block_disorder/run_00063/run_00063.mx3,mumax_dataset_ku_by_block_disorder/run_00063,0,1764026668.700389,1764026718.8995376
64,64,0,0.0004285714285714,1400000.0,3.1e-11,1.0,0.0,0.0321428571428571,mumax_dataset_ku_by_block_disorder/run_00064/run_00064.mx3,mumax_dataset_ku_by_block_disorder/run_00064,0,1764026718.901333,1764026767.875727
65,65,0,0.0004285714285714,1400000.0,3.1e-11,1.0,0.0,0.0428571428571428,mumax_dataset_ku_by_block_disorder/run_00065/run_00065.mx3,mumax_dataset_ku_by_block_disorder/run_00065,0,1764026767.8776429,1764026815.514243
66,66,0,0.0004285714285714,1400000.0,3.1e-11,1.0,0.0,0.0535714285714285,mumax_dataset_ku_by_block_disorder/run_00066/run_00066.mx3,mumax_dataset_ku_by_block_disorder/run_00066,0,1764026815.5161762,1764026866.4622817
67,67,0,0.0004285714285714,1400000.0,3.1e-11,1.0,0.0,0.0642857142857142,mumax_dataset_ku_by_block_disorder/run_00067/run_00067.mx3,mumax_dataset_ku_by_block_disorder/run_00067,0,1764026866.4642663,1764026914.1251535
68,68,0,0.0004285714285714,1400000.0,3.1e-11,1.0,0.0,0.075,mumax_dataset_ku_by_block_disorder/run_00068/run_00068.mx3,mumax_dataset_ku_by_block_disorder/run_00068,0,1764026914.126982,1764026961.7134442
69,69,0,0.0004285714285714,1400000.0,3.1e-11,1.0,0.0,0.0857142857142857,mumax_dataset_ku_by_block_disorder/run_00069/run_00069.mx3,mumax_dataset_ku_by_block_disorder/run_00069,0,1764026961.715795,1764027009.11093
70,70,0,0.0004285714285714,1400000.0,3.1e-11,1.0,0.0,0.0964285714285714,mumax_dataset_ku_by_block_disorder/run_00070/run_00070.mx3,mumax_dataset_ku_by_block_disorder/run_00070,0,1764027009.1127894,1764027056.4703786
71,71,0,0.0004285714285714,1400000.0,3.1e-11,1.0,0.0,0.1071428571428571,mumax_dataset_ku_by_block_disorder/run_00071/run_00071.mx3,mumax_dataset_ku_by_block_disorder/run_00071,0,1764027056.4724677,1764027103.774153
72,72,0,0.0004285714285714,1400000.0,3.1e-11,1.0,0.0,0.1178571428571428,mumax_dataset_ku_by_block_disorder/run_00072/run_00072.mx3,mumax_dataset_ku_by_block_disorder/run_00072,0,1764027103.7764218,1764027151.69602
73,73,0,0.0004285714285714,1400000.0,3.1e-11,1.0,0.0,0.1285714285714285,mumax_dataset_ku_by_block_disorder/run_00073/run_00073.mx3,mumax_dataset_ku_by_block_disorder/run_00073,0,1764027151.6981418,1764027202.102841
74,74,0,0.0004285714285714,1400000.0,3.1e-11,1.0,0.0,0.1392857142857143,mumax_dataset_ku_by_block_disorder/run_00074/run_00074.mx3,mumax_dataset_ku_by_block_disorder/run_00074,0,1764027202.1048346,1764027250.792198
75,75,0,0.0004285714285714,1400000.0,3.1e-11,1.0,0.0,0.15,mumax_dataset_ku_by_block_disorder/run_00075/run_00075.mx3,mumax_dataset_ku_by_block_disorder/run_00075,0,1764027250.8018093,1764027301.1909225
76,76,0,0.0005357142857142,1400000.0,3.1e-11,1.0,0.0,0.0,mumax_dataset_ku_by_block_disorder/run_00076/run_00076.mx3,mumax_dataset_ku_by_block_disorder/run_00076,0,1764027301.1929045,1764027370.9705496
77,77,0,0.0005357142857142,1400000.0,3.1e-11,1.0,0.0,0.0107142857142857,mumax_dataset_ku_by_block_disorder/run_00077/run_00077.mx3,mumax_dataset_ku_by_block_disorder/run_00077,0,1764027370.972566,1764027426.6001318
78,78,0,0.0005357142857142,1400000.0,3.1e-11,1.0,0.0,0.0214285714285714,mumax_dataset_ku_by_block_disorder/run_00078/run_00078.mx3,mumax_dataset_ku_by_block_disorder/run_00078,0,1764027426.6020567,1764027473.5808218
79,79,0,0.0005357142857142,1400000.0,3.1e-11,1.0,0.0,0.0321428571428571,mumax_dataset_ku_by_block_disorder/run_00079/run_00079.mx3,mumax_dataset_ku_by_block_disorder/run_00079,0,1764027473.5828526,1764027521.2250268
80,80,0,0.0005357142857142,1400000.0,3.1e-11,1.0,0.0,0.0428571428571428,mumax_dataset_ku_by_block_disorder/run_00080/run_00080.mx3,mumax_dataset_ku_by_block_disorder/run_00080,0,1764027521.2270546,1764027576.015558
81,81,0,0.0005357142857142,1400000.0,3.1e-11,1.0,0.0,0.0535714285714285,mumax_dataset_ku_by_block_disorder/run_00081/run_00081.mx3,mumax_dataset_ku_by_block_disorder/run_00081,0,1764027576.0175974,1764027628.580331
82,82,0,0.0005357142857142,1400000.0,3.1e-11,1.0,0.0,0.0642857142857142,mumax_dataset_ku_by_block_disorder/run_00082/run_00082.mx3,mumax_dataset_ku_by_block_disorder/run_00082,0,1764027628.5825226,1764027676.9215703
83,83,0,0.0005357142857142,1400000.0,3.1e-11,1.0,0.0,0.075,mumax_dataset_ku_by_block_disorder/run_00083/run_00083.mx3,mumax_dataset_ku_by_block_disorder/run_00083,0,1764027676.9236555,1764027727.383849
84,84,0,0.0005357142857142,1400000.0,3.1e-11,1.0,0.0,0.0857142857142857,mumax_dataset_ku_by_block_disorder/run_00084/run_00084.mx3,mumax_dataset_ku_by_block_disorder/run_00084,0,1764027727.385927,1764027774.610401
85,85,0,0.0005357142857142,1400000.0,3.1e-11,1.0,0.0,0.0964285714285714,mumax_dataset_ku_by_block_disorder/run_00085/run_00085.mx3,mumax_dataset_ku_by_block_disorder/run_00085,0,1764027774.6124551,1764027821.9373164
86,86,0,0.0005357142857142,1400000.0,3.1e-11,1.0,0.0,0.1071428571428571,mumax_dataset_ku_by_block_disorder/run_00086/run_00086.mx3,mumax_dataset_ku_by_block_disorder/run_00086,0,1764027821.9396653,1764027870.0706208
87,87,0,0.0005357142857142,1400000.0,3.1e-11,1.0,0.0,0.1178571428571428,mumax_dataset_ku_by_block_disorder/run_00087/run_00087.mx3,mumax_dataset_ku_by_block_disorder/run_00087,0,1764027870.0727873,1764027918.057715
88,88,0,0.0005357142857142,1400000.0,3.1e-11,1.0,0.0,0.1285714285714285,mumax_dataset_ku_by_block_disorder/run_00088/run_00088.mx3,mumax_dataset_ku_by_block_disorder/run_00088,0,1764027918.0597954,1764027979.8999925
89,89,0,0.0005357142857142,1400000.0,3.1e-11,1.0,0.0,0.1392857142857143,mumax_dataset_ku_by_block_disorder/run_00089/run_00089.mx3,mumax_dataset_ku_by_block_disorder/run_00089,0,1764027979.9023385,1764028043.1411345
90,90,0,0.0005357142857142,1400000.0,3.1e-11,1.0,0.0,0.15,mumax_dataset_ku_by_block_disorder/run_00090/run_00090.mx3,mumax_dataset_ku_by_block_disorder/run_00090,0,1764028043.1435194,1764028102.2371063
91,91,0,0.0006428571428571,1400000.0,3.1e-11,1.0,0.0,0.0,mumax_dataset_ku_by_block_disorder/run_00091/run_00091.mx3,mumax_dataset_ku_by_block_disorder/run_00091,0,1764028102.23925,1764028185.716017
92,92,0,0.0006428571428571,1400000.0,3.1e-11,1.0,0.0,0.0107142857142857,mumax_dataset_ku_by_block_disorder/run_00092/run_00092.mx3,mumax_dataset_ku_by_block_disorder/run_00092,0,1764028185.718169,1764028234.605737
93,93,0,0.0006428571428571,1400000.0,3.1e-11,1.0,0.0,0.0214285714285714,mumax_dataset_ku_by_block_disorder/run_00093/run_00093.mx3,mumax_dataset_ku_by_block_disorder/run_00093,0,1764028234.607831,1764028287.3458602
94,94,0,0.0006428571428571,1400000.0,3.1e-11,1.0,0.0,0.0321428571428571,mumax_dataset_ku_by_block_disorder/run_00094/run_00094.mx3,mumax_dataset_ku_by_block_disorder/run_00094,0,1764028287.348421,1764028337.7812326
95,95,0,0.0006428571428571,1400000.0,3.1e-11,1.0,0.0,0.0428571428571428,mumax_dataset_ku_by_block_disorder/run_00095/run_00095.mx3,mumax_dataset_ku_by_block_disorder/run_00095,0,1764028337.7834818,1764028384.4622788
96,96,0,0.0006428571428571,1400000.0,3.1e-11,1.0,0.0,0.0535714285714285,mumax_dataset_ku_by_block_disorder/run_00096/run_00096.mx3,mumax_dataset_ku_by_block_disorder/run_00096,0,1764028384.4644368,1764028432.787342
97,97,0,0.0006428571428571,1400000.0,3.1e-11,1.0,0.0,0.0642857142857142,mumax_dataset_ku_by_block_disorder/run_00097/run_00097.mx3,mumax_dataset_ku_by_block_disorder/run_00097,0,1764028432.7896109,1764028482.6583254
98,98,0,0.0006428571428571,1400000.0,3.1e-11,1.0,0.0,0.075,mumax_dataset_ku_by_block_disorder/run_00098/run_00098.mx3,mumax_dataset_ku_by_block_disorder/run_00098,0,1764028482.6618893,1764028530.4467769
99,99,0,0.0006428571428571,1400000.0,3.1e-11,1.0,0.0,0.0857142857142857,mumax_dataset_ku_by_block_disorder/run_00099/run_00099.mx3,mumax_dataset_ku_by_block_disorder/run_00099,0,1764028530.4490106,1764028578.2917538
100,100,0,0.0006428571428571,1400000.0,3.1e-11,1.0,0.0,0.0964285714285714,mumax_dataset_ku_by_block_disorder/run_00100/run_00100.mx3,mumax_dataset_ku_by_block_disorder/run_00100,0,1764028578.2940104,1764028631.4870582
101,101,0,0.0006428571428571,1400000.0,3.1e-11,1.0,0.0,0.1071428571428571,mumax_dataset_ku_by_block_disorder/run_00101/run_00101.mx3,mumax_dataset_ku_by_block_disorder/run_00101,0,1764028631.4893792,1764028682.7107754
102,102,0,0.0006428571428571,1400000.0,3.1e-11,1.0,0.0,0.1178571428571428,mumax_dataset_ku_by_block_disorder/run_00102/run_00102.mx3,mumax_dataset_ku_by_block_disorder/run_00102,0,1764028682.7130282,1764028730.368323
103,103,0,0.0006428571428571,1400000.0,3.1e-11,1.0,0.0,0.1285714285714285,mumax_dataset_ku_by_block_disorder/run_00103/run_00103.mx3,mumax_dataset_ku_by_block_disorder/run_00103,0,1764028730.3709702,1764028778.053552
104,104,0,0.0006428571428571,1400000.0,3.1e-11,1.0,0.0,0.1392857142857143,mumax_dataset_ku_by_block_disorder/run_00104/run_00104.mx3,mumax_dataset_ku_by_block_disorder/run_00104,0,1764028778.0558434,1764028825.7931612
105,105,0,0.0006428571428571,1400000.0,3.1e-11,1.0,0.0,0.15,mumax_dataset_ku_by_block_disorder/run_00105/run_00105.mx3,mumax_dataset_ku_by_block_disorder/run_00105,0,1764028825.7956345,1764028874.025574
106,106,0,0.00075,1400000.0,3.1e-11,1.0,0.0,0.0,mumax_dataset_ku_by_block_disorder/run_00106/run_00106.mx3,mumax_dataset_ku_by_block_disorder/run_00106,0,1764028874.027836,1764028936.8762047
107,107,0,0.00075,1400000.0,3.1e-11,1.0,0.0,0.0107142857142857,mumax_dataset_ku_by_block_disorder/run_00107/run_00107.mx3,mumax_dataset_ku_by_block_disorder/run_00107,0,1764028936.8786917,1764028983.5233636
108,108,0,0.00075,1400000.0,3.1e-11,1.0,0.0,0.0214285714285714,mumax_dataset_ku_by_block_disorder/run_00108/run_00108.mx3,mumax_dataset_ku_by_block_disorder/run_00108,0,1764028983.525614,1764029029.9150674
109,109,0,0.00075,1400000.0,3.1e-11,1.0,0.0,0.0321428571428571,mumax_dataset_ku_by_block_disorder/run_00109/run_00109.mx3,mumax_dataset_ku_by_block_disorder/run_00109,0,1764029029.9176884,1764029079.0137188
110,110,0,0.00075,1400000.0,3.1e-11,1.0,0.0,0.0428571428571428,mumax_dataset_ku_by_block_disorder/run_00110/run_00110.mx3,mumax_dataset_ku_by_block_disorder/run_00110,0,1764029079.0159116,1764029127.1929924
111,111,0,0.00075,1400000.0,3.1e-11,1.0,0.0,0.0535714285714285,mumax_dataset_ku_by_block_disorder/run_00111/run_00111.mx3,mumax_dataset_ku_by_block_disorder/run_00111,0,1764029127.1954126,1764029174.98234
112,112,0,0.00075,1400000.0,3.1e-11,1.0,0.0,0.0642857142857142,mumax_dataset_ku_by_block_disorder/run_00112/run_00112.mx3,mumax_dataset_ku_by_block_disorder/run_00112,0,1764029174.9845908,1764029223.6664455
113,113,0,0.00075,1400000.0,3.1e-11,1.0,0.0,0.075,mumax_dataset_ku_by_block_disorder/run_00113/run_00113.mx3,mumax_dataset_ku_by_block_disorder/run_00113,0,1764029223.6688013,1764029270.6958458
114,114,0,0.00075,1400000.0,3.1e-11,1.0,0.0,0.0857142857142857,mumax_dataset_ku_by_block_disorder/run_00114/run_00114.mx3,mumax_dataset_ku_by_block_disorder/run_00114,0,1764029270.6981552,1764029318.3587909
115,115,0,0.00075,1400000.0,3.1e-11,1.0,0.0,0.0964285714285714,mumax_dataset_ku_by_block_disorder/run_00115/run_00115.mx3,mumax_dataset_ku_by_block_disorder/run_00115,0,1764029318.3615072,1764029368.934964
116,116,0,0.00075,1400000.0,3.1e-11,1.0,0.0,0.1071428571428571,mumax_dataset_ku_by_block_disorder/run_00116/run_00116.mx3,mumax_dataset_ku_by_block_disorder/run_00116,0,1764029368.937533,1764029420.157138
117,117,0,0.00075,1400000.0,3.1e-11,1.0,0.0,0.1178571428571428,mumax_dataset_ku_by_block_disorder/run_00117/run_00117.mx3,mumax_dataset_ku_by_block_disorder/run_00117,0,1764029420.1595826,1764029467.6810398
118,118,0,0.00075,1400000.0,3.1e-11,1.0,0.0,0.1285714285714285,mumax_dataset_ku_by_block_disorder/run_00118/run_00118.mx3,mumax_dataset_ku_by_block_disorder/run_00118,0,1764029467.683291,1764029517.194444
119,119,0,0.00075,1400000.0,3.1e-11,1.0,0.0,0.1392857142857143,mumax_dataset_ku_by_block_disorder/run_00119/run_00119.mx3,mumax_dataset_ku_by_block_disorder/run_00119,0,1764029517.197081,1764029565.1102357
120,120,0,0.00075,1400000.0,3.1e-11,1.0,0.0,0.15,mumax_dataset_ku_by_block_disorder/run_00120/run_00120.mx3,mumax_dataset_ku_by_block_disorder/run_00120,0,1764029565.1127574,1764029614.202205
121,121,0,0.0008571428571428,1400000.0,3.1e-11,1.0,0.0,0.0,mumax_dataset_ku_by_block_disorder/run_00121/run_00121.mx3,mumax_dataset_ku_by_block_disorder/run_00121,0,1764029614.2046273,1764029676.0436585
122,122,0,0.0008571428571428,1400000.0,3.1e-11,1.0,0.0,0.0107142857142857,mumax_dataset_ku_by_block_disorder/run_00122/run_00122.mx3,mumax_dataset_ku_by_block_disorder/run_00122,0,1764029676.0461144,1764029723.802265
123,123,0,0.0008571428571428,1400000.0,3.1e-11,1.0,0.0,0.0214285714285714,mumax_dataset_ku_by_block_disorder/run_00123/run_00123.mx3,mumax_dataset_ku_by_block_disorder/run_00123,0,1764029723.804605,1764029772.444949
124,124,0,0.0008571428571428,1400000.0,3.1e-11,1.0,0.0,0.0321428571428571,mumax_dataset_ku_by_block_disorder/run_00124/run_00124.mx3,mumax_dataset_ku_by_block_disorder/run_00124,0,1764029772.447368,1764029820.637849
125,125,0,0.0008571428571428,1400000.0,3.1e-11,1.0,0.0,0.0428571428571428,mumax_dataset_ku_by_block_disorder/run_00125/run_00125.mx3,mumax_dataset_ku_by_block_disorder/run_00125,0,1764029820.6402547,1764029870.433352
126,126,0,0.0008571428571428,1400000.0,3.1e-11,1.0,0.0,0.0535714285714285,mumax_dataset_ku_by_block_disorder/run_00126/run_00126.mx3,mumax_dataset_ku_by_block_disorder/run_00126,0,1764029870.436031,1764029920.140391
127,127,0,0.0008571428571428,1400000.0,3.1e-11,1.0,0.0,0.0642857142857142,mumax_dataset_ku_by_block_disorder/run_00127/run_00127.mx3,mumax_dataset_ku_by_block_disorder/run_00127,0,1764029920.1429305,1764029974.3503351
128,128,0,0.0008571428571428,1400000.0,3.1e-11,1.0,0.0,0.075,mumax_dataset_ku_by_block_disorder/run_00128/run_00128.mx3,mumax_dataset_ku_by_block_disorder/run_00128,0,1764029974.3528464,1764030022.5369675
129,129,0,0.0008571428571428,1400000.0,3.1e-11,1.0,0.0,0.0857142857142857,mumax_dataset_ku_by_block_disorder/run_00129/run_00129.mx3,mumax_dataset_ku_by_block_disorder/run_00129,0,1764030022.5394802,1764030069.687214
130,130,0,0.0008571428571428,1400000.0,3.1e-11,1.0,0.0,0.0964285714285714,mumax_dataset_ku_by_block_disorder/run_00130/run_00130.mx3,mumax_dataset_ku_by_block_disorder/run_00130,0,1764030069.6897826,1764030117.4133303
131,131,0,0.0008571428571428,1400000.0,3.1e-11,1.0,0.0,0.1071428571428571,mumax_dataset_ku_by_block_disorder/run_00131/run_00131.mx3,mumax_dataset_ku_by_block_disorder/run_00131,0,1764030117.416038,1764030170.2359903
132,132,0,0.0008571428571428,1400000.0,3.1e-11,1.0,0.0,0.1178571428571428,mumax_dataset_ku_by_block_disorder/run_00132/run_00132.mx3,mumax_dataset_ku_by_block_disorder/run_00132,0,1764030170.2399745,1764030217.8782315
133,133,0,0.0008571428571428,1400000.0,3.1e-11,1.0,0.0,0.1285714285714285,mumax_dataset_ku_by_block_disorder/run_00133/run_00133.mx3,mumax_dataset_ku_by_block_disorder/run_00133,0,1764030217.8808548,1764030268.7573972
134,134,0,0.0008571428571428,1400000.0,3.1e-11,1.0,0.0,0.1392857142857143,mumax_dataset_ku_by_block_disorder/run_00134/run_00134.mx3,mumax_dataset_ku_by_block_disorder/run_00134,0,1764030268.7599027,1764030316.70777
135,135,0,0.0008571428571428,1400000.0,3.1e-11,1.0,0.0,0.15,mumax_dataset_ku_by_block_disorder/run_00135/run_00135.mx3,mumax_dataset_ku_by_block_disorder/run_00135,0,1764030316.7102735,1764030366.32638
136,136,0,0.0009642857142857,1400000.0,3.1e-11,1.0,0.0,0.0,mumax_dataset_ku_by_block_disorder/run_00136/run_00136.mx3,mumax_dataset_ku_by_block_disorder/run_00136,0,1764030366.3295166,1764030421.7580097
137,137,0,0.0009642857142857,1400000.0,3.1e-11,1.0,0.0,0.0107142857142857,mumax_dataset_ku_by_block_disorder/run_00137/run_00137.mx3,mumax_dataset_ku_by_block_disorder/run_00137,0,1764030421.760461,1764030472.023983
138,138,0,0.0009642857142857,1400000.0,3.1e-11,1.0,0.0,0.0214285714285714,mumax_dataset_ku_by_block_disorder/run_00138/run_00138.mx3,mumax_dataset_ku_by_block_disorder/run_00138,0,1764030472.0264368,1764030520.6555233
139,139,0,0.0009642857142857,1400000.0,3.1e-11,1.0,0.0,0.0321428571428571,mumax_dataset_ku_by_block_disorder/run_00139/run_00139.mx3,mumax_dataset_ku_by_block_disorder/run_00139,0,1764030520.6580803,1764030567.601047
140,140,0,0.0009642857142857,1400000.0,3.1e-11,1.0,0.0,0.0428571428571428,mumax_dataset_ku_by_block_disorder/run_00140/run_00140.mx3,mumax_dataset_ku_by_block_disorder/run_00140,0,1764030567.6036267,1764030614.4505975
141,141,0,0.0009642857142857,1400000.0,3.1e-11,1.0,0.0,0.0535714285714285,mumax_dataset_ku_by_block_disorder/run_00141/run_00141.mx3,mumax_dataset_ku_by_block_disorder/run_00141,0,1764030614.4531035,1764030662.7727728
142,142,0,0.0009642857142857,1400000.0,3.1e-11,1.0,0.0,0.0642857142857142,mumax_dataset_ku_by_block_disorder/run_00142/run_00142.mx3,mumax_dataset_ku_by_block_disorder/run_00142,0,1764030662.775249,1764030711.3890004
143,143,0,0.0009642857142857,1400000.0,3.1e-11,1.0,0.0,0.075,mumax_dataset_ku_by_block_disorder/run_00143/run_00143.mx3,mumax_dataset_ku_by_block_disorder/run_00143,0,1764030711.3916185,1764030758.65124
144,144,0,0.0009642857142857,1400000.0,3.1e-11,1.0,0.0,0.0857142857142857,mumax_dataset_ku_by_block_disorder/run_00144/run_00144.mx3,mumax_dataset_ku_by_block_disorder/run_00144,0,1764030758.6538603,1764030806.390961
145,145,0,0.0007170413415078,1418560.478239965,3.161749774351347e-11,1.0,0.0,0.0244524564027229,mumax_dataset_ku_by_block_disorder/run_00145/run_00145.mx3,mumax_dataset_ku_by_block_disorder/run_00145,0,1764375709.5345316,1764375810.6291032
146,146,0,0.0014711426843783,1380802.7708812945,3.056598366901758e-11,1.0,0.0,0.1209459499629924,mumax_dataset_ku_by_block_disorder/run_00146/run_00146.mx3,mumax_dataset_ku_by_block_disorder/run_00146,0,1764375810.6405928,1764375860.2249644
147,147,0,0.0004231597154933,1412009.3945779812,3.019317207646587e-11,1.0,0.0,0.1469992973865738,mumax_dataset_ku_by_block_disorder/run_00147/run_00147.mx3,mumax_dataset_ku_by_block_disorder/run_00147,0,1764375860.2279096,1764375919.127994
148,148,0,1.7759325239071312e-05,1379530.6447749045,3.0359798288251957e-11,1.0,0.0,0.0186500133244872,mumax_dataset_ku_by_block_disorder/run_00148/run_00148.mx3,mumax_dataset_ku_by_block_disorder/run_00148,0,1764375919.1308346,1764375972.1705608
149,149,0,0.0009915976581941,1378552.1962244196,3.01215250106631e-11,1.0,0.0,0.022306421629417,mumax_dataset_ku_by_block_disorder/run_00149/run_00149.mx3,mumax_dataset_ku_by_block_disorder/run_00149,0,1764375972.1733265,1764376048.4535162
150,150,0,0.0005007793566646,1437272.493472078,3.176889334093551e-11,1.0,0.0,0.0696966255170374,mumax_dataset_ku_by_block_disorder/run_00150/run_00150.mx3,mumax_dataset_ku_by_block_disorder/run_00150,0,1764376520.9034734,1764376582.6963048
151,151,0,0.000476280081189,1411565.9841802586,3.212719335718656e-11,1.0,0.0,0.120355262376881,mumax_dataset_ku_by_block_disorder/run_00151/run_00151.mx3,mumax_dataset_ku_by_block_disorder/run_00151,0,1764376582.6993556,1764376646.1953883
152,152,0,0.0010627911642334,1391699.5428767814,3.090097097217973e-11,1.0,0.0,0.0746242243562848,mumax_dataset_ku_by_block_disorder/run_00152/run_00152.mx3,mumax_dataset_ku_by_block_disorder/run_00152,0,1764376646.197878,1764376704.728425
153,153,0,0.0008788785600923,1412892.861384553,3.075484816612424e-11,1.0,0.0,0.061506564037419,mumax_dataset_ku_by_block_disorder/run_00153/run_00153.mx3,mumax_dataset_ku_by_block_disorder/run_00153,0,1764376704.7309723,1764376763.6311357
154,154,0,0.00078908442728,1419953.536432724,3.14639075704974e-11,1.0,0.0,0.0932534436821355,mumax_dataset_ku_by_block_disorder/run_00154/run_00154.mx3,mumax_dataset_ku_by_block_disorder/run_00154,0,1764376763.633639,1764376822.7450178
155,155,0,0.0004400159351876,1389367.319526134,3.0519051224848315e-11,1.0,0.0,0.0903453970590051,mumax_dataset_ku_by_block_disorder/run_00155/run_00155.mx3,mumax_dataset_ku_by_block_disorder/run_00155,0,1764376822.7476518,1764376879.9224665
156,156,0,4.968353644173085e-06,1351849.8368886623,3.1108228882574424e-11,1.0,0.0,0.1272329555530229,mumax_dataset_ku_by_block_disorder/run_00156/run_00156.mx3,mumax_dataset_ku_by_block_disorder/run_00156,0,1764376879.9253583,1764376945.697877
157,157,0,0.0003895500641242,1430653.0381669174,3.0828075755743685e-11,1.0,0.0,0.0842818246497857,mumax_dataset_ku_by_block_disorder/run_00157/run_00157.mx3,mumax_dataset_ku_by_block_disorder/run_00157,0,1764376945.700571,1764377004.135705
158,158,0,0.0008351132682506,1456373.0958012391,2.9712603791447796e-11,1.0,0.0,0.0930934424714852,mumax_dataset_ku_by_block_disorder/run_00158/run_00158.mx3,mumax_dataset_ku_by_block_disorder/run_00158,0,1764377004.1382978,1764377070.6190536
159,159,0,0.0001049033163982,1399920.274045684,3.082728368947894e-11,1.0,0.0,0.0028796649958982,mumax_dataset_ku_by_block_disorder/run_00159/run_00159.mx3,mumax_dataset_ku_by_block_disorder/run_00159,0,1764377070.6219454,1764377193.2459152
160,160,0,0.0005466863041057,1420348.9432536294,3.0994557427628306e-11,1.0,0.0,0.1171626814108239,mumax_dataset_ku_by_block_disorder/run_00160/run_00160.mx3,mumax_dataset_ku_by_block_disorder/run_00160,0,1764377193.2487602,1764377261.6797576
161,161,0,0.0006995623298043,1413986.8240877388,3.2496179578828786e-11,1.0,0.0,0.0772245076422455,mumax_dataset_ku_by_block_disorder/run_00161/run_00161.mx3,mumax_dataset_ku_by_block_disorder/run_00161,0,1764377261.682486,1764377323.6785438
162,162,0,0.0010108003909695,1405353.9045425577,3.0580460800846193e-11,1.0,0.0,0.0961075436365741,mumax_dataset_ku_by_block_disorder/run_00162/run_00162.mx3,mumax_dataset_ku_by_block_disorder/run_00162,0,1764377323.6814811,1764377380.9457104
163,163,0,0.0001102641878521,1414279.6687739077,3.1544743698178073e-11,1.0,0.0,0.0589260050938528,mumax_dataset_ku_by_block_disorder/run_00163/run_00163.mx3,mumax_dataset_ku_by_block_disorder/run_00163,0,1764377380.9483502,1764377443.8023877
164,164,0,0.0005099318892206,1395919.5220960914,3.1930897679850977e-11,1.0,0.0,0.0895640617484607,mumax_dataset_ku_by_block_disorder/run_00164/run_00164.mx3,mumax_dataset_ku_by_block_disorder/run_00164,0,1764377443.805012,1764377511.4686215
165,165,0,0.0006777860423792,1417865.6147645668,3.164323924791669e-11,1.0,0.0,0.0839545897765277,mumax_dataset_ku_by_block_disorder/run_00165/run_00165.mx3,mumax_dataset_ku_by_block_disorder/run_00165,0,1764377511.4712498,1764377571.033512
166,166,0,0.0004442241225842,1402012.7233920663,3.1473399229083056e-11,1.0,0.0,0.0552316223627202,mumax_dataset_ku_by_block_disorder/run_00166/run_00166.mx3,mumax_dataset_ku_by_block_disorder/run_00166,0,1764377571.0365334,1764377629.9952598
167,167,0,0.0009753705389171,1412416.1659816566,3.1268593351501575e-11,1.0,0.0,0.0641425119820422,mumax_dataset_ku_by_block_disorder/run_00167/run_00167.mx3,mumax_dataset_ku_by_block_disorder/run_00167,0,1764377629.9980016,1764377689.1632063
168,168,0,0.0009267253370706,1408325.5277774483,3.0214252259271495e-11,1.0,0.0,0.1355183667003626,mumax_dataset_ku_by_block_disorder/run_00168/run_00168.mx3,mumax_dataset_ku_by_block_disorder/run_00168,0,1764377689.1661155,1764377747.638589
169,169,0,0.0012190534223406,1358406.8324569268,3.101641623744217e-11,1.0,0.0,0.067711080092368,mumax_dataset_ku_by_block_disorder/run_00169/run_00169.mx3,mumax_dataset_ku_by_block_disorder/run_00169,0,1764377747.6414287,1764377809.5619223
170,170,0,0.0011790732147221,1399341.937220123,3.0819933398457253e-11,1.0,0.0,0.1055330574046149,mumax_dataset_ku_by_block_disorder/run_00170/run_00170.mx3,mumax_dataset_ku_by_block_disorder/run_00170,0,1764377809.5647824,1764377868.142429
171,171,0,0.0010007213479796,1362663.731850753,3.126272613178174e-11,1.0,0.0,0.0606221581315749,mumax_dataset_ku_by_block_disorder/run_00171/run_00171.mx3,mumax_dataset_ku_by_block_disorder/run_00171,0,1764377868.14528,1764377929.2557924
172,172,0,0.0001688760505856,1438481.711893039,3.1537462660245765e-11,1.0,0.0,0.020988848908435,mumax_dataset_ku_by_block_disorder/run_00172/run_00172.mx3,mumax_dataset_ku_by_block_disorder/run_00172,0,1764377929.258751,1764377996.608628
173,173,0,0.000481530324099,1378086.241570274,3.1168796836481144e-11,1.0,0.0,0.0879816490800304,mumax_dataset_ku_by_block_disorder/run_00173/run_00173.mx3,mumax_dataset_ku_by_block_disorder/run_00173,0,1764377996.61297,1764378061.4801943
174,174,0,9.222431694676236e-05,1412855.5080856362,3.109219964947529e-11,1.0,0.0,0.0970357795545716,mumax_dataset_ku_by_block_disorder/run_00174/run_00174.mx3,mumax_dataset_ku_by_block_disorder/run_00174,0,1764378061.4832678,1764378150.0385716
175,175,0,0.0005799503946441,1410319.0735870292,3.054341572784384e-11,1.0,0.0,0.1352335312404387,mumax_dataset_ku_by_block_disorder/run_00175/run_00175.mx3,mumax_dataset_ku_by_block_disorder/run_00175,0,1764378150.0413773,1764378209.3538234
176,176,0,0.0001696101801581,1372370.9298080786,3.075105715731411e-11,1.0,0.0,0.1283434338454388,mumax_dataset_ku_by_block_disorder/run_00176/run_00176.mx3,mumax_dataset_ku_by_block_disorder/run_00176,0,1764378209.3573802,1764378268.4665723
177,177,0,0.0007486197928762,1441022.3714601093,3.235374952999357e-11,1.0,0.0,0.1334488632425294,mumax_dataset_ku_by_block_disorder/run_00177/run_00177.mx3,mumax_dataset_ku_by_block_disorder/run_00177,0,1764378268.4694204,1764378331.9011972
178,178,0,0.0009560773990708,1452837.0557170922,3.1238282572178146e-11,1.0,0.0,0.122530101537489,mumax_dataset_ku_by_block_disorder/run_00178/run_00178.mx3,mumax_dataset_ku_by_block_disorder/run_00178,0,1764378331.9039996,1764378392.2574737
179,179,0,0.0012262016298298,1374726.8022100867,3.0046684580155744e-11,1.0,0.0,0.0732813361258693,mumax_dataset_ku_by_block_disorder/run_00179/run_00179.mx3,mumax_dataset_ku_by_block_disorder/run_00179,0,1764378392.2604086,1764378450.3475225
180,180,0,0.0001314707897105,1377741.244360977,3.110337053278909e-11,1.0,0.0,0.134325201173887,mumax_dataset_ku_by_block_disorder/run_00180/run_00180.mx3,mumax_dataset_ku_by_block_disorder/run_00180,0,1764378450.350406,1764378519.6149824
181,181,0,0.0009336973873659,1418974.7953844692,3.0672730865444096e-11,1.0,0.0,0.0535992771605345,mumax_dataset_ku_by_block_disorder/run_00181/run_00181.mx3,mumax_dataset_ku_by_block_disorder/run_00181,0,1764378519.6183903,1764378591.528993
182,182,0,5.624020213872566e-05,1430561.383344396,3.087690654269104e-11,1.0,0.0,0.0886890953057393,mumax_dataset_ku_by_block_disorder/run_00182/run_00182.mx3,mumax_dataset_ku_by_block_disorder/run_00182,0,1764378591.5322618,1764378650.656804
183,183,0,0.000712224412321,1423590.1455540005,2.9886007875825064e-11,1.0,0.0,0.0874991897083874,mumax_dataset_ku_by_block_disorder/run_00183/run_00183.mx3,mumax_dataset_ku_by_block_disorder/run_00183,0,1764378650.6597855,1764378706.2308493
184,184,0,5.151418753754195e-05,1373712.6755194522,3.082171207772981e-11,1.0,0.0,0.1075489817949112,mumax_dataset_ku_by_block_disorder/run_00184/run_00184.mx3,mumax_dataset_ku_by_block_disorder/run_00184,0,1764378706.2345195,1764378778.8026912
185,185,0,0.0013581903640201,1386770.6028203077,3.100542342384392e-11,1.0,0.0,0.0217057355473193,mumax_dataset_ku_by_block_disorder/run_00185/run_00185.mx3,mumax_dataset_ku_by_block_disorder/run_00185,0,1764378778.8058786,1764378839.2368443
186,186,0,0.0005250122254999,1354012.2160479324,3.2140357240140986e-11,1.0,0.0,0.0171430133001251,mumax_dataset_ku_by_block_disorder/run_00186/run_00186.mx3,mumax_dataset_ku_by_block_disorder/run_00186,0,1764378839.2416444,1764378899.2441995
187,187,0,0.0011138248891782,1375574.6599566748,3.086590489310582e-11,1.0,0.0,0.0760443033386409,mumax_dataset_ku_by_block_disorder/run_00187/run_00187.mx3,mumax_dataset_ku_by_block_disorder/run_00187,0,1764378899.2470489,1764378960.299476
188,188,0,0.0006913273430136,1434404.0820425495,3.068051272176753e-11,1.0,0.0,0.0098191779103595,mumax_dataset_ku_by_block_disorder/run_00188/run_00188.mx3,mumax_dataset_ku_by_block_disorder/run_00188,0,1764378960.3023329,1764379017.86667
189,189,0,0.0011480015623669,1398544.043230933,3.0255807598730766e-11,1.0,0.0,0.1139122795388387,mumax_dataset_ku_by_block_disorder/run_00189/run_00189.mx3,mumax_dataset_ku_by_block_disorder/run_00189,0,1764379017.8697634,1764379074.565551
190,190,0,0.0002948361011648,1403098.7083392248,3.1469756790242103e-11,1.0,0.0,0.0223320165522941,mumax_dataset_ku_by_block_disorder/run_00190/run_00190.mx3,mumax_dataset_ku_by_block_disorder/run_00190,0,1764379074.5685484,1764379136.3736715
191,191,0,0.001314465418025,1374966.84891901,3.079231549965404e-11,1.0,0.0,0.080387909370051,mumax_dataset_ku_by_block_disorder/run_00191/run_00191.mx3,mumax_dataset_ku_by_block_disorder/run_00191,0,1764379136.376846,1764379194.8865564
192,192,0,0.0006014707355296,1436218.5711773615,3.020452394791011e-11,1.0,0.0,0.0293348345086744,mumax_dataset_ku_by_block_disorder/run_00192/run_00192.mx3,mumax_dataset_ku_by_block_disorder/run_00192,0,1764379194.889526,1764379258.9606946
193,193,0,0.0013761255098934,1400595.728934942,3.085601175568165e-11,1.0,0.0,0.0174084153722176,mumax_dataset_ku_by_block_disorder/run_00193/run_00193.mx3,mumax_dataset_ku_by_block_disorder/run_00193,0,1764379258.963785,1764379318.130691
194,194,0,0.0008008168719733,1403692.8348057736,3.0506426647895947e-11,1.0,0.0,0.1232832412048966,mumax_dataset_ku_by_block_disorder/run_00194/run_00194.mx3,mumax_dataset_ku_by_block_disorder/run_00194,0,1764379318.1336436,1764379376.400862
195,195,0,0.0004201341660512,1415280.6775601143,3.024105345528511e-11,1.0,0.0,0.115314696792904,mumax_dataset_ku_by_block_disorder/run_00195/run_00195.mx3,mumax_dataset_ku_by_block_disorder/run_00195,0,1764379376.4038515,1764379434.518688
196,196,0,0.001451356820497,1404124.9701675514,3.1169912799681886e-11,1.0,0.0,0.0740574777810924,mumax_dataset_ku_by_block_disorder/run_00196/run_00196.mx3,mumax_dataset_ku_by_block_disorder/run_00196,0,1764379434.5221076,1764379492.9558425
197,197,0,0.0014695264324113,1385147.0428842737,3.104712635146262e-11,1.0,0.0,0.0642842435307181,mumax_dataset_ku_by_block_disorder/run_00197/run_00197.mx3,mumax_dataset_ku_by_block_disorder/run_00197,0,1764379492.9587817,1764379558.544984
198,198,0,0.0005621914622456,1344966.0488987402,3.090500355409795e-11,1.0,0.0,0.0939124654003203,mumax_dataset_ku_by_block_disorder/run_00198/run_00198.mx3,mumax_dataset_ku_by_block_disorder/run_00198,0,1764379558.548133,1764379623.1696997
199,199,0,0.0003879430530005,1414336.4038862626,3.00620426845272e-11,1.0,0.0,0.0763521267535009,mumax_dataset_ku_by_block_disorder/run_00199/run_00199.mx3,mumax_dataset_ku_by_block_disorder/run_00199,0,1764379623.172714,1764379683.5407772
200,200,0,0.0010453845657173,1414379.1423042065,3.1324678248119624e-11,1.0,0.0,0.1243191266066946,mumax_dataset_ku_by_block_disorder/run_00200/run_00200.mx3,mumax_dataset_ku_by_block_disorder/run_00200,0,1764379683.5439868,1764379745.1276224
201,201,0,0.0003072116230035,1394969.1004132684,3.121650714449939e-11,1.0,0.0,0.0112397110849435,mumax_dataset_ku_by_block_disorder/run_00201/run_00201.mx3,mumax_dataset_ku_by_block_disorder/run_00201,0,1764379745.130643,1764379845.1200528
202,202,0,0.0002601685682716,1383515.7173802762,3.1190791302992015e-11,1.0,0.0,0.100461419772804,mumax_dataset_ku_by_block_disorder/run_00202/run_00202.mx3,mumax_dataset_ku_by_block_disorder/run_00202,0,1764379845.1232038,1764379902.3941057
203,203,0,0.0007866017784616,1406928.930356977,3.0909432590364026e-11,1.0,0.0,0.1093800241037568,mumax_dataset_ku_by_block_disorder/run_00203/run_00203.mx3,mumax_dataset_ku_by_block_disorder/run_00203,0,1764379902.39742,1764379959.97855
204,204,0,0.0011971506189566,1385665.922562722,3.066499116600539e-11,1.0,0.0,0.0187949006664426,mumax_dataset_ku_by_block_disorder/run_00204/run_00204.mx3,mumax_dataset_ku_by_block_disorder/run_00204,0,1764379959.981597,1764380020.5341508
205,205,0,0.0004303292693168,1373706.660094324,3.0782204900842205e-11,1.0,0.0,0.0829615030716927,mumax_dataset_ku_by_block_disorder/run_00205/run_00205.mx3,mumax_dataset_ku_by_block_disorder/run_00205,0,1764380020.5372765,1764380099.1610932
206,206,0,0.000652533527724,1326350.4500246637,3.1666949569446716e-11,1.0,0.0,0.0292343359440155,mumax_dataset_ku_by_block_disorder/run_00206/run_00206.mx3,mumax_dataset_ku_by_block_disorder/run_00206,0,1764380099.1642182,1764380364.777335
207,207,0,0.0005192951470036,1425061.1206185464,3.0667837163476345e-11,1.0,0.0,0.0475451273142634,mumax_dataset_ku_by_block_disorder/run_00207/run_00207.mx3,mumax_dataset_ku_by_block_disorder/run_00207,0,1764380364.780465,1764380432.2973957
208,208,0,0.0002542492837692,1382344.8299208323,3.1086619607808623e-11,1.0,0.0,0.0904353484276517,mumax_dataset_ku_by_block_disorder/run_00208/run_00208.mx3,mumax_dataset_ku_by_block_disorder/run_00208,0,1764380432.3005676,1764380494.5928953
209,209,0,0.0002212686815178,1349833.6433757688,3.1226694365839376e-11,1.0,0.0,0.0074502232985203,mumax_dataset_ku_by_block_disorder/run_00209/run_00209.mx3,mumax_dataset_ku_by_block_disorder/run_00209,0,1764380494.5961096,1764380707.59556
210,210,0,0.0013057751386924,1395468.3651473245,2.9936306664836817e-11,1.0,0.0,0.1210549214487509,mumax_dataset_ku_by_block_disorder/run_00210/run_00210.mx3,mumax_dataset_ku_by_block_disorder/run_00210,0,1764380707.5988438,1764380765.2923963
211,211,0,0.0008931678547972,1381363.7912654774,3.2348289446804714e-11,1.0,0.0,0.1052830842314068,mumax_dataset_ku_by_block_disorder/run_00211/run_00211.mx3,mumax_dataset_ku_by_block_disorder/run_00211,0,1764380765.2956457,1764380835.211651
212,212,0,0.0013960329999855,1412248.0281621695,3.115781663197076e-11,1.0,0.0,0.1129250380806703,mumax_dataset_ku_by_block_disorder/run_00212/run_00212.mx3,mumax_dataset_ku_by_block_disorder/run_00212,0,1764380835.2149353,1764380893.7333398
213,213,0,0.001479602993147,1438530.7926213508,3.1145200888531033e-11,1.0,0.0,0.1401082403482747,mumax_dataset_ku_by_block_disorder/run_00213/run_00213.mx3,mumax_dataset_ku_by_block_disorder/run_00213,0,1764380893.7365224,1764380953.706288
214,214,0,0.0010706061397967,1360762.9093038177,3.0518134396210405e-11,1.0,0.0,0.0798623620947837,mumax_dataset_ku_by_block_disorder/run_00214/run_00214.mx3,mumax_dataset_ku_by_block_disorder/run_00214,0,1764380953.709417,1764381014.4814548
215,215,0,0.0004701214982095,1410570.5844202763,3.0525537391402517e-11,1.0,0.0,0.0106158963977324,mumax_dataset_ku_by_block_disorder/run_00215/run_00215.mx3,mumax_dataset_ku_by_block_disorder/run_00215,0,1764381014.4848793,1764381080.306324
216,216,0,0.0014338540154733,1426240.7450110682,3.0843962691421746e-11,1.0,0.0,0.1004925440545346,mumax_dataset_ku_by_block_disorder/run_00216/run_00216.mx3,mumax_dataset_ku_by_block_disorder/run_00216,0,1764381080.3097997,1764381139.545025
217,217,0,0.0003803529891441,1404540.0508402386,3.148644790067299e-11,1.0,0.0,0.0231671096876681,mumax_dataset_ku_by_block_disorder/run_00217/run_00217.mx3,mumax_dataset_ku_by_block_disorder/run_00217,0,1764381139.548594,1764381200.6050053
218,218,0,0.0009202871807864,1414752.323688391,3.147303545585528e-11,1.0,0.0,0.068154715068279,mumax_dataset_ku_by_block_disorder/run_00218/run_00218.mx3,mumax_dataset_ku_by_block_disorder/run_00218,0,1764381200.6082242,1764381262.744794
219,219,0,0.0009188819963387,1386154.781195842,3.0935723814612803e-11,1.0,0.0,0.1423374446478972,mumax_dataset_ku_by_block_disorder/run_00219/run_00219.mx3,mumax_dataset_ku_by_block_disorder/run_00219,0,1764381262.7483132,1764381323.842502
220,220,0,0.0007470645409352,1409589.533699451,3.149562174918728e-11,1.0,0.0,0.1380677312408593,mumax_dataset_ku_by_block_disorder/run_00220/run_00220.mx3,mumax_dataset_ku_by_block_disorder/run_00220,0,1764381323.845806,1764381383.8053317
221,221,0,0.0008878930633649,1380187.9201510665,3.012718254462199e-11,1.0,0.0,0.0055839725475031,mumax_dataset_ku_by_block_disorder/run_00221/run_00221.mx3,mumax_dataset_ku_by_block_disorder/run_00221,0,1764381383.8085194,1764381444.046904
222,222,0,0.0011655016351222,1358504.6610144672,3.047190273260959e-11,1.0,0.0,0.0014172321262916,mumax_dataset_ku_by_block_disorder/run_00222/run_00222.mx3,mumax_dataset_ku_by_block_disorder/run_00222,0,1764381444.0502305,1764381504.113695
223,223,0,0.000248923494724,1404797.3111627167,3.0584832755268177e-11,1.0,0.0,0.143700747710502,mumax_dataset_ku_by_block_disorder/run_00223/run_00223.mx3,mumax_dataset_ku_by_block_disorder/run_00223,0,1764381504.1169424,1764381565.363624
224,224,0,7.165542110790368e-05,1420064.7903515005,3.171429162342684e-11,1.0,0.0,0.1453164315695647,mumax_dataset_ku_by_block_disorder/run_00224/run_00224.mx3,mumax_dataset_ku_by_block_disorder/run_00224,0,1764381565.366789,1764381631.381647
225,225,0,0.0013782696555849,1410368.5210576458,3.0224620921458443e-11,1.0,0.0,0.0953640854547809,mumax_dataset_ku_by_block_disorder/run_00225/run_00225.mx3,mumax_dataset_ku_by_block_disorder/run_00225,0,1764381631.3870797,1764381689.4740393
226,226,0,0.0011109926472007,1421041.8613797573,3.236868053633977e-11,1.0,0.0,0.0361946798178554,mumax_dataset_ku_by_block_disorder/run_00226/run_00226.mx3,mumax_dataset_ku_by_block_disorder/run_00226,0,1764381689.4774938,1764381762.3704798
227,227,0,5.265156018255235e-05,1448784.1942177468,3.133333058419884e-11,1.0,0.0,0.0097152818679704,mumax_dataset_ku_by_block_disorder/run_00227/run_00227.mx3,mumax_dataset_ku_by_block_disorder/run_00227,0,1764381762.3737128,1764381819.9937408
228,228,0,0.0005505409407338,1384847.1493806266,3.167368041107945e-11,1.0,0.0,0.1412131282683205,mumax_dataset_ku_by_block_disorder/run_00228/run_00228.mx3,mumax_dataset_ku_by_block_disorder/run_00228,0,1764381819.9971106,1764381880.9271247
229,229,0,0.0001447896601141,1392281.0513061157,3.0612677834332396e-11,1.0,0.0,0.0477319254687776,mumax_dataset_ku_by_block_disorder/run_00229/run_00229.mx3,mumax_dataset_ku_by_block_disorder/run_00229,0,1764381880.9303305,1764381938.4674954
230,230,0,0.0009035956283921,1327829.6623468967,2.993436904718787e-11,1.0,0.0,0.0299610805623833,mumax_dataset_ku_by_block_disorder/run_00230/run_00230.mx3,mumax_dataset_ku_by_block_disorder/run_00230,0,1764544345.1423388,1764544415.020559
231,231,0,0.0013861932881082,1368979.3624513007,3.2280313070027395e-11,1.0,0.0,0.1475913656451955,mumax_dataset_ku_by_block_disorder/run_00231/run_00231.mx3,mumax_dataset_ku_by_block_disorder/run_00231,0,1764544415.032829,1764544487.1328218
232,232,0,0.0001310117879251,1388728.7041039565,3.0464862671853166e-11,1.0,0.0,0.1355533253788463,mumax_dataset_ku_by_block_disorder/run_00232/run_00232.mx3,mumax_dataset_ku_by_block_disorder/run_00232,0,1764544487.1361885,1764544559.944253
233,233,0,0.0001114144223723,1357403.5073099283,3.10279902325963e-11,1.0,0.0,0.1083666365189322,mumax_dataset_ku_by_block_disorder/run_00233/run_00233.mx3,mumax_dataset_ku_by_block_disorder/run_00233,0,1764544559.9481244,1764544631.5073886
234,234,0,0.0008484189247795,1446536.847419281,3.0937448010845325e-11,1.0,0.0,0.0040339229211257,mumax_dataset_ku_by_block_disorder/run_00234/run_00234.mx3,mumax_dataset_ku_by_block_disorder/run_00234,0,1764544631.5108387,1764544698.9478016
235,235,0,0.0012020115129614,1392892.204402307,3.128597159740316e-11,1.0,0.0,0.0864376622145211,mumax_dataset_ku_by_block_disorder/run_00235/run_00235.mx3,mumax_dataset_ku_by_block_disorder/run_00235,0,1764544698.951568,1764544782.13815
236,236,0,0.0004016815693412,1418225.965478327,3.1092105163600395e-11,1.0,0.0,0.0046305988040368,mumax_dataset_ku_by_block_disorder/run_00236/run_00236.mx3,mumax_dataset_ku_by_block_disorder/run_00236,0,1764544782.14182,1764544854.841931
237,237,0,0.0005877890855359,1424805.8348024974,3.2640748405270926e-11,1.0,0.0,0.1189776854564669,mumax_dataset_ku_by_block_disorder/run_00237/run_00237.mx3,mumax_dataset_ku_by_block_disorder/run_00237,0,1764544854.845677,1764544928.0028532
238,238,0,0.0007480893549541,1430123.1085265535,2.9973591796587886e-11,1.0,0.0,0.0064044342180137,mumax_dataset_ku_by_block_disorder/run_00238/run_00238.mx3,mumax_dataset_ku_by_block_disorder/run_00238,0,1764544928.006637,1764544995.4992857
239,239,0,9.354798232873446e-05,1449986.4475365633,3.09184893847044e-11,1.0,0.0,0.0211555400695384,mumax_dataset_ku_by_block_disorder/run_00239/run_00239.mx3,mumax_dataset_ku_by_block_disorder/run_00239,0,1764544995.502731,1764545064.4229105
240,240,0,0.0007287644891662,1372567.1984479637,3.19460866861596e-11,1.0,0.0,0.1010357733613098,mumax_dataset_ku_by_block_disorder/run_00240/run_00240.mx3,mumax_dataset_ku_by_block_disorder/run_00240,0,1764545064.4264717,1764545137.6050436
241,241,0,0.0005894359996221,1406972.050880293,3.1316523415964597e-11,1.0,0.0,0.0383753765647395,mumax_dataset_ku_by_block_disorder/run_00241/run_00241.mx3,mumax_dataset_ku_by_block_disorder/run_00241,0,1764545137.608709,1764545209.4398756
242,242,0,0.0010692765313453,1383803.7374089516,3.1514405357727206e-11,1.0,0.0,0.1273306060372062,mumax_dataset_ku_by_block_disorder/run_00242/run_00242.mx3,mumax_dataset_ku_by_block_disorder/run_00242,0,1764545209.443445,1764545288.3836362
243,243,0,0.000983334078364,1425603.8940155702,3.0777829877183755e-11,1.0,0.0,0.1047324558712523,mumax_dataset_ku_by_block_disorder/run_00243/run_00243.mx3,mumax_dataset_ku_by_block_disorder/run_00243,0,1764545288.3876147,1764545360.1042898
244,244,0,0.0006954405999969,1362470.0479903386,3.095072237234884e-11,1.0,0.0,0.0489479937682904,mumax_dataset_ku_by_block_disorder/run_00244/run_00244.mx3,mumax_dataset_ku_by_block_disorder/run_00244,0,1764545360.1080794,1764545430.3888006
245,245,0,0.0009156293933818,1362065.4684130645,3.038751815220248e-11,1.0,0.0,0.0694517033100251,mumax_dataset_ku_by_block_disorder/run_00245/run_00245.mx3,mumax_dataset_ku_by_block_disorder/run_00245,0,1764545430.3925102,1764545501.3517103
246,246,0,6.550463552096103e-05,1385846.317061752,3.0932667458572044e-11,1.0,0.0,0.0361304606106197,mumax_dataset_ku_by_block_disorder/run_00246/run_00246.mx3,mumax_dataset_ku_by_block_disorder/run_00246,0,1764545501.3552597,1764545572.295243
247,247,0,0.0008581367554682,1339120.78358239,3.1848617426252795e-11,1.0,0.0,0.0343904673001069,mumax_dataset_ku_by_block_disorder/run_00247/run_00247.mx3,mumax_dataset_ku_by_block_disorder/run_00247,0,1764545572.2990727,1764545659.378498
248,248,0,0.0011811127133881,1353838.2728869785,3.0289129498413117e-11,1.0,0.0,6.978738297640508e-05,mumax_dataset_ku_by_block_disorder/run_00248/run_00248.mx3,mumax_dataset_ku_by_block_disorder/run_00248,0,1764545659.382353,1764545739.8841014
249,249,0,0.0004341099144274,1394361.396048059,3.155360412205557e-11,1.0,0.0,0.1085322850674358,mumax_dataset_ku_by_block_disorder/run_00249/run_00249.mx3,mumax_dataset_ku_by_block_disorder/run_00249,0,1764545739.887756,1764545812.4128275
250,250,0,0.0010925010124057,1355479.0851303511,3.101768664318183e-11,1.0,0.0,0.1301724474125422,mumax_dataset_ku_by_block_disorder/run_00250/run_00250.mx3,mumax_dataset_ku_by_block_disorder/run_00250,0,1764545812.4162965,1764545879.765567
251,251,0,0.0009470794140331,1380423.9250748183,3.109295523038516e-11,1.0,0.0,0.1451877513219533,mumax_dataset_ku_by_block_disorder/run_00251/run_00251.mx3,mumax_dataset_ku_by_block_disorder/run_00251,0,1764545879.7689917,1764545951.4201088
252,252,0,0.0009824934311433,1409793.6858227889,3.1338568487773524e-11,1.0,0.0,0.1082924514320977,mumax_dataset_ku_by_block_disorder/run_00252/run_00252.mx3,mumax_dataset_ku_by_block_disorder/run_00252,0,1764545951.4239404,1764546020.3946304
253,253,0,0.0003198237270631,1389197.8746268242,3.074357670522636e-11,1.0,0.0,0.0981341598605109,mumax_dataset_ku_by_block_disorder/run_00253/run_00253.mx3,mumax_dataset_ku_by_block_disorder/run_00253,0,1764546020.398603,1764546093.9598386
254,254,0,4.338312865650446e-05,1448511.247142797,2.9724005692960374e-11,1.0,0.0,0.0293947981105188,mumax_dataset_ku_by_block_disorder/run_00254/run_00254.mx3,mumax_dataset_ku_by_block_disorder/run_00254,0,1764546093.9634306,1764546169.559837
255,255,0,0.0003506720484257,1422450.731692148,3.1582814152302806e-11,1.0,0.0,0.0810886680839446,mumax_dataset_ku_by_block_disorder/run_00255/run_00255.mx3,mumax_dataset_ku_by_block_disorder/run_00255,0,1764546169.5638108,1764546247.142876
256,256,0,0.0013560339909413,1386121.525144952,3.074553973959515e-11,1.0,0.0,0.1146485454315066,mumax_dataset_ku_by_block_disorder/run_00256/run_00256.mx3,mumax_dataset_ku_by_block_disorder/run_00256,0,1764546247.1466808,1764546319.57683
257,257,0,0.000139018079222,1403368.8167636069,3.041076451942241e-11,1.0,0.0,0.0431462480146482,mumax_dataset_ku_by_block_disorder/run_00257/run_00257.mx3,mumax_dataset_ku_by_block_disorder/run_00257,0,1764546319.5804842,1764546386.188615
258,258,0,0.0006305678990922,1427348.7113029098,3.0455540067680094e-11,1.0,0.0,0.0158812911987678,mumax_dataset_ku_by_block_disorder/run_00258/run_00258.mx3,mumax_dataset_ku_by_block_disorder/run_00258,0,1764546386.1922448,1764546459.1939993
259,259,0,0.0012819355479204,1435284.7654840788,3.0615040784853e-11,1.0,0.0,0.1380258656063125,mumax_dataset_ku_by_block_disorder/run_00259/run_00259.mx3,mumax_dataset_ku_by_block_disorder/run_00259,0,1764546459.1975996,1764546529.159841
260,260,0,0.0007407170475215,1412613.8681259577,3.162464635483757e-11,1.0,0.0,0.1314151025389364,mumax_dataset_ku_by_block_disorder/run_00260/run_00260.mx3,mumax_dataset_ku_by_block_disorder/run_00260,0,1764546529.163609,1764546601.6541536
261,261,0,0.0003705680138255,1406553.126015443,3.0754499160836336e-11,1.0,0.0,0.073959748815111,mumax_dataset_ku_by_block_disorder/run_00261/run_00261.mx3,mumax_dataset_ku_by_block_disorder/run_00261,0,1764546601.6578245,1764546673.3123505
262,262,0,0.0009740084754542,1398951.9666636726,3.114824877991989e-11,1.0,0.0,0.0578070617016474,mumax_dataset_ku_by_block_disorder/run_00262/run_00262.mx3,mumax_dataset_ku_by_block_disorder/run_00262,0,1764546673.31601,1764546742.954584
263,263,0,0.0004267427082113,1412840.570330689,3.0877541144438753e-11,1.0,0.0,0.1455968742086456,mumax_dataset_ku_by_block_disorder/run_00263/run_00263.mx3,mumax_dataset_ku_by_block_disorder/run_00263,0,1764546742.9583025,1764546815.504547
264,264,0,0.0004593460152604,1357447.891491593,3.110074170958539e-11,1.0,0.0,0.1384919797078362,mumax_dataset_ku_by_block_disorder/run_00264/run_00264.mx3,mumax_dataset_ku_by_block_disorder/run_00264,0,1764546815.508285,1764546885.0749767
265,265,0,0.0009521931511243,1414151.3378121462,3.127673073584786e-11,1.0,0.0,0.1187311976456953,mumax_dataset_ku_by_block_disorder/run_00265/run_00265.mx3,mumax_dataset_ku_by_block_disorder/run_00265,0,1764546885.078608,1764546958.980191
266,266,0,0.0010919923745777,1405945.7656596252,3.1640965383964084e-11,1.0,0.0,0.0770809288824217,mumax_dataset_ku_by_block_disorder/run_00266/run_00266.mx3,mumax_dataset_ku_by_block_disorder/run_00266,0,1764546958.9838257,1764547028.8213904
267,267,0,0.0014255960454487,1401850.5457743588,3.0346600415048185e-11,1.0,0.0,0.0553377430155026,mumax_dataset_ku_by_block_disorder/run_00267/run_00267.mx3,mumax_dataset_ku_by_block_disorder/run_00267,0,1764547028.8249252,1764547097.9789786
268,268,0,0.0013260012427815,1415330.0437981093,3.132779283215813e-11,1.0,0.0,0.0200098431168624,mumax_dataset_ku_by_block_disorder/run_00268/run_00268.mx3,mumax_dataset_ku_by_block_disorder/run_00268,0,1764547097.9827948,1764547170.4653316
269,269,0,0.0010196572702533,1403926.26739191,3.0653081239477764e-11,1.0,0.0,0.0348702079652042,mumax_dataset_ku_by_block_disorder/run_00269/run_00269.mx3,mumax_dataset_ku_by_block_disorder/run_00269,0,1764547170.469425,1764547240.0111234
270,270,0,0.0001345590396509,1385907.4072208968,3.125107767577922e-11,1.0,0.0,0.057788337112822,mumax_dataset_ku_by_block_disorder/run_00270/run_00270.mx3,mumax_dataset_ku_by_block_disorder/run_00270,0,1764547240.0148137,1764547311.2366784
271,271,0,0.0007415787157687,1403355.749286746,3.1418677188204946e-11,1.0,0.0,0.0731943922254114,mumax_dataset_ku_by_block_disorder/run_00271/run_00271.mx3,mumax_dataset_ku_by_block_disorder/run_00271,0,1764547311.240337,1764547383.9092894
272,272,0,0.0005396545830596,1440497.3088047225,3.1366581459194326e-11,1.0,0.0,0.0973446424169452,mumax_dataset_ku_by_block_disorder/run_00272/run_00272.mx3,mumax_dataset_ku_by_block_disorder/run_00272,0,1764547383.9131005,1764547458.5594149
273,273,0,0.0004150623999735,1412599.045953599,3.053734269857582e-11,1.0,0.0,0.0282815834344899,mumax_dataset_ku_by_block_disorder/run_00273/run_00273.mx3,mumax_dataset_ku_by_block_disorder/run_00273,0,1764547458.563317,1764547526.6749294
274,274,0,0.0003081669379863,1375385.6500284283,3.0880081573649214e-11,1.0,0.0,0.0930285557440902,mumax_dataset_ku_by_block_disorder/run_00274/run_00274.mx3,mumax_dataset_ku_by_block_disorder/run_00274,0,1764547526.6786258,1764547595.1207025
275,275,0,0.001237621354885,1379481.3231983625,3.1970654529378774e-11,1.0,0.0,0.0271442147829821,mumax_dataset_ku_by_block_disorder/run_00275/run_00275.mx3,mumax_dataset_ku_by_block_disorder/run_00275,0,1764547595.1244483,1764547672.4294634
276,276,0,0.0001407480656005,1391003.4015406703,3.1247992150847344e-11,1.0,0.0,0.0652439528211326,mumax_dataset_ku_by_block_disorder/run_00276/run_00276.mx3,mumax_dataset_ku_by_block_disorder/run_00276,0,1764547672.4332428,1764547742.047887
277,277,0,0.0003295901461277,1409686.1447867996,3.2241477033107816e-11,1.0,0.0,0.0208044585629281,mumax_dataset_ku_by_block_disorder/run_00277/run_00277.mx3,mumax_dataset_ku_by_block_disorder/run_00277,0,1764547742.0519917,1764547819.519652
278,278,0,0.0005610420822673,1385019.384594246,3.038925469615637e-11,1.0,0.0,0.1113150810645863,mumax_dataset_ku_by_block_disorder/run_00278/run_00278.mx3,mumax_dataset_ku_by_block_disorder/run_00278,0,1764547819.5235937,1764547887.2904153
279,279,0,0.0008220237572111,1407246.609066284,3.0567762517203594e-11,1.0,0.0,0.0385818005556339,mumax_dataset_ku_by_block_disorder/run_00279/run_00279.mx3,mumax_dataset_ku_by_block_disorder/run_00279,0,1764547887.2947626,1764547954.4258547
280,280,0,0.0012984490006244,1433282.6019893151,2.9963373553008226e-11,1.0,0.0,0.0865460852853598,mumax_dataset_ku_by_block_disorder/run_00280/run_00280.mx3,mumax_dataset_ku_by_block_disorder/run_00280,0,1764547954.4298406,1764548021.4764726
281,281,0,0.0009935582792824,1435201.257577445,3.0842042045875155e-11,1.0,0.0,0.06412259279796,mumax_dataset_ku_by_block_disorder/run_00281/run_00281.mx3,mumax_dataset_ku_by_block_disorder/run_00281,0,1764548021.4804592,1764548099.8079617
282,282,0,0.0001349304182837,1397828.460715034,3.1341290260051716e-11,1.0,0.0,0.0362235587889144,mumax_dataset_ku_by_block_disorder/run_00282/run_00282.mx3,mumax_dataset_ku_by_block_disorder/run_00282,0,1764548099.8118124,1764548170.0553954
283,283,0,0.00073745050558,1404736.4939331906,3.135112154089371e-11,1.0,0.0,0.1323213333394547,mumax_dataset_ku_by_block_disorder/run_00283/run_00283.mx3,mumax_dataset_ku_by_block_disorder/run_00283,0,1764548170.0593152,1764548241.6735437
284,284,0,0.0001343337149229,1369200.7505282548,3.1178317796311505e-11,1.0,0.0,0.079013621794235,mumax_dataset_ku_by_block_disorder/run_00284/run_00284.mx3,mumax_dataset_ku_by_block_disorder/run_00284,0,1764548241.6774786,1764548311.9293497
285,285,0,0.0008416274258002,1362968.3213760848,3.0793625188546944e-11,1.0,0.0,0.0120511455282167,mumax_dataset_ku_by_block_disorder/run_00285/run_00285.mx3,mumax_dataset_ku_by_block_disorder/run_00285,0,1764548311.9356408,1764548385.6693969
286,286,0,0.0005822453693796,1410218.1787263858,2.9884474544565085e-11,1.0,0.0,0.0599774518636556,mumax_dataset_ku_by_block_disorder/run_00286/run_00286.mx3,mumax_dataset_ku_by_block_disorder/run_00286,0,1764548385.6733382,1764548451.1637096
287,287,0,7.034345853363466e-05,1394395.3994275315,3.1204121508078114e-11,1.0,0.0,0.0160680060439721,mumax_dataset_ku_by_block_disorder/run_00287/run_00287.mx3,mumax_dataset_ku_by_block_disorder/run_00287,0,1764548451.1680791,1764548531.328666
288,288,0,0.0008354507620771,1382715.97159166,3.116454291285247e-11,1.0,0.0,0.1026730755082801,mumax_dataset_ku_by_block_disorder/run_00288/run_00288.mx3,mumax_dataset_ku_by_block_disorder/run_00288,0,1764548531.3325784,1764548604.2784896
289,289,0,0.0011445583111636,1379881.5876253408,3.139928158801563e-11,1.0,0.0,0.0586119758405849,mumax_dataset_ku_by_block_disorder/run_00289/run_00289.mx3,mumax_dataset_ku_by_block_disorder/run_00289,0,1764548604.282513,1764548683.327678
290,290,0,0.0013740079893149,1403511.5175023756,3.0594866432800993e-11,1.0,0.0,0.1448224746837813,mumax_dataset_ku_by_block_disorder/run_00290/run_00290.mx3,mumax_dataset_ku_by_block_disorder/run_00290,0,1764548683.3316965,1764548756.417245
291,291,0,0.000646153569807,1390965.4796434618,3.089897801895628e-11,1.0,0.0,0.1138137121422076,mumax_dataset_ku_by_block_disorder/run_00291/run_00291.mx3,mumax_dataset_ku_by_block_disorder/run_00291,0,1764548756.421295,1764548825.4140325
292,292,0,0.0011610185523517,1438706.836153297,3.1143554268327133e-11,1.0,0.0,0.0010114955195192,mumax_dataset_ku_by_block_disorder/run_00292/run_00292.mx3,mumax_dataset_ku_by_block_disorder/run_00292,0,1764548825.4183612,1764548901.8721013
293,293,0,0.0012254612781065,1422212.586247967,3.0713366499871766e-11,1.0,0.0,0.0612954441647804,mumax_dataset_ku_by_block_disorder/run_00293/run_00293.mx3,mumax_dataset_ku_by_block_disorder/run_00293,0,1764548901.8762443,1764548973.727215
294,294,0,0.0004059255215833,1425891.7180042248,3.077804858767163e-11,1.0,0.0,0.1096632168430592,mumax_dataset_ku_by_block_disorder/run_00294/run_00294.mx3,mumax_dataset_ku_by_block_disorder/run_00294,0,1764548973.7313125,1764549049.9761405
295,295,0,0.0001854558979792,1386208.2288072023,2.971537812629544e-11,1.0,0.0,0.0752380566329984,mumax_dataset_ku_by_block_disorder/run_00295/run_00295.mx3,mumax_dataset_ku_by_block_disorder/run_00295,0,1764549049.9799912,1764549118.7852108
296,296,0,0.0013795779350845,1374540.556492185,3.1044334017563886e-11,1.0,0.0,0.044794335822166,mumax_dataset_ku_by_block_disorder/run_00296/run_00296.mx3,mumax_dataset_ku_by_block_disorder/run_00296,0,1764549118.7892098,1764549189.232012
297,297,0,0.0011415264842095,1374242.156825686,3.09007329113395e-11,1.0,0.0,0.0093318233878107,mumax_dataset_ku_by_block_disorder/run_00297/run_00297.mx3,mumax_dataset_ku_by_block_disorder/run_00297,0,1764549189.2359746,1764549262.5732958
298,298,0,0.0014582602640413,1345217.0074974257,3.0974720347197645e-11,1.0,0.0,0.067894459143493,mumax_dataset_ku_by_block_disorder/run_00298/run_00298.mx3,mumax_dataset_ku_by_block_disorder/run_00298,0,1764549262.5773013,1764549332.965342
299,299,0,0.0008885636349543,1370876.751813914,2.9363672343501034e-11,1.0,0.0,0.1261978497953478,mumax_dataset_ku_by_block_disorder/run_00299/run_00299.mx3,mumax_dataset_ku_by_block_disorder/run_00299,0,1764549332.9695573,1764549400.3298578
300,300,0,0.0009994142379795,1316732.5074409817,3.0889717857235097e-11,1.0,0.0,0.115761899053893,mumax_dataset_ku_by_block_disorder/run_00300/run_00300.mx3,mumax_dataset_ku_by_block_disorder/run_00300,0,1764549400.3338442,1764549473.4337823
301,301,0,0.0010543942285062,1426621.696714676,3.0726076313630567e-11,1.0,0.0,0.0841172699029833,mumax_dataset_ku_by_block_disorder/run_00301/run_00301.mx3,mumax_dataset_ku_by_block_disorder/run_00301,0,1764549473.43797,1764549542.17992
302,302,0,0.0002351904097967,1418555.092326146,3.008190680643232e-11,1.0,0.0,0.1140453091457317,mumax_dataset_ku_by_block_disorder/run_00302/run_00302.mx3,mumax_dataset_ku_by_block_disorder/run_00302,0,1764549542.184127,1764549610.1406934
303,303,0,0.0014934169385401,1382301.191229536,3.1447319582745273e-11,1.0,0.0,0.0546286634156111,mumax_dataset_ku_by_block_disorder/run_00303/run_00303.mx3,mumax_dataset_ku_by_block_disorder/run_00303,0,1764549610.1448326,1764549679.7529566
304,304,0,0.0002481960300035,1345402.9148485593,3.1567969830678124e-11,1.0,0.0,0.0689193410707003,mumax_dataset_ku_by_block_disorder/run_00304/run_00304.mx3,mumax_dataset_ku_by_block_disorder/run_00304,0,1764549679.7569673,1764549754.1246586
305,305,0,0.000585735662073,1348240.669112892,3.0727992449101866e-11,1.0,0.0,0.1024960735348675,mumax_dataset_ku_by_block_disorder/run_00305/run_00305.mx3,mumax_dataset_ku_by_block_disorder/run_00305,0,1764549754.1287522,1764549824.3942568
306,306,0,0.000249718015596,1375431.0683403506,3.030590720998486e-11,1.0,0.0,0.0471858020451138,mumax_dataset_ku_by_block_disorder/run_00306/run_00306.mx3,mumax_dataset_ku_by_block_disorder/run_00306,0,1764549824.3983445,1764549897.1743376
307,307,0,0.0001882005055553,1372658.943630951,3.086215805985966e-11,1.0,0.0,0.0984873630855615,mumax_dataset_ku_by_block_disorder/run_00307/run_00307.mx3,mumax_dataset_ku_by_block_disorder/run_00307,0,1764549897.1786644,1764549965.9587564
308,308,0,7.446449384677406e-05,1391697.1602783152,3.071450174175315e-11,1.0,0.0,0.0320669321783478,mumax_dataset_ku_by_block_disorder/run_00308/run_00308.mx3,mumax_dataset_ku_by_block_disorder/run_00308,0,1764549965.9629576,1764550036.0544696
309,309,0,0.0011508781968936,1409041.3241443648,3.104891013824326e-11,1.0,0.0,0.1284897140848813,mumax_dataset_ku_by_block_disorder/run_00309/run_00309.mx3,mumax_dataset_ku_by_block_disorder/run_00309,0,1764550036.0585997,1764550104.2841835
310,310,0,0.0012433029206896,1402364.1180757368,3.0312651996843e-11,1.0,0.0,0.001621798755605,mumax_dataset_ku_by_block_disorder/run_00310/run_00310.mx3,mumax_dataset_ku_by_block_disorder/run_00310,0,1764550104.2882874,1764550184.3116868
311,311,0,0.0010747745983755,1406229.634881382,3.058960742113786e-11,1.0,0.0,0.082937932573939,mumax_dataset_ku_by_block_disorder/run_00311/run_00311.mx3,mumax_dataset_ku_by_block_disorder/run_00311,0,1764550184.3159666,1764550254.6066418
312,312,0,0.0012646886539817,1406313.0088666098,3.0455438802614267e-11,1.0,0.0,0.1490012887459244,mumax_dataset_ku_by_block_disorder/run_00312/run_00312.mx3,mumax_dataset_ku_by_block_disorder/run_00312,0,1764550254.6107569,1764550326.5224223
313,313,0,0.0011045979536791,1365640.1549716294,3.040093826406738e-11,1.0,0.0,0.0700257055694383,mumax_dataset_ku_by_block_disorder/run_00313/run_00313.mx3,mumax_dataset_ku_by_block_disorder/run_00313,0,1764550326.5265875,1764550403.9580898
314,314,0,0.001015928841506,1403356.5602048065,3.0944805612289e-11,1.0,0.0,0.0876696159928633,mumax_dataset_ku_by_block_disorder/run_00314/run_00314.mx3,mumax_dataset_ku_by_block_disorder/run_00314,0,1764550403.962425,1764550475.1567929
315,315,0,0.0004576907305929,1437621.4339522566,3.1653826373693634e-11,1.0,0.0,0.0873669163224105,mumax_dataset_ku_by_block_disorder/run_00315/run_00315.mx3,mumax_dataset_ku_by_block_disorder/run_00315,0,1764550475.1609724,1764550547.6224434
316,316,0,0.0001022701277729,1411843.533726424,3.1312920923836175e-11,1.0,0.0,0.13717340141245,mumax_dataset_ku_by_block_disorder/run_00316/run_00316.mx3,mumax_dataset_ku_by_block_disorder/run_00316,0,1764550547.6267786,1764550618.055745
317,317,0,0.0007154454276396,1434376.5620400575,2.9288277376712007e-11,1.0,0.0,0.0365789975481013,mumax_dataset_ku_by_block_disorder/run_00317/run_00317.mx3,mumax_dataset_ku_by_block_disorder/run_00317,0,1764550618.0600977,1764550683.4390006
318,318,0,0.0014110918315708,1396313.2410183004,3.1427126605475144e-11,1.0,0.0,0.0436753921194075,mumax_dataset_ku_by_block_disorder/run_00318/run_00318.mx3,mumax_dataset_ku_by_block_disorder/run_00318,0,1764550683.4431996,1764550754.8050995
319,319,0,0.0009441355670918,1440866.1299636364,3.0896913852282216e-11,1.0,0.0,0.1066286620502755,mumax_dataset_ku_by_block_disorder/run_00319/run_00319.mx3,mumax_dataset_ku_by_block_disorder/run_00319,0,1764550754.809207,1764550823.5194485
320,320,0,0.0007432007945671,1355376.5666878289,3.0881010485707747e-11,1.0,0.0,0.1487430325580905,mumax_dataset_ku_by_block_disorder/run_00320/run_00320.mx3,mumax_dataset_ku_by_block_disorder/run_00320,0,1764550823.524053,1764550893.4833615
321,321,0,4.447794666577115e-05,1384349.0417664633,3.123921007102067e-11,1.0,0.0,0.0626150867679481,mumax_dataset_ku_by_block_disorder/run_00321/run_00321.mx3,mumax_dataset_ku_by_block_disorder/run_00321,0,1764550893.4876516,1764550959.5970483
322,322,0,0.001123356123292,1378161.2248399928,3.0091000789783685e-11,1.0,0.0,0.0412630211051449,mumax_dataset_ku_by_block_disorder/run_00322/run_00322.mx3,mumax_dataset_ku_by_block_disorder/run_00322,0,1764550959.6016085,1764551031.0077522
323,323,0,0.001422601272853,1401495.288983469,3.0546662633398406e-11,1.0,0.0,0.0455394063780774,mumax_dataset_ku_by_block_disorder/run_00323/run_00323.mx3,mumax_dataset_ku_by_block_disorder/run_00323,0,1764551031.012355,1764551097.6047068
324,324,0,0.0010169138874865,1402140.8752259712,3.008236773553996e-11,1.0,0.0,0.0215229103953648,mumax_dataset_ku_by_block_disorder/run_00324/run_00324.mx3,mumax_dataset_ku_by_block_disorder/run_00324,0,1764551097.6097095,1764551166.29347
325,325,0,0.0003312670137904,1389565.2550497716,3.093706594071336e-11,1.0,0.0,0.1160808836202092,mumax_dataset_ku_by_block_disorder/run_00325/run_00325.mx3,mumax_dataset_ku_by_block_disorder/run_00325,0,1764551166.2975783,1764551235.12897
326,326,0,0.0014182360026743,1420559.642610108,3.0615363731165725e-11,1.0,0.0,0.0885692707874481,mumax_dataset_ku_by_block_disorder/run_00326/run_00326.mx3,mumax_dataset_ku_by_block_disorder/run_00326,0,1764551235.1331823,1764551305.2456956
327,327,0,0.0007571832183612,1372837.4385097926,3.1094725238699076e-11,1.0,0.0,0.0285737591714157,mumax_dataset_ku_by_block_disorder/run_00327/run_00327.mx3,mumax_dataset_ku_by_block_disorder/run_00327,0,1764551305.2499554,1764551374.8748755
328,328,0,0.0012984492044854,1431429.7703212888,3.082770443193359e-11,1.0,0.0,0.0786188007315464,mumax_dataset_ku_by_block_disorder/run_00328/run_00328.mx3,mumax_dataset_ku_by_block_disorder/run_00328,0,1764551374.879111,1764551441.6025643
329,329,0,0.0013808003013821,1443837.8363670022,3.119918553763447e-11,1.0,0.0,0.0132310033550739,mumax_dataset_ku_by_block_disorder/run_00329/run_00329.mx3,mumax_dataset_ku_by_block_disorder/run_00329,0,1764551441.606806,1764551512.3340576
330,330,0,0.0007641873693306,1412183.0228076894,3.075606310064459e-11,1.0,0.0,0.0478957866272676,mumax_dataset_ku_by_block_disorder/run_00330/run_00330.mx3,mumax_dataset_ku_by_block_disorder/run_00330,0,1764551512.3383403,1764551581.3326852
331,331,0,0.000424978015573,1382714.1893816807,3.1610894607022816e-11,1.0,0.0,0.0823844206318433,mumax_dataset_ku_by_block_disorder/run_00331/run_00331.mx3,mumax_dataset_ku_by_block_disorder/run_00331,0,1764551581.3369944,1764551656.5477726
332,332,0,0.0006330420672206,1425689.976375368,3.1103058608830337e-11,1.0,0.0,0.0668892449905038,mumax_dataset_ku_by_block_disorder/run_00332/run_00332.mx3,mumax_dataset_ku_by_block_disorder/run_00332,0,1764551656.552091,1764551723.9348366
333,333,0,0.0014840130792557,1377603.4316314033,3.1630098865511325e-11,1.0,0.0,0.1144760085002538,mumax_dataset_ku_by_block_disorder/run_00333/run_00333.mx3,mumax_dataset_ku_by_block_disorder/run_00333,0,1764551723.939639,1764551795.629274
334,334,0,0.0011142763074346,1379634.3526149306,3.0501817731058445e-11,1.0,0.0,0.1401711612772957,mumax_dataset_ku_by_block_disorder/run_00334/run_00334.mx3,mumax_dataset_ku_by_block_disorder/run_00334,0,1764551795.633728,1764551864.7317026
335,335,0,0.0011438568909125,1395785.8216141916,3.075179964801639e-11,1.0,0.0,0.0953813724303157,mumax_dataset_ku_by_block_disorder/run_00335/run_00335.mx3,mumax_dataset_ku_by_block_disorder/run_00335,0,1764551864.735921,1764551934.6590643
336,336,0,0.0005851919969995,1426063.0223501818,3.0808956608686715e-11,1.0,0.0,0.0739866424269192,mumax_dataset_ku_by_block_disorder/run_00336/run_00336.mx3,mumax_dataset_ku_by_block_disorder/run_00336,0,1764551934.6635482,1764552005.6817014
337,337,0,0.0003747881856353,1418511.7104864204,3.129908380450384e-11,1.0,0.0,0.0611976595510075,mumax_dataset_ku_by_block_disorder/run_00337/run_00337.mx3,mumax_dataset_ku_by_block_disorder/run_00337,0,1764552005.6861594,1764552092.26082
338,338,0,0.0008375671177136,1374681.4103118104,3.152656843520308e-11,1.0,0.0,0.0015571005141275,mumax_dataset_ku_by_block_disorder/run_00338/run_00338.mx3,mumax_dataset_ku_by_block_disorder/run_00338,0,1764552092.265212,1764552279.8394225
339,339,0,0.0006754521707195,1448170.2537171582,3.204053327742199e-11,1.0,0.0,0.0077330863094896,mumax_dataset_ku_by_block_disorder/run_00339/run_00339.mx3,mumax_dataset_ku_by_block_disorder/run_00339,0,1764552279.8445106,1764552351.7199574
340,340,0,0.0010911148052697,1384893.9759135356,3.1751006278604414e-11,1.0,0.0,0.0035683405119173,mumax_dataset_ku_by_block_disorder/run_00340/run_00340.mx3,mumax_dataset_ku_by_block_disorder/run_00340,0,1764552351.724496,1764552431.2388988
341,341,0,0.0012427834640576,1346611.927601984,3.135437131493425e-11,1.0,0.0,0.0968891588761649,mumax_dataset_ku_by_block_disorder/run_00341/run_00341.mx3,mumax_dataset_ku_by_block_disorder/run_00341,0,1764552431.2434642,1764552502.3723836
342,342,0,0.0005832370764885,1444065.885001375,3.059532640415394e-11,1.0,0.0,0.0859480631459179,mumax_dataset_ku_by_block_disorder/run_00342/run_00342.mx3,mumax_dataset_ku_by_block_disorder/run_00342,0,1764552502.3771412,1764552571.7096264
343,343,0,0.0002298099684422,1423349.511722996,3.141116230528069e-11,1.0,0.0,0.0526027385717074,mumax_dataset_ku_by_block_disorder/run_00343/run_00343.mx3,mumax_dataset_ku_by_block_disorder/run_00343,0,1764552571.7139945,1764552641.952474
344,344,0,0.000876087666904,1396146.0478694222,3.0154790038756384e-11,1.0,0.0,0.0106840790594253,mumax_dataset_ku_by_block_disorder/run_00344/run_00344.mx3,mumax_dataset_ku_by_block_disorder/run_00344,0,1764552641.957119,1764552711.417174
345,345,0,4.0418030999438746e-05,1334540.3962832578,3.201564443211624e-11,1.0,0.0,0.043948723009477,mumax_dataset_ku_by_block_disorder/run_00345/run_00345.mx3,mumax_dataset_ku_by_block_disorder/run_00345,0,1764552711.421548,1764552783.127138
346,346,0,0.0008462683200697,1408401.8626030197,3.068962768417002e-11,1.0,0.0,0.0401612286378938,mumax_dataset_ku_by_block_disorder/run_00346/run_00346.mx3,mumax_dataset_ku_by_block_disorder/run_00346,0,1764552783.1316905,1764552855.7047167
347,347,0,0.0007784970606871,1383336.9974427663,2.9876173414489586e-11,1.0,0.0,0.0610468084781186,mumax_dataset_ku_by_block_disorder/run_00347/run_00347.mx3,mumax_dataset_ku_by_block_disorder/run_00347,0,1764552855.7091017,1764552928.3503218
348,348,0,0.0004079870802889,1428811.338425727,3.0374516009955775e-11,1.0,0.0,0.0979975095622772,mumax_dataset_ku_by_block_disorder/run_00348/run_00348.mx3,mumax_dataset_ku_by_block_disorder/run_00348,0,1764552928.354811,1764552996.5695548
349,349,0,0.0013723206520632,1401715.5771081147,3.099832560794168e-11,1.0,0.0,0.1394386729588585,mumax_dataset_ku_by_block_disorder/run_00349/run_00349.mx3,mumax_dataset_ku_by_block_disorder/run_00349,0,1764552996.5741632,1764553065.4224763
350,350,0,0.0001423462713519,1464085.3886492455,3.1803139669885536e-11,1.0,0.0,0.1334606844449608,mumax_dataset_ku_by_block_disorder/run_00350/run_00350.mx3,mumax_dataset_ku_by_block_disorder/run_00350,0,1764553065.4271555,1764553135.4827442
351,351,0,0.0014735193652579,1432690.0639457596,3.166703518290493e-11,1.0,0.0,0.0086977063960103,mumax_dataset_ku_by_block_disorder/run_00351/run_00351.mx3,mumax_dataset_ku_by_block_disorder/run_00351,0,1764553135.48728,1764553207.28206
352,352,0,0.0009786963302001,1444514.3899214298,3.117941689640414e-11,1.0,0.0,0.1022842717946327,mumax_dataset_ku_by_block_disorder/run_00352/run_00352.mx3,mumax_dataset_ku_by_block_disorder/run_00352,0,1764553207.2867568,1764553277.9193742
353,353,0,0.0004140892838657,1413768.7470753232,3.095996216479243e-11,1.0,0.0,0.1436666633086883,mumax_dataset_ku_by_block_disorder/run_00353/run_00353.mx3,mumax_dataset_ku_by_block_disorder/run_00353,0,1764553277.924062,1764553348.1027892
354,354,0,0.0014336670495424,1441078.3726254415,3.187679172308303e-11,1.0,0.0,0.0525126528774181,mumax_dataset_ku_by_block_disorder/run_00354/run_00354.mx3,mumax_dataset_ku_by_block_disorder/run_00354,0,1764553348.1073475,1764553421.7412815
355,355,0,0.0005208073719504,1353596.1548000905,3.1074963837354157e-11,1.0,0.0,0.1227220057249195,mumax_dataset_ku_by_block_disorder/run_00355/run_00355.mx3,mumax_dataset_ku_by_block_disorder/run_00355,0,1764553421.7457771,1764553499.4158368
356,356,0,0.0006139772483006,1401979.2967362318,3.036406776303527e-11,1.0,0.0,0.1012210601362633,mumax_dataset_ku_by_block_disorder/run_00356/run_00356.mx3,mumax_dataset_ku_by_block_disorder/run_00356,0,1764553499.4209542,1764553570.6584268
357,357,0,0.0012117836838606,1399035.0152046604,3.0974353609668976e-11,1.0,0.0,0.1390513726585052,mumax_dataset_ku_by_block_disorder/run_00357/run_00357.mx3,mumax_dataset_ku_by_block_disorder/run_00357,0,1764553570.6627991,1764553637.7079356
358,358,0,0.0011674314760048,1351252.8578800464,3.039687642577292e-11,1.0,0.0,0.0739378802209576,mumax_dataset_ku_by_block_disorder/run_00358/run_00358.mx3,mumax_dataset_ku_by_block_disorder/run_00358,0,1764553637.712608,1764553721.393359
359,359,0,0.0013156565798876,1412385.8539092068,3.234155710516257e-11,1.0,0.0,0.0033631462520672,mumax_dataset_ku_by_block_disorder/run_00359/run_00359.mx3,mumax_dataset_ku_by_block_disorder/run_00359,0,1764553721.397893,1764553793.628867
360,360,0,0.0013503274378835,1448542.3950222395,3.0888611984229746e-11,1.0,0.0,0.0056385282666552,mumax_dataset_ku_by_block_disorder/run_00360/run_00360.mx3,mumax_dataset_ku_by_block_disorder/run_00360,0,1764553793.6336615,1764553866.9380014
361,361,0,0.0011364358812844,1400951.7527901432,3.1469044268302054e-11,1.0,0.0,0.0168306414368993,mumax_dataset_ku_by_block_disorder/run_00361/run_00361.mx3,mumax_dataset_ku_by_block_disorder/run_00361,0,1764553866.9425864,1764553937.195336
362,362,0,0.0009312293961158,1422751.886754242,3.0498593406673067e-11,1.0,0.0,0.0176360265319143,mumax_dataset_ku_by_block_disorder/run_00362/run_00362.mx3,mumax_dataset_ku_by_block_disorder/run_00362,0,1764553937.1999266,1764554013.2438934
363,363,0,0.0008051251902379,1383847.41870542,3.2323062213739245e-11,1.0,0.0,0.0860976269337012,mumax_dataset_ku_by_block_disorder/run_00363/run_00363.mx3,mumax_dataset_ku_by_block_disorder/run_00363,0,1764554013.2488625,1764554087.4633944
364,364,0,0.0005234358293926,1426898.0870035903,3.100319308998231e-11,1.0,0.0,0.0877268615411929,mumax_dataset_ku_by_block_disorder/run_00364/run_00364.mx3,mumax_dataset_ku_by_block_disorder/run_00364,0,1764554087.4680438,1764554157.517688
365,365,0,0.0003946441644664,1420866.564953928,3.106405643621087e-11,1.0,0.0,0.0588219906690561,mumax_dataset_ku_by_block_disorder/run_00365/run_00365.mx3,mumax_dataset_ku_by_block_disorder/run_00365,0,1764554157.522632,1764554227.63115
366,366,0,0.0006511687822581,1394860.2029371625,3.0681266396269414e-11,1.0,0.0,0.1185805415365575,mumax_dataset_ku_by_block_disorder/run_00366/run_00366.mx3,mumax_dataset_ku_by_block_disorder/run_00366,0,1764554227.635981,1764554295.3362656
367,367,0,0.0004022777076137,1379894.7567709482,3.1635961424212683e-11,1.0,0.0,0.0128619127658891,mumax_dataset_ku_by_block_disorder/run_00367/run_00367.mx3,mumax_dataset_ku_by_block_disorder/run_00367,0,1764554295.3411083,1764554366.9087806
368,368,0,0.0001936640222115,1454210.307937355,3.1313456510724114e-11,1.0,0.0,0.1408859912032783,mumax_dataset_ku_by_block_disorder/run_00368/run_00368.mx3,mumax_dataset_ku_by_block_disorder/run_00368,0,1764554366.9133809,1764554438.761258
369,369,0,0.0009327883145635,1360802.6600434324,3.103826952993931e-11,1.0,0.0,0.088179480771592,mumax_dataset_ku_by_block_disorder/run_00369/run_00369.mx3,mumax_dataset_ku_by_block_disorder/run_00369,0,1764554438.766057,1764554506.9869194
370,370,0,0.0007590536370883,1381634.0172580716,3.1582674552835546e-11,1.0,0.0,0.1403560867505351,mumax_dataset_ku_by_block_disorder/run_00370/run_00370.mx3,mumax_dataset_ku_by_block_disorder/run_00370,0,1764554506.9915855,1764554578.3314712
371,371,0,0.0001614098478172,1402938.254773083,3.0647428283099457e-11,1.0,0.0,0.0104822159664713,mumax_dataset_ku_by_block_disorder/run_00371/run_00371.mx3,mumax_dataset_ku_by_block_disorder/run_00371,0,1764554578.3364444,1764554654.447068
372,372,0,0.0002843910271388,1389032.6415956095,3.162263705229374e-11,1.0,0.0,0.0319399750986387,mumax_dataset_ku_by_block_disorder/run_00372/run_00372.mx3,mumax_dataset_ku_by_block_disorder/run_00372,0,1764554654.4516256,1764554726.7373033
373,373,0,0.0002638951896661,1348935.6441978826,3.163454561952561e-11,1.0,0.0,0.0348269268150935,mumax_dataset_ku_by_block_disorder/run_00373/run_00373.mx3,mumax_dataset_ku_by_block_disorder/run_00373,0,1764554726.7421615,1764554803.3144507
374,374,0,0.0007109952941593,1380843.801661487,3.0821172444310794e-11,1.0,0.0,0.1305875242977103,mumax_dataset_ku_by_block_disorder/run_00374/run_00374.mx3,mumax_dataset_ku_by_block_disorder/run_00374,0,1764554803.3193345,1764554872.2554832
375,375,0,0.001464894875818,1407232.8358695144,3.06714430322109e-11,1.0,0.0,0.1304075712053867,mumax_dataset_ku_by_block_disorder/run_00375/run_00375.mx3,mumax_dataset_ku_by_block_disorder/run_00375,0,1764554872.2603796,1764554939.9938643
376,376,0,0.0010636620274133,1377041.6612436243,3.0852517280970747e-11,1.0,0.0,0.1319793634672728,mumax_dataset_ku_by_block_disorder/run_00376/run_00376.mx3,mumax_dataset_ku_by_block_disorder/run_00376,0,1764554939.9986446,1764555010.8584747
377,377,0,0.0011872697841558,1371298.4862123262,3.148592632994177e-11,1.0,0.0,0.0769700225401657,mumax_dataset_ku_by_block_disorder/run_00377/run_00377.mx3,mumax_dataset_ku_by_block_disorder/run_00377,0,1764555010.8632958,1764555081.3824656
378,378,0,0.0005258312803014,1436025.2416865074,3.049026257008367e-11,1.0,0.0,0.1044819609135945,mumax_dataset_ku_by_block_disorder/run_00378/run_00378.mx3,mumax_dataset_ku_by_block_disorder/run_00378,0,1764555081.387365,1764555151.2199862
379,379,0,0.0009998964677307,1377109.933159941,3.075976266215871e-11,1.0,0.0,0.0599088816282586,mumax_dataset_ku_by_block_disorder/run_00379/run_00379.mx3,mumax_dataset_ku_by_block_disorder/run_00379,0,1764555151.2247212,1764555228.4236858
380,380,0,0.0004174811700397,1378781.984928318,3.114906105166239e-11,1.0,0.0,0.148480822581418,mumax_dataset_ku_by_block_disorder/run_00380/run_00380.mx3,mumax_dataset_ku_by_block_disorder/run_00380,0,1764555228.428565,1764555316.23675
381,381,0,0.0002578587442434,1380459.6555820992,3.061697424983093e-11,1.0,0.0,0.0170189814243199,mumax_dataset_ku_by_block_disorder/run_00381/run_00381.mx3,mumax_dataset_ku_by_block_disorder/run_00381,0,1764555316.2413988,1764555387.665413
382,382,0,0.0014492828294939,1412476.765574798,3.105788798558543e-11,1.0,0.0,0.0773724989591972,mumax_dataset_ku_by_block_disorder/run_00382/run_00382.mx3,mumax_dataset_ku_by_block_disorder/run_00382,0,1764555387.670047,1764555456.0173836
383,383,0,0.0005417439789177,1384993.6388097834,3.098863169179508e-11,1.0,0.0,0.1175483416565822,mumax_dataset_ku_by_block_disorder/run_00383/run_00383.mx3,mumax_dataset_ku_by_block_disorder/run_00383,0,1764555456.0223093,1764555532.5755608
384,384,0,0.0013275161937594,1398561.749504839,3.147160810945452e-11,1.0,0.0,0.1199752102246203,mumax_dataset_ku_by_block_disorder/run_00384/run_00384.mx3,mumax_dataset_ku_by_block_disorder/run_00384,0,1764555532.5802908,1764555602.4181345
385,385,0,0.0013516749857853,1380816.8372334002,2.97322799522023e-11,1.0,0.0,0.0038465646241979,mumax_dataset_ku_by_block_disorder/run_00385/run_00385.mx3,mumax_dataset_ku_by_block_disorder/run_00385,0,1764555602.4229038,1764555683.7982724
386,386,0,0.0011741469497641,1441492.7687705753,3.228014209895184e-11,1.0,0.0,0.0063307253326885,mumax_dataset_ku_by_block_disorder/run_00386/run_00386.mx3,mumax_dataset_ku_by_block_disorder/run_00386,0,1764555683.8031304,1764555756.5576892
387,387,0,0.001363740090164,1432791.6905781408,3.125620761266184e-11,1.0,0.0,0.0021150779768099,mumax_dataset_ku_by_block_disorder/run_00387/run_00387.mx3,mumax_dataset_ku_by_block_disorder/run_00387,0,1764555756.5629678,1764555831.3482978
388,388,0,0.0002645752386183,1391908.193655357,3.163188384676342e-11,1.0,0.0,0.017716894707018,mumax_dataset_ku_by_block_disorder/run_00388/run_00388.mx3,mumax_dataset_ku_by_block_disorder/run_00388,0,1764555831.3533206,1764555923.641783
389,389,0,0.0006751055539968,1385764.7955515978,3.0402176592756324e-11,1.0,0.0,0.1196028048852066,mumax_dataset_ku_by_block_disorder/run_00389/run_00389.mx3,mumax_dataset_ku_by_block_disorder/run_00389,0,1764555923.6466613,1764555995.7422194
390,390,0,0.0006927999079452,1430492.356291879,3.091862079689938e-11,1.0,0.0,0.02154104304268,mumax_dataset_ku_by_block_disorder/run_00390/run_00390.mx3,mumax_dataset_ku_by_block_disorder/run_00390,0,1764555995.747218,1764556066.0969253
391,391,0,0.0011875372243273,1399660.7764659668,3.144417951046842e-11,1.0,0.0,0.1499102405095713,mumax_dataset_ku_by_block_disorder/run_00391/run_00391.mx3,mumax_dataset_ku_by_block_disorder/run_00391,0,1764556066.1020622,1764556139.167277
392,392,0,0.0011930367091826,1406011.0000181524,3.0541101968999844e-11,1.0,0.0,0.1301981500150389,mumax_dataset_ku_by_block_disorder/run_00392/run_00392.mx3,mumax_dataset_ku_by_block_disorder/run_00392,0,1764556139.1721082,1764556211.0396483
393,393,0,0.0002350834045986,1410691.6440533723,3.0959744037706566e-11,1.0,0.0,0.1036313008699236,mumax_dataset_ku_by_block_disorder/run_00393/run_00393.mx3,mumax_dataset_ku_by_block_disorder/run_00393,0,1764556211.0445745,1764556281.7844782
394,394,0,0.0011083004932921,1388265.0249666816,3.161388309108667e-11,1.0,0.0,0.1049758179770017,mumax_dataset_ku_by_block_disorder/run_00394/run_00394.mx3,mumax_dataset_ku_by_block_disorder/run_00394,0,1764556281.7894175,1764556353.536019
395,395,0,1.3785982405489006e-05,1414113.1522313051,3.042055044998416e-11,1.0,0.0,0.1106073523281483,mumax_dataset_ku_by_block_disorder/run_00395/run_00395.mx3,mumax_dataset_ku_by_block_disorder/run_00395,0,1764560315.2133029,1764560407.7778957
396,396,0,0.0006854475363868,1439940.2169714833,3.044668988389581e-11,1.0,0.0,0.0127489967949321,mumax_dataset_ku_by_block_disorder/run_00396/run_00396.mx3,mumax_dataset_ku_by_block_disorder/run_00396,0,1764560407.7834668,1764560497.6193953
397,397,0,0.0002165606766324,1407365.9067543498,3.080051206123219e-11,1.0,0.0,0.0687313628846441,mumax_dataset_ku_by_block_disorder/run_00397/run_00397.mx3,mumax_dataset_ku_by_block_disorder/run_00397,0,1764560497.6245167,1764560589.0948672
398,398,0,0.0010955785261996,1390343.883321197,3.1538534445542176e-11,1.0,0.0,0.036827600921389,mumax_dataset_ku_by_block_disorder/run_00398/run_00398.mx3,mumax_dataset_ku_by_block_disorder/run_00398,0,1764560589.0998378,1764560680.7381282
399,399,0,0.0005940474827655,1384460.4017552745,3.123956692029988e-11,1.0,0.0,0.1462022225950866,mumax_dataset_ku_by_block_disorder/run_00399/run_00399.mx3,mumax_dataset_ku_by_block_disorder/run_00399,0,1764560680.7429085,1764560774.3543675
400,400,0,0.0005263521093683,1428232.096276372,3.092463378390109e-11,1.0,0.0,0.0458700741163273,mumax_dataset_ku_by_block_disorder/run_00400/run_00400.mx3,mumax_dataset_ku_by_block_disorder/run_00400,0,1764560774.359132,1764560865.3663654
401,401,0,0.0004342043041995,1406117.506951413,3.11879610983224e-11,1.0,0.0,0.0876007204344865,mumax_dataset_ku_by_block_disorder/run_00401/run_00401.mx3,mumax_dataset_ku_by_block_disorder/run_00401,0,1764560865.3711123,1764560959.25361
402,402,0,4.0652696151499913e-05,1376331.5559876645,3.0395641845240787e-11,1.0,0.0,0.1363102695743878,mumax_dataset_ku_by_block_disorder/run_00402/run_00402.mx3,mumax_dataset_ku_by_block_disorder/run_00402,0,1764560959.2585506,1764561050.3425317
403,403,0,0.001117386717197,1388184.9069010466,3.04064111973041e-11,1.0,0.0,0.0381345155512284,mumax_dataset_ku_by_block_disorder/run_00403/run_00403.mx3,mumax_dataset_ku_by_block_disorder/run_00403,0,1764561050.3474207,1764561138.6143637
404,404,0,0.0004492212005513,1409828.6923677267,3.0168101742364227e-11,1.0,0.0,0.1226760986327684,mumax_dataset_ku_by_block_disorder/run_00404/run_00404.mx3,mumax_dataset_ku_by_block_disorder/run_00404,0,1764561138.619286,1764561227.4929063
405,405,0,0.0007270623863093,1439577.6059562997,3.012374575460175e-11,1.0,0.0,0.1445288504291133,mumax_dataset_ku_by_block_disorder/run_00405/run_00405.mx3,mumax_dataset_ku_by_block_disorder/run_00405,0,1764561227.4981608,1764561317.1552482
406,406,0,0.000725172546545,1439160.3168960267,3.030737337963411e-11,1.0,0.0,0.1180192715721152,mumax_dataset_ku_by_block_disorder/run_00406/run_00406.mx3,mumax_dataset_ku_by_block_disorder/run_00406,0,1764561317.160214,1764561409.8276494
407,407,0,0.0014037512468397,1414697.877105367,3.1088932736366014e-11,1.0,0.0,0.0406954490480159,mumax_dataset_ku_by_block_disorder/run_00407/run_00407.mx3,mumax_dataset_ku_by_block_disorder/run_00407,0,1764561409.832627,1764561505.5058663
408,408,0,0.0008216423153276,1416720.8341910515,3.0730385360617475e-11,1.0,0.0,0.0466884518023258,mumax_dataset_ku_by_block_disorder/run_00408/run_00408.mx3,mumax_dataset_ku_by_block_disorder/run_00408,0,1764561505.5114148,1764561592.141827
409,409,0,0.0014080513407323,1389892.121401602,3.0802309232109634e-11,1.0,0.0,0.1391633463833317,mumax_dataset_ku_by_block_disorder/run_00409/run_00409.mx3,mumax_dataset_ku_by_block_disorder/run_00409,0,1764561592.146904,1764561680.4664066
410,410,0,0.0010907692718196,1455200.4620401447,3.0790747113418737e-11,1.0,0.0,0.0287260224171458,mumax_dataset_ku_by_block_disorder/run_00410/run_00410.mx3,mumax_dataset_ku_by_block_disorder/run_00410,0,1764561680.4712155,1764561772.0860577
411,411,0,0.0004201612123683,1364756.5342520934,3.19980836061777e-11,1.0,0.0,0.0416256698276254,mumax_dataset_ku_by_block_disorder/run_00411/run_00411.mx3,mumax_dataset_ku_by_block_disorder/run_00411,0,1764561772.091056,1764561865.015033
412,412,0,2.665353215103156e-05,1356047.1935410188,3.1246360724191225e-11,1.0,0.0,0.0481456966859235,mumax_dataset_ku_by_block_disorder/run_00412/run_00412.mx3,mumax_dataset_ku_by_block_disorder/run_00412,0,1764561865.0200386,1764561958.4053717
413,413,0,0.0010823276151776,1367267.5073239752,3.044520514946214e-11,1.0,0.0,0.0795466865351373,mumax_dataset_ku_by_block_disorder/run_00413/run_00413.mx3,mumax_dataset_ku_by_block_disorder/run_00413,0,1764561958.4105558,1764562048.7977614
414,414,0,0.0006240463674017,1436830.3695630478,3.106637956381359e-11,1.0,0.0,0.0532974171147799,mumax_dataset_ku_by_block_disorder/run_00414/run_00414.mx3,mumax_dataset_ku_by_block_disorder/run_00414,0,1764562048.802656,1764562138.167885
415,415,0,0.0014624222308713,1355164.05337969,3.078185934253406e-11,1.0,0.0,0.0416195665377742,mumax_dataset_ku_by_block_disorder/run_00415/run_00415.mx3,mumax_dataset_ku_by_block_disorder/run_00415,0,1764562138.172963,1764562229.740065
416,416,0,3.504458503331942e-05,1405871.2512607833,3.07255371801593e-11,1.0,0.0,0.0627281450915361,mumax_dataset_ku_by_block_disorder/run_00416/run_00416.mx3,mumax_dataset_ku_by_block_disorder/run_00416,0,1764562229.7451172,1764562320.3865173
417,417,0,0.0002828607323565,1435525.6685229684,3.0993747341939624e-11,1.0,0.0,0.0903882953105697,mumax_dataset_ku_by_block_disorder/run_00417/run_00417.mx3,mumax_dataset_ku_by_block_disorder/run_00417,0,1764562320.391742,1764562412.3553643
418,418,0,0.0013881092783431,1423433.7935602015,3.092571516014802e-11,1.0,0.0,0.0449703191487982,mumax_dataset_ku_by_block_disorder/run_00418/run_00418.mx3,mumax_dataset_ku_by_block_disorder/run_00418,0,1764562412.3605962,1764562505.5692208
419,419,0,0.0012643733948429,1339454.972447395,3.1084303406961824e-11,1.0,0.0,0.057100010679478,mumax_dataset_ku_by_block_disorder/run_00419/run_00419.mx3,mumax_dataset_ku_by_block_disorder/run_00419,0,1764562505.5741937,1764562595.4741292
420,420,0,0.000829078482914,1385676.216787758,3.0659098946723743e-11,1.0,0.0,0.1486477028410189,mumax_dataset_ku_by_block_disorder/run_00420/run_00420.mx3,mumax_dataset_ku_by_block_disorder/run_00420,0,1764562595.4792686,1764562690.6021748
421,421,0,0.0002571236945463,1412791.875847335,3.1339362247189787e-11,1.0,0.0,0.1130653759092955,mumax_dataset_ku_by_block_disorder/run_00421/run_00421.mx3,mumax_dataset_ku_by_block_disorder/run_00421,0,1764562690.6073909,1764562784.3539217
422,422,0,0.000220558770818,1381870.9233828157,3.1299028614249646e-11,1.0,0.0,0.0705934849204965,mumax_dataset_ku_by_block_disorder/run_00422/run_00422.mx3,mumax_dataset_ku_by_block_disorder/run_00422,0,1764562784.3590522,1764562879.3252673
423,423,0,0.0004994938285816,1399386.996763426,3.032336637325341e-11,1.0,0.0,0.054426668111324,mumax_dataset_ku_by_block_disorder/run_00423/run_00423.mx3,mumax_dataset_ku_by_block_disorder/run_00423,0,1764562879.330417,1764562968.285149
424,424,0,0.0005447644716585,1390400.2870519485,2.973379342727111e-11,1.0,0.0,0.0903627075941168,mumax_dataset_ku_by_block_disorder/run_00424/run_00424.mx3,mumax_dataset_ku_by_block_disorder/run_00424,0,1764562968.2903757,1764563057.2202702
425,425,0,0.000715894600888,1396004.457661884,3.049816623985762e-11,1.0,0.0,0.0681501423986836,mumax_dataset_ku_by_block_disorder/run_00425/run_00425.mx3,mumax_dataset_ku_by_block_disorder/run_00425,0,1764563057.2254095,1764563148.020227
426,426,0,0.0002217021952035,1401720.887217759,3.0484994376514386e-11,1.0,0.0,0.0040600508993703,mumax_dataset_ku_by_block_disorder/run_00426/run_00426.mx3,mumax_dataset_ku_by_block_disorder/run_00426,0,1764563148.0255258,1764563231.2857487
427,427,0,0.0003270306542795,1426655.6179375255,3.127595337138667e-11,1.0,0.0,0.0314807871620633,mumax_dataset_ku_by_block_disorder/run_00427/run_00427.mx3,mumax_dataset_ku_by_block_disorder/run_00427,0,1764563231.290946,1764563321.8271277
428,428,0,0.0009243215110345,1399436.7957473283,3.062995642083494e-11,1.0,0.0,0.002617452692587,mumax_dataset_ku_by_block_disorder/run_00428/run_00428.mx3,mumax_dataset_ku_by_block_disorder/run_00428,0,1764563321.8323698,1764563406.3076303
429,429,0,0.0010452466523346,1394831.5350844455,3.140114866714229e-11,1.0,0.0,0.0587366066275634,mumax_dataset_ku_by_block_disorder/run_00429/run_00429.mx3,mumax_dataset_ku_by_block_disorder/run_00429,0,1764563406.312749,1764563499.7167742
430,430,0,0.0009514738388473,1447057.1688884888,3.280542939376529e-11,1.0,0.0,0.0226616517140746,mumax_dataset_ku_by_block_disorder/run_00430/run_00430.mx3,mumax_dataset_ku_by_block_disorder/run_00430,0,1764563499.7219431,1764563597.9702876
431,431,0,0.0002595191543152,1437955.8823856325,3.0692344654771566e-11,1.0,0.0,0.0687009890210812,mumax_dataset_ku_by_block_disorder/run_00431/run_00431.mx3,mumax_dataset_ku_by_block_disorder/run_00431,0,1764563597.975461,1764563687.4677825
432,432,0,0.0006921038339165,1470929.4190566828,3.091794090063985e-11,1.0,0.0,0.0429032318968068,mumax_dataset_ku_by_block_disorder/run_00432/run_00432.mx3,mumax_dataset_ku_by_block_disorder/run_00432,0,1764563687.4729557,1764563780.7138624
433,433,0,0.0002458414160899,1483401.8349168214,3.097512954367952e-11,1.0,0.0,0.0004675663197895,mumax_dataset_ku_by_block_disorder/run_00433/run_00433.mx3,mumax_dataset_ku_by_block_disorder/run_00433,0,1764563780.7193985,1764563873.5227602
434,434,0,0.0007269630354987,1368169.1002328156,3.0678335254206257e-11,1.0,0.0,0.0119528501763744,mumax_dataset_ku_by_block_disorder/run_00434/run_00434.mx3,mumax_dataset_ku_by_block_disorder/run_00434,0,1764563873.5279424,1764563959.0643663
435,435,0,8.873160623746045e-06,1411133.0070785678,3.0273043307271465e-11,1.0,0.0,0.0629603688726799,mumax_dataset_ku_by_block_disorder/run_00435/run_00435.mx3,mumax_dataset_ku_by_block_disorder/run_00435,0,1764563959.069589,1764564047.736405
436,436,0,0.0004587336424648,1417608.686060374,3.235699004939359e-11,1.0,0.0,0.026100831851599,mumax_dataset_ku_by_block_disorder/run_00436/run_00436.mx3,mumax_dataset_ku_by_block_disorder/run_00436,0,1764564047.7418015,1764564141.099405
437,437,0,0.001268604338667,1457257.7430152963,3.118531777838168e-11,1.0,0.0,0.0757249540072068,mumax_dataset_ku_by_block_disorder/run_00437/run_00437.mx3,mumax_dataset_ku_by_block_disorder/run_00437,0,1764564141.10463,1764564234.000493
438,438,0,0.001069800045057,1438604.2075781603,3.067474095182667e-11,1.0,0.0,0.0994738794930953,mumax_dataset_ku_by_block_disorder/run_00438/run_00438.mx3,mumax_dataset_ku_by_block_disorder/run_00438,0,1764564234.005521,1764564324.5974576
439,439,0,8.699145487364524e-05,1405112.4889300768,3.1163943817356706e-11,1.0,0.0,0.0081422210335256,mumax_dataset_ku_by_block_disorder/run_00439/run_00439.mx3,mumax_dataset_ku_by_block_disorder/run_00439,0,1764564324.6028843,1764564412.2289689
440,440,0,0.0011023165685308,1381845.513333849,3.171981010157254e-11,1.0,0.0,0.07067710216901,mumax_dataset_ku_by_block_disorder/run_00440/run_00440.mx3,mumax_dataset_ku_by_block_disorder/run_00440,0,1764564412.234209,1764564505.2187614
441,441,0,0.0005750786985362,1466045.9528117685,3.0566589015519207e-11,1.0,0.0,0.0047261106276086,mumax_dataset_ku_by_block_disorder/run_00441/run_00441.mx3,mumax_dataset_ku_by_block_disorder/run_00441,0,1764564505.2240307,1764564594.8557298
442,442,0,0.0007247598942712,1355145.3937469707,3.0334867872162124e-11,1.0,0.0,0.026015979439204,mumax_dataset_ku_by_block_disorder/run_00442/run_00442.mx3,mumax_dataset_ku_by_block_disorder/run_00442,0,1764564594.8610156,1764564682.5722148
443,443,0,0.0013301723829023,1378126.2225055532,3.16324804409372e-11,1.0,0.0,0.0038729672378217,mumax_dataset_ku_by_block_disorder/run_00443/run_00443.mx3,mumax_dataset_ku_by_block_disorder/run_00443,0,1764564682.5776107,1764564772.852044
444,444,0,1.7051107912959164e-05,1387387.8338700878,3.1601901037926746e-11,1.0,0.0,0.0699829058428253,mumax_dataset_ku_by_block_disorder/run_00444/run_00444.mx3,mumax_dataset_ku_by_block_disorder/run_00444,0,1764564772.8572998,1764564865.0951145
445,445,0,0.0004825633637064,1454871.634592489,3.0332001041308603e-11,1.0,0.0,0.1075974465280807,mumax_dataset_ku_by_block_disorder/run_00445/run_00445.mx3,mumax_dataset_ku_by_block_disorder/run_00445,0,1764564865.1004508,1764564953.4865987
446,446,0,0.0003239805376733,1420853.2570630007,3.146870607425139e-11,1.0,0.0,0.042563127764702,mumax_dataset_ku_by_block_disorder/run_00446/run_00446.mx3,mumax_dataset_ku_by_block_disorder/run_00446,0,1764564953.4916902,1764565043.0872543
447,447,0,1.3254758892830342e-05,1430393.454293738,3.1056577590615696e-11,1.0,0.0,0.0903114576733538,mumax_dataset_ku_by_block_disorder/run_00447/run_00447.mx3,mumax_dataset_ku_by_block_disorder/run_00447,0,1764565043.0929973,1764565137.031759
448,448,0,0.0012090418263841,1407697.31012386,3.082908156895336e-11,1.0,0.0,0.0015326304179424,mumax_dataset_ku_by_block_disorder/run_00448/run_00448.mx3,mumax_dataset_ku_by_block_disorder/run_00448,0,1764565137.0370388,1764565224.4900415
449,449,0,0.0007307992021385,1433475.1287033374,3.174912927984191e-11,1.0,0.0,0.0030292968158108,mumax_dataset_ku_by_block_disorder/run_00449/run_00449.mx3,mumax_dataset_ku_by_block_disorder/run_00449,0,1764565224.4956524,1764565314.4281254
450,450,0,0.0007288576719389,1418035.387326602,3.0600079560910634e-11,1.0,0.0,0.1112128662578485,mumax_dataset_ku_by_block_disorder/run_00450/run_00450.mx3,mumax_dataset_ku_by_block_disorder/run_00450,0,1764565314.4335546,1764565403.6112013
451,451,0,0.0002402508742718,1437714.4558031394,3.0805790209483394e-11,1.0,0.0,0.0526001782496385,mumax_dataset_ku_by_block_disorder/run_00451/run_00451.mx3,mumax_dataset_ku_by_block_disorder/run_00451,0,1764565403.6165936,1764565498.8548005
452,452,0,0.0005367459652507,1361605.4539313668,3.1014903280735786e-11,1.0,0.0,0.0379381408137521,mumax_dataset_ku_by_block_disorder/run_00452/run_00452.mx3,mumax_dataset_ku_by_block_disorder/run_00452,0,1764565498.86051,1764565585.925278
453,453,0,0.0001948209052669,1412482.8057035943,3.064627175672682e-11,1.0,0.0,0.0679576052443368,mumax_dataset_ku_by_block_disorder/run_00453/run_00453.mx3,mumax_dataset_ku_by_block_disorder/run_00453,0,1764565585.9308767,1764565677.0506184
454,454,0,0.0005932047715356,1444723.5197921926,3.140373245942847e-11,1.0,0.0,0.013057270008882,mumax_dataset_ku_by_block_disorder/run_00454/run_00454.mx3,mumax_dataset_ku_by_block_disorder/run_00454,0,1764565677.055939,1764565767.6043766
455,455,0,0.0006016415482156,1394005.369981992,3.169449867415131e-11,1.0,0.0,0.0057313260458725,mumax_dataset_ku_by_block_disorder/run_00455/run_00455.mx3,mumax_dataset_ku_by_block_disorder/run_00455,0,1764565767.6098404,1764565855.7850294
456,456,0,0.0004493310205771,1439956.0430953857,3.080083074723137e-11,1.0,0.0,0.1123947671108341,mumax_dataset_ku_by_block_disorder/run_00456/run_00456.mx3,mumax_dataset_ku_by_block_disorder/run_00456,0,1764565855.7904696,1764565947.7160528
457,457,0,0.0008707466333913,1405053.0982539116,3.158437027901608e-11,1.0,0.0,0.0248857989546251,mumax_dataset_ku_by_block_disorder/run_00457/run_00457.mx3,mumax_dataset_ku_by_block_disorder/run_00457,0,1764565947.721387,1764566043.6298988
458,458,0,0.0014305427192344,1427429.6323193312,3.153171563266269e-11,1.0,0.0,0.0002360238675046,mumax_dataset_ku_by_block_disorder/run_00458/run_00458.mx3,mumax_dataset_ku_by_block_disorder/run_00458,0,1764566043.6354978,1764566136.2677894
459,459,0,0.0014873076679847,1388636.5082485334,3.109732064094958e-11,1.0,0.0,0.0675376718664603,mumax_dataset_ku_by_block_disorder/run_00459/run_00459.mx3,mumax_dataset_ku_by_block_disorder/run_00459,0,1764566136.2732296,1764566226.4207609
460,460,0,0.0014970679601393,1329225.614904958,3.0712251156498595e-11,1.0,0.0,0.1237134832077345,mumax_dataset_ku_by_block_disorder/run_00460/run_00460.mx3,mumax_dataset_ku_by_block_disorder/run_00460,0,1764566226.4261985,1764566318.0701742
461,461,0,0.0012712163491885,1378522.0161813954,3.1216417766326237e-11,1.0,0.0,0.0701772940228765,mumax_dataset_ku_by_block_disorder/run_00461/run_00461.mx3,mumax_dataset_ku_by_block_disorder/run_00461,0,1764566318.0757277,1764566407.7463048
462,462,0,0.000727475279531,1363999.7900547222,3.087220661795598e-11,1.0,0.0,0.0061838001433077,mumax_dataset_ku_by_block_disorder/run_00462/run_00462.mx3,mumax_dataset_ku_by_block_disorder/run_00462,0,1764566407.7518697,1764566499.9458604
463,463,0,0.0013803593054091,1394054.7605028932,3.1119579145267877e-11,1.0,0.0,0.0178777279163937,mumax_dataset_ku_by_block_disorder/run_00463/run_00463.mx3,mumax_dataset_ku_by_block_disorder/run_00463,0,1764566499.9514835,1764566590.0101593
464,464,0,3.365489127250798e-05,1368119.8149106426,3.040231832936075e-11,1.0,0.0,0.1129146214835325,mumax_dataset_ku_by_block_disorder/run_00464/run_00464.mx3,mumax_dataset_ku_by_block_disorder/run_00464,0,1764566590.0156455,1764566680.714933
465,465,0,2.790748403608761e-05,1430557.472736429,3.0915599149603104e-11,1.0,0.0,0.0544116483213353,mumax_dataset_ku_by_block_disorder/run_00465/run_00465.mx3,mumax_dataset_ku_by_block_disorder/run_00465,0,1764566680.720982,1764566771.3813584
466,466,0,0.001431187147348,1420796.7401473245,3.072685902189241e-11,1.0,0.0,0.0351551136704902,mumax_dataset_ku_by_block_disorder/run_00466/run_00466.mx3,mumax_dataset_ku_by_block_disorder/run_00466,0,1764566771.3868568,1764566860.4286325
467,467,0,0.0013149654565278,1362629.6372000854,3.162502918442495e-11,1.0,0.0,0.129512921936711,mumax_dataset_ku_by_block_disorder/run_00467/run_00467.mx3,mumax_dataset_ku_by_block_disorder/run_00467,0,1764566860.4341471,1764566957.3605704
468,468,0,0.0012765815873259,1381301.8922118952,3.0368143410643277e-11,1.0,0.0,0.0878290166967549,mumax_dataset_ku_by_block_disorder/run_00468/run_00468.mx3,mumax_dataset_ku_by_block_disorder/run_00468,0,1764566957.3660877,1764567047.51914
469,469,0,0.0011141476113473,1455504.7319475056,2.9536148260189366e-11,1.0,0.0,0.0670787983825652,mumax_dataset_ku_by_block_disorder/run_00469/run_00469.mx3,mumax_dataset_ku_by_block_disorder/run_00469,0,1764567047.5247848,1764567134.640999
470,470,0,0.0010095083866332,1369493.3797925615,3.170410983563586e-11,1.0,0.0,0.1469685541333162,mumax_dataset_ku_by_block_disorder/run_00470/run_00470.mx3,mumax_dataset_ku_by_block_disorder/run_00470,0,1764567134.6465223,1764567229.4584577
471,471,0,0.0009202905353954,1397192.8702109666,3.010601229646511e-11,1.0,0.0,0.1286465965023255,mumax_dataset_ku_by_block_disorder/run_00471/run_00471.mx3,mumax_dataset_ku_by_block_disorder/run_00471,0,1764567229.4641232,1764567323.327749
472,472,0,7.125495989704255e-05,1343018.5669142397,3.185757919627323e-11,1.0,0.0,0.0979896084233616,mumax_dataset_ku_by_block_disorder/run_00472/run_00472.mx3,mumax_dataset_ku_by_block_disorder/run_00472,0,1764567323.3333724,1764567416.021381
473,473,0,0.0008467869762674,1420790.6836934302,3.126093363263035e-11,1.0,0.0,0.0625869043369681,mumax_dataset_ku_by_block_disorder/run_00473/run_00473.mx3,mumax_dataset_ku_by_block_disorder/run_00473,0,1764567416.027099,1764567503.996282
474,474,0,0.0010238840001758,1427487.9581267978,3.1770825980175785e-11,1.0,0.0,0.1283576409498983,mumax_dataset_ku_by_block_disorder/run_00474/run_00474.mx3,mumax_dataset_ku_by_block_disorder/run_00474,0,1764567504.0019126,1764567598.956247
475,475,0,0.0004143899452986,1378776.3404769646,3.112738290598235e-11,1.0,0.0,0.0872062858721149,mumax_dataset_ku_by_block_disorder/run_00475/run_00475.mx3,mumax_dataset_ku_by_block_disorder/run_00475,0,1764567598.9617052,1764567688.678749
476,476,0,0.0011569124083258,1392667.309839514,3.179676239038178e-11,1.0,0.0,0.0341737128002444,mumax_dataset_ku_by_block_disorder/run_00476/run_00476.mx3,mumax_dataset_ku_by_block_disorder/run_00476,0,1764567688.684482,1764567780.9194512
477,477,0,0.0013499654585256,1452170.9416607132,3.175144760405465e-11,1.0,0.0,0.0474614526206972,mumax_dataset_ku_by_block_disorder/run_00477/run_00477.mx3,mumax_dataset_ku_by_block_disorder/run_00477,0,1764567780.92532,1764567875.1991725
478,478,0,0.0014318089354904,1376778.150590374,3.0976048108793436e-11,1.0,0.0,0.1496172785191365,mumax_dataset_ku_by_block_disorder/run_00478/run_00478.mx3,mumax_dataset_ku_by_block_disorder/run_00478,0,1764567875.2046387,1764567970.401908
479,479,0,0.0003444215458436,1377998.278181769,3.175850053557979e-11,1.0,0.0,0.1083673946192694,mumax_dataset_ku_by_block_disorder/run_00479/run_00479.mx3,mumax_dataset_ku_by_block_disorder/run_00479,0,1764567970.4074178,1764568063.583859
480,480,0,0.0002353667337916,1343254.0523002672,3.0574301147864795e-11,1.0,0.0,0.096642153449219,mumax_dataset_ku_by_block_disorder/run_00480/run_00480.mx3,mumax_dataset_ku_by_block_disorder/run_00480,0,1764568063.5895538,1764568155.5382233
481,481,0,7.324692219347878e-05,1414743.7285415716,3.125177458112125e-11,1.0,0.0,0.0643174395578281,mumax_dataset_ku_by_block_disorder/run_00481/run_00481.mx3,mumax_dataset_ku_by_block_disorder/run_00481,0,1764568155.5439932,1764568251.8931985
482,482,0,0.0003516381383153,1404361.0459618352,3.0887246791573185e-11,1.0,0.0,0.0509206262268579,mumax_dataset_ku_by_block_disorder/run_00482/run_00482.mx3,mumax_dataset_ku_by_block_disorder/run_00482,0,1764568251.8985944,1764568344.5453825
483,483,0,0.0001860967684725,1398165.103222421,3.037865306364351e-11,1.0,0.0,0.1351466674109085,mumax_dataset_ku_by_block_disorder/run_00483/run_00483.mx3,mumax_dataset_ku_by_block_disorder/run_00483,0,1764568344.5508933,1764568438.1913238
484,484,0,0.0009703231910751,1380083.1069838486,3.1185047461449433e-11,1.0,0.0,0.0510562881004656,mumax_dataset_ku_by_block_disorder/run_00484/run_00484.mx3,mumax_dataset_ku_by_block_disorder/run_00484,0,1764568438.1970072,1764568527.9931788
485,485,0,0.000682853633271,1419555.448772793,3.120193761169362e-11,1.0,0.0,0.1021873330032318,mumax_dataset_ku_by_block_disorder/run_00485/run_00485.mx3,mumax_dataset_ku_by_block_disorder/run_00485,0,1764568527.9990325,1764568617.337351
486,486,0,0.0009884900775128,1417229.9631809678,3.136468628658877e-11,1.0,0.0,0.1111812796888694,mumax_dataset_ku_by_block_disorder/run_00486/run_00486.mx3,mumax_dataset_ku_by_block_disorder/run_00486,0,1764568617.3430734,1764568712.907333
487,487,0,0.0010331264527025,1429170.176282913,3.0546952289704486e-11,1.0,0.0,0.0316735304249065,mumax_dataset_ku_by_block_disorder/run_00487/run_00487.mx3,mumax_dataset_ku_by_block_disorder/run_00487,0,1764568712.9129782,1764568802.814994
488,488,0,0.0006926722140338,1355952.0939465358,3.000121041146968e-11,1.0,0.0,0.0952036311015349,mumax_dataset_ku_by_block_disorder/run_00488/run_00488.mx3,mumax_dataset_ku_by_block_disorder/run_00488,0,1764568802.820738,1764568895.7519543
489,489,0,0.0014653511145229,1395745.950379978,3.1129798207821077e-11,1.0,0.0,0.1420752778538596,mumax_dataset_ku_by_block_disorder/run_00489/run_00489.mx3,mumax_dataset_ku_by_block_disorder/run_00489,0,1764568895.7577574,1764568988.035355
490,490,0,0.0006583447415998,1399224.579732663,3.1385242745870795e-11,1.0,0.0,0.1021662892439894,mumax_dataset_ku_by_block_disorder/run_00490/run_00490.mx3,mumax_dataset_ku_by_block_disorder/run_00490,0,1764568988.0411615,1764569084.9130142
491,491,0,0.0013203908203587,1400701.894153578,3.1292237462926927e-11,1.0,0.0,0.0981615341684304,mumax_dataset_ku_by_block_disorder/run_00491/run_00491.mx3,mumax_dataset_ku_by_block_disorder/run_00491,0,1764569084.9187937,1764569178.3931353
492,492,0,0.0010331001034229,1389871.9965691948,2.995501440151148e-11,1.0,0.0,0.0288718932471633,mumax_dataset_ku_by_block_disorder/run_00492/run_00492.mx3,mumax_dataset_ku_by_block_disorder/run_00492,0,1764569178.399525,1764569265.256152
493,493,0,0.0008055772933404,1398142.520896142,3.112152578587374e-11,1.0,0.0,0.0739666804827816,mumax_dataset_ku_by_block_disorder/run_00493/run_00493.mx3,mumax_dataset_ku_by_block_disorder/run_00493,0,1764569265.2618225,1764569358.5961878
494,494,0,0.0012709993425772,1461947.060205408,3.1373124431625097e-11,1.0,0.0,0.1103997563929574,mumax_dataset_ku_by_block_disorder/run_00494/run_00494.mx3,mumax_dataset_ku_by_block_disorder/run_00494,0,1764569358.6019,1764569453.0941489
495,495,0,0.0002137426643627,1390908.1933838828,3.0563116544983835e-11,1.0,0.0,0.0934129446281336,mumax_dataset_ku_by_block_disorder/run_00495/run_00495.mx3,mumax_dataset_ku_by_block_disorder/run_00495,0,1764569453.1003273,1764569544.4860651
496,496,0,0.0007066236768458,1427525.428056168,3.065646084484154e-11,1.0,0.0,0.0885677078006236,mumax_dataset_ku_by_block_disorder/run_00496/run_00496.mx3,mumax_dataset_ku_by_block_disorder/run_00496,0,1764569544.4918516,1764569634.861941
497,497,0,0.0007140772885757,1419684.6711565342,3.0550899058091456e-11,1.0,0.0,0.1486126205759452,mumax_dataset_ku_by_block_disorder/run_00497/run_00497.mx3,mumax_dataset_ku_by_block_disorder/run_00497,0,1764569634.8678195,1764569723.33309
498,498,0,0.0009893236160402,1420069.740988081,3.065392769468564e-11,1.0,0.0,0.0465394923225347,mumax_dataset_ku_by_block_disorder/run_00498/run_00498.mx3,mumax_dataset_ku_by_block_disorder/run_00498,0,1764569723.3390553,1764569813.5202658
499,499,0,0.0002717782561531,1370565.9055198426,2.99343988874788e-11,1.0,0.0,0.1463808704858918,mumax_dataset_ku_by_block_disorder/run_00499/run_00499.mx3,mumax_dataset_ku_by_block_disorder/run_00499,0,1764569813.5263376,1764569905.717016
500,500,0,0.0007829676616093,1390030.0084145404,3.0480241191878396e-11,1.0,0.0,0.1043425515970631,mumax_dataset_ku_by_block_disorder/run_00500/run_00500.mx3,mumax_dataset_ku_by_block_disorder/run_00500,0,1764569905.7228255,1764569997.4482744
501,501,0,0.0012599181358169,1355713.6565937283,2.955353456669558e-11,1.0,0.0,0.1184950066371144,mumax_dataset_ku_by_block_disorder/run_00501/run_00501.mx3,mumax_dataset_ku_by_block_disorder/run_00501,0,1764569997.4541445,1764570089.1582236
502,502,0,0.0003358548056887,1412303.216321489,3.009620474744245e-11,1.0,0.0,0.0813691550024008,mumax_dataset_ku_by_block_disorder/run_00502/run_00502.mx3,mumax_dataset_ku_by_block_disorder/run_00502,0,1764570089.16412,1764570178.783259
503,503,0,0.0002647083537914,1420696.7906170138,3.1492949661260876e-11,1.0,0.0,0.04103232750006,mumax_dataset_ku_by_block_disorder/run_00503/run_00503.mx3,mumax_dataset_ku_by_block_disorder/run_00503,0,1764570178.7893252,1764570270.809956
504,504,0,0.0003373814245382,1401489.126067407,3.0897026853652305e-11,1.0,0.0,0.1475641740823227,mumax_dataset_ku_by_block_disorder/run_00504/run_00504.mx3,mumax_dataset_ku_by_block_disorder/run_00504,0,1764570270.8159192,1764570367.1002512
505,505,0,0.0014034624391094,1357806.6961954164,3.161087846033489e-11,1.0,0.0,0.0931907945170016,mumax_dataset_ku_by_block_disorder/run_00505/run_00505.mx3,mumax_dataset_ku_by_block_disorder/run_00505,0,1764570367.1062727,1764570458.1427937
506,506,0,0.0007571572530318,1382112.806422172,3.089776436048179e-11,1.0,0.0,0.015366064361939,mumax_dataset_ku_by_block_disorder/run_00506/run_00506.mx3,mumax_dataset_ku_by_block_disorder/run_00506,0,1764570458.1486146,1764570543.2009234
507,507,0,0.0007135840832433,1392549.6193640484,3.016657497551193e-11,1.0,0.0,0.1102096011305083,mumax_dataset_ku_by_block_disorder/run_00507/run_00507.mx3,mumax_dataset_ku_by_block_disorder/run_00507,0,1764570543.2068524,1764570632.576474
508,508,0,0.0004487615556898,1371831.514411163,3.0768418174899216e-11,1.0,0.0,0.083100385742198,mumax_dataset_ku_by_block_disorder/run_00508/run_00508.mx3,mumax_dataset_ku_by_block_disorder/run_00508,0,1764570632.5825117,1764570723.5201323
509,509,0,0.0008194043695483,1413971.7668158824,2.9207345482339465e-11,1.0,0.0,0.0578273159236502,mumax_dataset_ku_by_block_disorder/run_00509/run_00509.mx3,mumax_dataset_ku_by_block_disorder/run_00509,0,1764570723.5260613,1764570808.0473545
510,510,0,0.0010745457678522,1361972.5884056818,3.1171988552342957e-11,1.0,0.0,0.0732641993894804,mumax_dataset_ku_by_block_disorder/run_00510/run_00510.mx3,mumax_dataset_ku_by_block_disorder/run_00510,0,1764570808.053328,1764570899.7978792
511,511,0,0.0014185207643638,1374218.122737215,3.063624147378141e-11,1.0,0.0,0.0440715446764899,mumax_dataset_ku_by_block_disorder/run_00511/run_00511.mx3,mumax_dataset_ku_by_block_disorder/run_00511,0,1764570899.803907,1764570986.536477
512,512,0,0.0011153384271341,1399390.8810608124,3.141671075746671e-11,1.0,0.0,0.0236852652193061,mumax_dataset_ku_by_block_disorder/run_00512/run_00512.mx3,mumax_dataset_ku_by_block_disorder/run_00512,0,1764570986.5423183,1764571072.8818274
513,513,0,0.0002522965399635,1366639.8737790547,3.113348444581543e-11,1.0,0.0,0.105708132500792,mumax_dataset_ku_by_block_disorder/run_00513/run_00513.mx3,mumax_dataset_ku_by_block_disorder/run_00513,0,1764571072.8877623,1764571165.1370094
514,514,0,0.0008836192699353,1395083.052666427,3.147757810760104e-11,1.0,0.0,0.0652776982173154,mumax_dataset_ku_by_block_disorder/run_00514/run_00514.mx3,mumax_dataset_ku_by_block_disorder/run_00514,0,1764571165.1429048,1764571257.217574
515,515,0,0.0007806921934538,1377330.5555870845,3.1751432277684854e-11,1.0,0.0,0.0039652181319413,mumax_dataset_ku_by_block_disorder/run_00515/run_00515.mx3,mumax_dataset_ku_by_block_disorder/run_00515,0,1764571257.223595,1764571351.519658
516,516,0,0.0005423757770569,1407533.1661665386,3.1584300600788197e-11,1.0,0.0,0.0463862224173026,mumax_dataset_ku_by_block_disorder/run_00516/run_00516.mx3,mumax_dataset_ku_by_block_disorder/run_00516,0,1764571351.5257015,1764571442.6997647
517,517,0,0.0006153684501961,1443404.208399335,3.072609930403258e-11,1.0,0.0,0.0145421472990285,mumax_dataset_ku_by_block_disorder/run_00517/run_00517.mx3,mumax_dataset_ku_by_block_disorder/run_00517,0,1764571442.705798,1764571526.7292807
518,518,0,0.0005541307254356,1398760.789014482,3.139111843764524e-11,1.0,0.0,0.0725685786178331,mumax_dataset_ku_by_block_disorder/run_00518/run_00518.mx3,mumax_dataset_ku_by_block_disorder/run_00518,0,1764571526.7354147,1764571618.0291069
519,519,0,0.0010608080567362,1397575.7774697114,3.1156399310145006e-11,1.0,0.0,0.1128552857302143,mumax_dataset_ku_by_block_disorder/run_00519/run_00519.mx3,mumax_dataset_ku_by_block_disorder/run_00519,0,1764571618.0353162,1764571710.5663612
520,520,0,0.0008587450089615,1372211.2140835363,3.097414200186397e-11,1.0,0.0,0.0170001900285025,mumax_dataset_ku_by_block_disorder/run_00520/run_00520.mx3,mumax_dataset_ku_by_block_disorder/run_00520,0,1764571710.572302,1764571798.466046
521,521,0,0.0013972150249682,1385963.6605892729,3.045387207896575e-11,1.0,0.0,0.0058016450234936,mumax_dataset_ku_by_block_disorder/run_00521/run_00521.mx3,mumax_dataset_ku_by_block_disorder/run_00521,0,1764571798.4721785,1764571885.7051723
522,522,0,0.0004279581401784,1403429.5604685782,3.215434347874989e-11,1.0,0.0,0.0700201957589368,mumax_dataset_ku_by_block_disorder/run_00522/run_00522.mx3,mumax_dataset_ku_by_block_disorder/run_00522,0,1764571885.7113206,1764571979.3214264
523,523,0,0.0008132605822003,1381693.3764893068,3.16724224122603e-11,1.0,0.0,0.0010563024821112,mumax_dataset_ku_by_block_disorder/run_00523/run_00523.mx3,mumax_dataset_ku_by_block_disorder/run_00523,0,1764571979.3274808,1764572071.833427
524,524,0,0.0013873546305016,1423060.8469565553,3.242891890267912e-11,1.0,0.0,0.137656752092627,mumax_dataset_ku_by_block_disorder/run_00524/run_00524.mx3,mumax_dataset_ku_by_block_disorder/run_00524,0,1764572071.8397248,1764572168.143808
525,525,0,8.891239694713021e-05,1361216.85243293,3.068007534188211e-11,1.0,0.0,0.0550889969478794,mumax_dataset_ku_by_block_disorder/run_00525/run_00525.mx3,mumax_dataset_ku_by_block_disorder/run_00525,0,1764572168.149971,1764572255.801767
526,526,0,0.0011939436622849,1442636.190269177,3.0998251727028707e-11,1.0,0.0,0.0432750346187267,mumax_dataset_ku_by_block_disorder/run_00526/run_00526.mx3,mumax_dataset_ku_by_block_disorder/run_00526,0,1764572255.807735,1764572345.6796732
527,527,0,0.0007341528498313,1433802.3509154527,2.9867091853533e-11,1.0,0.0,0.0952271966786058,mumax_dataset_ku_by_block_disorder/run_00527/run_00527.mx3,mumax_dataset_ku_by_block_disorder/run_00527,0,1764572345.6857035,1764572435.622377
528,528,0,0.0002512540215177,1371891.708922964,3.00115307496239e-11,1.0,0.0,0.1377524904549061,mumax_dataset_ku_by_block_disorder/run_00528/run_00528.mx3,mumax_dataset_ku_by_block_disorder/run_00528,0,1764572435.629094,1764572524.3599112
529,529,0,0.0006833745274559,1369686.1000220554,3.079173813878928e-11,1.0,0.0,0.0818984163040681,mumax_dataset_ku_by_block_disorder/run_00529/run_00529.mx3,mumax_dataset_ku_by_block_disorder/run_00529,0,1764572524.36981,1764572614.217101
530,530,0,2.2895901345515003e-05,1365864.0116588208,3.0990479086160186e-11,1.0,0.0,0.0445282426208563,mumax_dataset_ku_by_block_disorder/run_00530/run_00530.mx3,mumax_dataset_ku_by_block_disorder/run_00530,0,1764572614.2234392,1764572706.9894023
531,531,0,0.0014766132827855,1358174.667152044,3.1056091655433806e-11,1.0,0.0,0.0889218846508398,mumax_dataset_ku_by_block_disorder/run_00531/run_00531.mx3,mumax_dataset_ku_by_block_disorder/run_00531,0,1764572706.9958477,1764572799.3804102
532,532,0,0.0012826434538166,1421022.9883110456,3.04098405535107e-11,1.0,0.0,0.0211266294853797,mumax_dataset_ku_by_block_disorder/run_00532/run_00532.mx3,mumax_dataset_ku_by_block_disorder/run_00532,0,1764572799.3881516,1764572887.243482
533,533,0,0.0002678230034301,1391968.3719796103,3.223523863137543e-11,1.0,0.0,0.0479210835729358,mumax_dataset_ku_by_block_disorder/run_00533/run_00533.mx3,mumax_dataset_ku_by_block_disorder/run_00533,0,1764572887.2497387,1764572981.5943446
534,534,0,0.0010514616504339,1433980.7358492606,3.1472198008542783e-11,1.0,0.0,0.1004799451235223,mumax_dataset_ku_by_block_disorder/run_00534/run_00534.mx3,mumax_dataset_ku_by_block_disorder/run_00534,0,1764572981.600589,1764573077.3106763
535,535,0,0.0008592239609719,1424669.3304097883,3.0111907799537195e-11,1.0,0.0,0.1108445714513393,mumax_dataset_ku_by_block_disorder/run_00535/run_00535.mx3,mumax_dataset_ku_by_block_disorder/run_00535,0,1764573077.3167138,1764573165.1824338
536,536,0,0.0014315553721991,1352052.9534646242,3.1464557788879547e-11,1.0,0.0,0.077167738792518,mumax_dataset_ku_by_block_disorder/run_00536/run_00536.mx3,mumax_dataset_ku_by_block_disorder/run_00536,0,1764573165.1885571,1764573257.3198338
537,537,0,0.0011786928147296,1402235.8469128285,3.013827255653e-11,1.0,0.0,0.1052392569879218,mumax_dataset_ku_by_block_disorder/run_00537/run_00537.mx3,mumax_dataset_ku_by_block_disorder/run_00537,0,1764573257.3259077,1764573347.8806407
538,538,0,0.00129608782013,1332305.1611278497,3.0855150087526536e-11,1.0,0.0,0.1192305462326892,mumax_dataset_ku_by_block_disorder/run_00538/run_00538.mx3,mumax_dataset_ku_by_block_disorder/run_00538,0,1764573347.886829,1764573439.099114
539,539,0,0.0004771163284183,1393199.6067509253,3.061729388981692e-11,1.0,0.0,0.1253934206067083,mumax_dataset_ku_by_block_disorder/run_00539/run_00539.mx3,mumax_dataset_ku_by_block_disorder/run_00539,0,1764573439.1054645,1764573529.2231743
540,540,0,0.0013264351388747,1344290.871699547,3.156600170029059e-11,1.0,0.0,0.1213458983213002,mumax_dataset_ku_by_block_disorder/run_00540/run_00540.mx3,mumax_dataset_ku_by_block_disorder/run_00540,0,1764573529.2292182,1764573623.745577
541,541,0,0.0014048566181376,1393926.7684800867,3.231261528492766e-11,1.0,0.0,0.1328357697780096,mumax_dataset_ku_by_block_disorder/run_00541/run_00541.mx3,mumax_dataset_ku_by_block_disorder/run_00541,0,1764573623.7517557,1764573723.5107553
542,542,0,0.0005978914744298,1425515.3624629085,3.053536122332265e-11,1.0,0.0,0.0768317105733147,mumax_dataset_ku_by_block_disorder/run_00542/run_00542.mx3,mumax_dataset_ku_by_block_disorder/run_00542,0,1764573723.5168488,1764573812.615127
543,543,0,0.0006422273027414,1429195.0580342044,3.1042850990142916e-11,1.0,0.0,0.1265627967468767,mumax_dataset_ku_by_block_disorder/run_00543/run_00543.mx3,mumax_dataset_ku_by_block_disorder/run_00543,0,1764573812.621209,1764573902.5107515
544,544,0,0.0014951849664644,1436773.8199481328,3.1504465635184574e-11,1.0,0.0,0.0092107833309822,mumax_dataset_ku_by_block_disorder/run_00544/run_00544.mx3,mumax_dataset_ku_by_block_disorder/run_00544,0,1764573902.5169196,1764573994.3412197
545,545,0,0.0012776576161394,1380968.9934077037,3.112323637047093e-11,1.0,0.0,0.1351015991694264,mumax_dataset_ku_by_block_disorder/run_00545/run_00545.mx3,mumax_dataset_ku_by_block_disorder/run_00545,0,1764573994.3475332,1764574088.9510045
546,546,0,0.001196766302041,1428337.4839840836,3.104281706616304e-11,1.0,0.0,0.0665698764939407,mumax_dataset_ku_by_block_disorder/run_00546/run_00546.mx3,mumax_dataset_ku_by_block_disorder/run_00546,0,1764574088.957516,1764574177.0139563
547,547,0,0.0009060675093127,1366213.0842964605,3.181904497350384e-11,1.0,0.0,0.1008076585272923,mumax_dataset_ku_by_block_disorder/run_00547/run_00547.mx3,mumax_dataset_ku_by_block_disorder/run_00547,0,1764574177.020076,1764574269.6919808
548,548,0,0.0008645727068672,1439752.6145723618,3.169225184014929e-11,1.0,0.0,0.0401005232979036,mumax_dataset_ku_by_block_disorder/run_00548/run_00548.mx3,mumax_dataset_ku_by_block_disorder/run_00548,0,1764574269.698435,1764574362.8836582
549,549,0,0.0013418515522402,1396232.6710372565,3.0649715799045585e-11,1.0,0.0,0.124797450850906,mumax_dataset_ku_by_block_disorder/run_00549/run_00549.mx3,mumax_dataset_ku_by_block_disorder/run_00549,0,1764574362.8909674,1764574454.566083
550,550,0,0.0006123426580743,1431713.7721746166,3.138741331692432e-11,1.0,0.0,0.0315652327579085,mumax_dataset_ku_by_block_disorder/run_00550/run_00550.mx3,mumax_dataset_ku_by_block_disorder/run_00550,0,1764574454.572502,1764574543.176859
551,551,0,0.001264318546316,1384304.6615597724,3.0914332906233274e-11,1.0,0.0,0.041614872139482,mumax_dataset_ku_by_block_disorder/run_00551/run_00551.mx3,mumax_dataset_ku_by_block_disorder/run_00551,0,1764574543.1831105,1764574636.115371
552,552,0,0.0008579774684063,1389322.6356433346,2.931635991654856e-11,1.0,0.0,0.1051438271677755,mumax_dataset_ku_by_block_disorder/run_00552/run_00552.mx3,mumax_dataset_ku_by_block_disorder/run_00552,0,1764574636.1215234,1764574723.8842869
553,553,0,0.0002509258926412,1390249.444861481,3.106028687117449e-11,1.0,0.0,0.0391687607794223,mumax_dataset_ku_by_block_disorder/run_00553/run_00553.mx3,mumax_dataset_ku_by_block_disorder/run_00553,0,1764574723.8904717,1764574813.8432295
554,554,0,0.0008897322493132,1364688.554256195,3.1040228984190426e-11,1.0,0.0,0.0573925482781316,mumax_dataset_ku_by_block_disorder/run_00554/run_00554.mx3,mumax_dataset_ku_by_block_disorder/run_00554,0,1764574813.849601,1764574905.6369565
555,555,0,0.0013038691557207,1379686.648826615,3.1484772044865164e-11,1.0,0.0,0.1063237007110058,mumax_dataset_ku_by_block_disorder/run_00555/run_00555.mx3,mumax_dataset_ku_by_block_disorder/run_00555,0,1764574905.6433697,1764574999.3972805
556,556,0,0.0010175330514261,1433963.1330245908,3.1335962563116515e-11,1.0,0.0,0.0858164241962383,mumax_dataset_ku_by_block_disorder/run_00556/run_00556.mx3,mumax_dataset_ku_by_block_disorder/run_00556,0,1764574999.403622,1764575091.004409
557,557,0,0.0005051286019983,1414733.2847214113,3.1196602490376845e-11,1.0,0.0,0.0378495500727343,mumax_dataset_ku_by_block_disorder/run_00557/run_00557.mx3,mumax_dataset_ku_by_block_disorder/run_00557,0,1764575091.0107589,1764575182.094215
558,558,0,0.0007877602412747,1363754.0140881727,2.9475140025075706e-11,1.0,0.0,0.096146674257219,mumax_dataset_ku_by_block_disorder/run_00558/run_00558.mx3,mumax_dataset_ku_by_block_disorder/run_00558,0,1764575182.1005342,1764575269.956106
559,559,0,0.0010292960972333,1422152.0030619097,3.075152185627188e-11,1.0,0.0,0.1406609521176937,mumax_dataset_ku_by_block_disorder/run_00559/run_00559.mx3,mumax_dataset_ku_by_block_disorder/run_00559,0,1764575269.9626682,1764575361.922321
560,560,0,0.0002735423041054,1411566.7639496855,2.986361209607174e-11,1.0,0.0,0.1262656515934204,mumax_dataset_ku_by_block_disorder/run_00560/run_00560.mx3,mumax_dataset_ku_by_block_disorder/run_00560,0,1764575361.928614,1764575449.2991378
561,561,0,0.0008847640491843,1396413.465663481,3.035176835149909e-11,1.0,0.0,0.1005040472099585,mumax_dataset_ku_by_block_disorder/run_00561/run_00561.mx3,mumax_dataset_ku_by_block_disorder/run_00561,0,1764575449.30789,1764575538.8135226
562,562,0,0.0003010865657335,1435643.3582545798,3.029418875599926e-11,1.0,0.0,0.1337692781870897,mumax_dataset_ku_by_block_disorder/run_00562/run_00562.mx3,mumax_dataset_ku_by_block_disorder/run_00562,0,1764575538.8200254,1764575631.492147
563,563,0,0.0002370670864077,1381647.161558579,3.187671677505481e-11,1.0,0.0,0.0311173900757594,mumax_dataset_ku_by_block_disorder/run_00563/run_00563.mx3,mumax_dataset_ku_by_block_disorder/run_00563,0,1764575631.4986768,1764575724.035636
564,564,0,0.0010038273602647,1423513.9695392807,3.057052638234794e-11,1.0,0.0,0.1048474621184071,mumax_dataset_ku_by_block_disorder/run_00564/run_00564.mx3,mumax_dataset_ku_by_block_disorder/run_00564,0,1764575724.0421095,1764575812.3896148
565,565,0,0.0009504797124639,1403303.0335556609,3.0883028139124235e-11,1.0,0.0,0.0398146307201406,mumax_dataset_ku_by_block_disorder/run_00565/run_00565.mx3,mumax_dataset_ku_by_block_disorder/run_00565,0,1764575812.3963013,1764575903.9268486
566,566,0,0.0008044798554001,1394650.162849042,3.053790355015162e-11,1.0,0.0,0.0354412894987891,mumax_dataset_ku_by_block_disorder/run_00566/run_00566.mx3,mumax_dataset_ku_by_block_disorder/run_00566,0,1764575903.9334683,1764575994.604938
567,567,0,0.0001891959328267,1408480.9811374408,3.099482742431569e-11,1.0,0.0,0.0678809559240146,mumax_dataset_ku_by_block_disorder/run_00567/run_00567.mx3,mumax_dataset_ku_by_block_disorder/run_00567,0,1764575994.611846,1764576091.4666853
568,568,0,0.0010962063185217,1383679.401990407,3.062583469695671e-11,1.0,0.0,0.0511534992371587,mumax_dataset_ku_by_block_disorder/run_00568/run_00568.mx3,mumax_dataset_ku_by_block_disorder/run_00568,0,1764576091.4731658,1764576181.7664585
569,569,0,0.0012209570274284,1405108.7123485897,3.0913886712920656e-11,1.0,0.0,0.112434888114301,mumax_dataset_ku_by_block_disorder/run_00569/run_00569.mx3,mumax_dataset_ku_by_block_disorder/run_00569,0,1764576181.7730522,1764576272.3849163
570,570,0,0.0013260112961531,1392178.4762354845,3.183675059413632e-11,1.0,0.0,0.0020619729466993,mumax_dataset_ku_by_block_disorder/run_00570/run_00570.mx3,mumax_dataset_ku_by_block_disorder/run_00570,0,1764576272.3913722,1764576363.2894905
571,571,0,0.001018487671641,1369877.4167836695,3.0760413744633757e-11,1.0,0.0,0.0638298729125929,mumax_dataset_ku_by_block_disorder/run_00571/run_00571.mx3,mumax_dataset_ku_by_block_disorder/run_00571,0,1764576363.2962184,1764576450.6004589
572,572,0,0.0002405975820653,1442115.6887056164,2.9601552242841536e-11,1.0,0.0,0.0027441943998078,mumax_dataset_ku_by_block_disorder/run_00572/run_00572.mx3,mumax_dataset_ku_by_block_disorder/run_00572,0,1764576450.607029,1764576538.100621
573,573,0,0.0001130204213631,1413156.8532198877,3.0107895428360327e-11,1.0,0.0,0.1419680850091574,mumax_dataset_ku_by_block_disorder/run_00573/run_00573.mx3,mumax_dataset_ku_by_block_disorder/run_00573,0,1764576538.1073556,1764576629.2116642
574,574,0,0.0014731304413129,1471319.9425770163,3.071562648693307e-11,1.0,0.0,0.0473985988072301,mumax_dataset_ku_by_block_disorder/run_00574/run_00574.mx3,mumax_dataset_ku_by_block_disorder/run_00574,0,1764576629.2182603,1764576721.522391
575,575,0,0.000226402506059,1457398.0618917292,3.042319047422891e-11,1.0,0.0,0.1400047801679366,mumax_dataset_ku_by_block_disorder/run_00575/run_00575.mx3,mumax_dataset_ku_by_block_disorder/run_00575,0,1764576721.528991,1764576810.9153514
576,576,0,0.0006955304568266,1386159.578607686,3.170006468288864e-11,1.0,0.0,0.0302124638784743,mumax_dataset_ku_by_block_disorder/run_00576/run_00576.mx3,mumax_dataset_ku_by_block_disorder/run_00576,0,1764576810.9220097,1764576902.238017
577,577,0,0.0007504365898793,1384010.317527796,3.143685332771614e-11,1.0,0.0,0.0635454760891987,mumax_dataset_ku_by_block_disorder/run_00577/run_00577.mx3,mumax_dataset_ku_by_block_disorder/run_00577,0,1764576902.2446177,1764576995.0870888
578,578,0,0.0002786954822975,1380143.0392766388,3.164529871297568e-11,1.0,0.0,0.1057819887100781,mumax_dataset_ku_by_block_disorder/run_00578/run_00578.mx3,mumax_dataset_ku_by_block_disorder/run_00578,0,1764576995.09367,1764577088.6268458
579,579,0,0.0002740718899941,1446302.3044126928,3.030773808256821e-11,1.0,0.0,0.0695313429311011,mumax_dataset_ku_by_block_disorder/run_00579/run_00579.mx3,mumax_dataset_ku_by_block_disorder/run_00579,0,1764577088.633495,1764577177.6675286
580,580,0,0.0006675149060306,1358135.4923220074,3.043104115273015e-11,1.0,0.0,0.0051452280513285,mumax_dataset_ku_by_block_disorder/run_00580/run_00580.mx3,mumax_dataset_ku_by_block_disorder/run_00580,0,1764577177.6742074,1764577268.181603
581,581,0,0.0009302474990466,1431708.5076861863,3.1062221808333196e-11,1.0,0.0,0.0864378737389794,mumax_dataset_ku_by_block_disorder/run_00581/run_00581.mx3,mumax_dataset_ku_by_block_disorder/run_00581,0,1764577268.1883664,1764577360.2726855
582,582,0,0.0010221245421024,1430251.6185650418,3.10747555625231e-11,1.0,0.0,0.130777384354105,mumax_dataset_ku_by_block_disorder/run_00582/run_00582.mx3,mumax_dataset_ku_by_block_disorder/run_00582,0,1764577360.2793772,1764577455.8848548
583,583,0,0.0013548508030603,1393752.6927708066,3.153768565017302e-11,1.0,0.0,0.1493497698199373,mumax_dataset_ku_by_block_disorder/run_00583/run_00583.mx3,mumax_dataset_ku_by_block_disorder/run_00583,0,1764577455.8914788,1764577551.1613984
584,584,0,0.0007679024163249,1417474.8835066345,3.0724529732077146e-11,1.0,0.0,0.0020135498007562,mumax_dataset_ku_by_block_disorder/run_00584/run_00584.mx3,mumax_dataset_ku_by_block_disorder/run_00584,0,1764577551.168496,1764577641.4694612
585,585,0,6.117698878733823e-05,1430700.869201902,3.102890174060833e-11,1.0,0.0,0.1471889545976447,mumax_dataset_ku_by_block_disorder/run_00585/run_00585.mx3,mumax_dataset_ku_by_block_disorder/run_00585,0,1764577641.4763155,1764577736.9731717
586,586,0,0.0008082572573495,1361653.487811709,3.1563425224726657e-11,1.0,0.0,0.1466776906550444,mumax_dataset_ku_by_block_disorder/run_00586/run_00586.mx3,mumax_dataset_ku_by_block_disorder/run_00586,0,1764577736.9799447,1764577834.5881808
587,587,0,0.0013895530154013,1407355.862087663,3.0374171478300114e-11,1.0,0.0,0.0583509791188611,mumax_dataset_ku_by_block_disorder/run_00587/run_00587.mx3,mumax_dataset_ku_by_block_disorder/run_00587,0,1764577834.594857,1764577922.7327554
588,588,0,0.0001065106044581,1409016.1645925448,3.0587471435451296e-11,1.0,0.0,0.0187133929085634,mumax_dataset_ku_by_block_disorder/run_00588/run_00588.mx3,mumax_dataset_ku_by_block_disorder/run_00588,0,1764577922.7397864,1764578014.0464256
589,589,0,0.0006420573858059,1356732.7062166168,3.134559128019426e-11,1.0,0.0,0.0499656638368371,mumax_dataset_ku_by_block_disorder/run_00589/run_00589.mx3,mumax_dataset_ku_by_block_disorder/run_00589,0,1764578014.0531125,1764578108.796107
590,590,0,0.0003135040696038,1370261.7731291149,3.0268282382666275e-11,1.0,0.0,0.0755807978201573,mumax_dataset_ku_by_block_disorder/run_00590/run_00590.mx3,mumax_dataset_ku_by_block_disorder/run_00590,0,1764578108.8028023,1764578199.8140368
591,591,0,0.000573757085126,1386401.4597677535,3.0959956530626026e-11,1.0,0.0,0.0316445338888731,mumax_dataset_ku_by_block_disorder/run_00591/run_00591.mx3,mumax_dataset_ku_by_block_disorder/run_00591,0,1764578199.8208203,1764578290.0424178
592,592,0,0.0007416795638422,1346588.6163253651,3.109351147335741e-11,1.0,0.0,0.0173969416611113,mumax_dataset_ku_by_block_disorder/run_00592/run_00592.mx3,mumax_dataset_ku_by_block_disorder/run_00592,0,1764578290.049293,1764578381.3059354
593,593,0,0.0009647319931292,1379318.4166762824,3.0625078252414136e-11,1.0,0.0,0.1134853105649765,mumax_dataset_ku_by_block_disorder/run_00593/run_00593.mx3,mumax_dataset_ku_by_block_disorder/run_00593,0,1764578381.3126414,1764578472.3245318
594,594,0,0.000197617111156,1410781.1630798352,3.1662696708796684e-11,1.0,0.0,0.1140093824932503,mumax_dataset_ku_by_block_disorder/run_00594/run_00594.mx3,mumax_dataset_ku_by_block_disorder/run_00594,0,1764578472.3311622,1764578568.5529823
595,595,0,1.0626322871967133e-05,1390866.9135413738,3.172126732166286e-11,1.0,0.0,0.0568117407561822,mumax_dataset_ku_by_block_disorder/run_00595/run_00595.mx3,mumax_dataset_ku_by_block_disorder/run_00595,0,1764578568.5604825,1764578659.761531
596,596,0,0.000417871908151,1435336.1175589391,3.231199289311893e-11,1.0,0.0,0.0091452984595689,mumax_dataset_ku_by_block_disorder/run_00596/run_00596.mx3,mumax_dataset_ku_by_block_disorder/run_00596,0,1764578659.768395,1764578752.0377088
597,597,0,0.0011587526568754,1379840.2196088312,3.148689289603653e-11,1.0,0.0,0.1108253663893681,mumax_dataset_ku_by_block_disorder/run_00597/run_00597.mx3,mumax_dataset_ku_by_block_disorder/run_00597,0,1764578752.044584,1764578844.328365
598,598,0,0.0011286592074952,1437322.0082176211,3.1638128852551216e-11,1.0,0.0,0.0444808970753792,mumax_dataset_ku_by_block_disorder/run_00598/run_00598.mx3,mumax_dataset_ku_by_block_disorder/run_00598,0,1764578844.3351765,1764578939.6726997
599,599,0,0.0013827158800982,1424747.7220846396,3.039222116934509e-11,1.0,0.0,0.0832635233436667,mumax_dataset_ku_by_block_disorder/run_00599/run_00599.mx3,mumax_dataset_ku_by_block_disorder/run_00599,0,1764578939.6795003,1764579030.091076
600,600,0,0.0013031268086308,1385058.50989613,3.1952172029109116e-11,1.0,0.0,0.0301840807329169,mumax_dataset_ku_by_block_disorder/run_00600/run_00600.mx3,mumax_dataset_ku_by_block_disorder/run_00600,0,1764579030.0976896,1764579119.8457942
601,601,0,0.0013345513500887,1406619.6906478791,3.141214256625465e-11,1.0,0.0,0.1361307131965197,mumax_dataset_ku_by_block_disorder/run_00601/run_00601.mx3,mumax_dataset_ku_by_block_disorder/run_00601,0,1764579119.8528605,1764579213.935959
602,602,0,0.0005314853243406,1362308.3461006158,3.182647726136889e-11,1.0,0.0,0.1428288672835503,mumax_dataset_ku_by_block_disorder/run_00602/run_00602.mx3,mumax_dataset_ku_by_block_disorder/run_00602,0,1764579213.9426882,1764579310.192057
603,603,0,0.0005266567304959,1457039.8760099008,3.21331923520879e-11,1.0,0.0,0.1348513279574121,mumax_dataset_ku_by_block_disorder/run_00603/run_00603.mx3,mumax_dataset_ku_by_block_disorder/run_00603,0,1764579310.199108,1764579408.2779
604,604,0,2.049729732582245e-05,1395484.6273561846,3.03636231505272e-11,1.0,0.0,0.0830644610867832,mumax_dataset_ku_by_block_disorder/run_00604/run_00604.mx3,mumax_dataset_ku_by_block_disorder/run_00604,0,1764579408.284738,1764579500.1451392
605,605,0,0.0009175212528256,1385654.1943997114,3.1640009383102147e-11,1.0,0.0,0.0385311736688972,mumax_dataset_ku_by_block_disorder/run_00605/run_00605.mx3,mumax_dataset_ku_by_block_disorder/run_00605,0,1764579500.151839,1764579592.4333112
606,606,0,0.0008349529076909,1405204.523481239,3.1570137679500234e-11,1.0,0.0,0.1433674346727431,mumax_dataset_ku_by_block_disorder/run_00606/run_00606.mx3,mumax_dataset_ku_by_block_disorder/run_00606,0,1764579592.440183,1764579689.9720895
607,607,0,0.0009293558952607,1403907.7931149574,2.9773372554472037e-11,1.0,0.0,0.0669608069191939,mumax_dataset_ku_by_block_disorder/run_00607/run_00607.mx3,mumax_dataset_ku_by_block_disorder/run_00607,0,1764579689.9788177,1764579775.3999972
608,608,0,0.000667015263468,1344871.6022116332,3.068435087885473e-11,1.0,0.0,0.1149154326908798,mumax_dataset_ku_by_block_disorder/run_00608/run_00608.mx3,mumax_dataset_ku_by_block_disorder/run_00608,0,1764579775.40676,1764579866.877552
609,609,0,7.557589884948335e-05,1399826.1427496984,3.0573760958416284e-11,1.0,0.0,0.0635067062970337,mumax_dataset_ku_by_block_disorder/run_00609/run_00609.mx3,mumax_dataset_ku_by_block_disorder/run_00609,0,1764579866.8843358,1764579959.5488994
610,610,0,0.0003800229007455,1393273.4586215916,3.145532115306958e-11,1.0,0.0,0.1076490266705684,mumax_dataset_ku_by_block_disorder/run_00610/run_00610.mx3,mumax_dataset_ku_by_block_disorder/run_00610,0,1764579959.5555477,1764580050.3631094
611,611,0,0.0013661049057378,1414273.5038073051,3.0740788742307795e-11,1.0,0.0,0.0865550824623663,mumax_dataset_ku_by_block_disorder/run_00611/run_00611.mx3,mumax_dataset_ku_by_block_disorder/run_00611,0,1764580050.3698936,1764580142.442515
612,612,0,0.0010427387861114,1374759.4465290352,3.0908151587819034e-11,1.0,0.0,0.0964836821197392,mumax_dataset_ku_by_block_disorder/run_00612/run_00612.mx3,mumax_dataset_ku_by_block_disorder/run_00612,0,1764644009.7527213,1764644078.651105
613,613,0,0.0005909584527852,1396490.221133209,3.0933682038050705e-11,1.0,0.0,0.0555537047947821,mumax_dataset_ku_by_block_disorder/run_00613/run_00613.mx3,mumax_dataset_ku_by_block_disorder/run_00613,0,1764644078.6584623,1764644146.976904
614,614,0,0.0009520422092115,1353053.9064253096,2.9413113270861635e-11,1.0,0.0,0.0388192334419139,mumax_dataset_ku_by_block_disorder/run_00614/run_00614.mx3,mumax_dataset_ku_by_block_disorder/run_00614,0,1764644146.9835749,1764644213.533705
615,615,0,0.0001280136400937,1408627.1909073684,3.142390347873939e-11,1.0,0.0,0.032230055826475,mumax_dataset_ku_by_block_disorder/run_00615/run_00615.mx3,mumax_dataset_ku_by_block_disorder/run_00615,0,1764644213.540496,1764644295.6937904
616,616,0,0.0012480212206011,1429804.581961381,3.0975163921770776e-11,1.0,0.0,0.0570490776923984,mumax_dataset_ku_by_block_disorder/run_00616/run_00616.mx3,mumax_dataset_ku_by_block_disorder/run_00616,0,1764644295.7005117,1764644368.1918037
617,617,0,0.0013828231523702,1367504.9622170706,3.0600010140885656e-11,1.0,0.0,0.007078487222073,mumax_dataset_ku_by_block_disorder/run_00617/run_00617.mx3,mumax_dataset_ku_by_block_disorder/run_00617,0,1764644368.198656,1764644447.9147203
618,618,0,0.0004853684643698,1398509.6257563874,3.1149617311977794e-11,1.0,0.0,0.0296141761184696,mumax_dataset_ku_by_block_disorder/run_00618/run_00618.mx3,mumax_dataset_ku_by_block_disorder/run_00618,0,1764644447.9214597,1764644517.2456372
619,619,0,0.0004499440169776,1415377.5821538286,3.1606163044573115e-11,1.0,0.0,0.1019060898259147,mumax_dataset_ku_by_block_disorder/run_00619/run_00619.mx3,mumax_dataset_ku_by_block_disorder/run_00619,0,1764644517.2524471,1764644593.3886764
620,620,0,0.0012299639991032,1415163.5526440677,3.0775266895701634e-11,1.0,0.0,0.0611688925093945,mumax_dataset_ku_by_block_disorder/run_00620/run_00620.mx3,mumax_dataset_ku_by_block_disorder/run_00620,0,1764644593.3955436,1764644663.6926548
621,621,0,0.0002631178706098,1373701.60778114,3.1548753402712326e-11,1.0,0.0,0.0440867990273264,mumax_dataset_ku_by_block_disorder/run_00621/run_00621.mx3,mumax_dataset_ku_by_block_disorder/run_00621,0,1764644663.6994822,1764644739.1642857
622,622,0,0.0010248641532225,1451400.9547511954,2.9780044294804656e-11,1.0,0.0,0.0790321304102994,mumax_dataset_ku_by_block_disorder/run_00622/run_00622.mx3,mumax_dataset_ku_by_block_disorder/run_00622,0,1764644739.1711912,1764644805.6674402
623,623,0,0.0012774864545303,1425862.7935007785,3.0736689666480703e-11,1.0,0.0,0.10566927506629,mumax_dataset_ku_by_block_disorder/run_00623/run_00623.mx3,mumax_dataset_ku_by_block_disorder/run_00623,0,1764644805.6741295,1764644875.039647
624,624,0,0.0002618086190998,1419452.4450359598,3.094550014500966e-11,1.0,0.0,0.1308521939950793,mumax_dataset_ku_by_block_disorder/run_00624/run_00624.mx3,mumax_dataset_ku_by_block_disorder/run_00624,0,1764644875.0465236,1764644946.2409823
625,625,0,0.0007503958187635,1408824.5144109009,3.137859585380328e-11,1.0,0.0,0.0834674768759559,mumax_dataset_ku_by_block_disorder/run_00625/run_00625.mx3,mumax_dataset_ku_by_block_disorder/run_00625,0,1764644946.2477086,1764645017.43446
626,626,0,0.0001291921116129,1419987.1573928015,3.123436270745307e-11,1.0,0.0,0.0391122097941075,mumax_dataset_ku_by_block_disorder/run_00626/run_00626.mx3,mumax_dataset_ku_by_block_disorder/run_00626,0,1764645017.4416046,1764645084.9511182
627,627,0,0.0008994353202932,1423633.196231547,3.0353765736281915e-11,1.0,0.0,0.01284575676892,mumax_dataset_ku_by_block_disorder/run_00627/run_00627.mx3,mumax_dataset_ku_by_block_disorder/run_00627,0,1764645084.9580932,1764645155.9234345
628,628,0,0.0001974802869308,1429108.1256452496,3.1242778715310226e-11,1.0,0.0,0.0187459665623867,mumax_dataset_ku_by_block_disorder/run_00628/run_00628.mx3,mumax_dataset_ku_by_block_disorder/run_00628,0,1764645155.9304714,1764645233.7099652
629,629,0,0.0007667779353004,1400679.3723543768,3.0990243457968545e-11,1.0,0.0,0.1097701776220631,mumax_dataset_ku_by_block_disorder/run_00629/run_00629.mx3,mumax_dataset_ku_by_block_disorder/run_00629,0,1764645233.7170112,1764645304.846522
630,630,0,0.0008597578801503,1402435.7377142238,3.115044095945038e-11,1.0,0.0,0.0279603069857277,mumax_dataset_ku_by_block_disorder/run_00630/run_00630.mx3,mumax_dataset_ku_by_block_disorder/run_00630,0,1764645304.8536627,1764645375.5540905
631,631,0,0.0007359577223591,1398656.5427207258,3.151602093989568e-11,1.0,0.0,0.0763680517632897,mumax_dataset_ku_by_block_disorder/run_00631/run_00631.mx3,mumax_dataset_ku_by_block_disorder/run_00631,0,1764645375.5611465,1764645451.426257
632,632,0,0.0010901162428565,1416458.7771352085,3.041460482320188e-11,1.0,0.0,0.0132765103200876,mumax_dataset_ku_by_block_disorder/run_00632/run_00632.mx3,mumax_dataset_ku_by_block_disorder/run_00632,0,1764645451.4334617,1764645519.4183466
633,633,0,0.0008598116719238,1383911.5001518317,3.076996389912898e-11,1.0,0.0,0.0122016817688545,mumax_dataset_ku_by_block_disorder/run_00633/run_00633.mx3,mumax_dataset_ku_by_block_disorder/run_00633,0,1764645519.4255548,1764645603.0836515
634,634,0,0.0011811514410701,1376507.3675277722,3.013012315173083e-11,1.0,0.0,0.025837826010363,mumax_dataset_ku_by_block_disorder/run_00634/run_00634.mx3,mumax_dataset_ku_by_block_disorder/run_00634,0,1764645603.0906892,1764645670.9950335
635,635,0,5.527598052261335e-05,1399336.9689524618,3.0452308096553345e-11,1.0,0.0,0.1148413145417013,mumax_dataset_ku_by_block_disorder/run_00635/run_00635.mx3,mumax_dataset_ku_by_block_disorder/run_00635,0,1764645671.0022192,1764645753.817829
636,636,0,6.029662288162724e-05,1437902.8068282949,3.101655994684523e-11,1.0,0.0,0.0783948850974401,mumax_dataset_ku_by_block_disorder/run_00636/run_00636.mx3,mumax_dataset_ku_by_block_disorder/run_00636,0,1764645753.8249168,1764645834.1521876
637,637,0,0.0003756957301037,1380606.7305693054,3.1878433703116146e-11,1.0,0.0,0.0539262513639082,mumax_dataset_ku_by_block_disorder/run_00637/run_00637.mx3,mumax_dataset_ku_by_block_disorder/run_00637,0,1764645834.1590548,1764645906.354893
638,638,0,4.201895347317963e-06,1378017.6213234412,3.0972740167942915e-11,1.0,0.0,0.146088239663427,mumax_dataset_ku_by_block_disorder/run_00638/run_00638.mx3,mumax_dataset_ku_by_block_disorder/run_00638,0,1764645906.3620963,1764645976.041845
639,639,0,7.69342253285088e-05,1420478.7194245767,3.0286713661196226e-11,1.0,0.0,0.0525939906870226,mumax_dataset_ku_by_block_disorder/run_00639/run_00639.mx3,mumax_dataset_ku_by_block_disorder/run_00639,0,1764645976.0489073,1764646043.1067102
640,640,0,0.0010107035560085,1431166.1298729926,3.135545938299001e-11,1.0,0.0,0.074349764345317,mumax_dataset_ku_by_block_disorder/run_00640/run_00640.mx3,mumax_dataset_ku_by_block_disorder/run_00640,0,1764646043.1136904,1764646115.665783
641,641,0,6.19392494137816e-05,1413407.4363025392,3.0386561797155375e-11,1.0,0.0,0.052948311156125,mumax_dataset_ku_by_block_disorder/run_00641/run_00641.mx3,mumax_dataset_ku_by_block_disorder/run_00641,0,1764646115.672846,1764646189.2441683
642,642,0,0.0004420854724552,1406835.6695453352,3.084605795958921e-11,1.0,0.0,0.1487136161593847,mumax_dataset_ku_by_block_disorder/run_00642/run_00642.mx3,mumax_dataset_ku_by_block_disorder/run_00642,0,1764646189.2513185,1764646260.747111
643,643,0,6.796879909298714e-05,1433657.5558748615,3.1757253356661306e-11,1.0,0.0,0.0538380849020992,mumax_dataset_ku_by_block_disorder/run_00643/run_00643.mx3,mumax_dataset_ku_by_block_disorder/run_00643,0,1764646260.7542489,1764646336.8830998
644,644,0,0.0006975253602981,1372306.5438636665,3.100118298006748e-11,1.0,0.0,0.0847127206165789,mumax_dataset_ku_by_block_disorder/run_00644/run_00644.mx3,mumax_dataset_ku_by_block_disorder/run_00644,0,1764646336.890317,1764646410.1257355
645,645,0,0.0014363558261796,1403530.1267324472,3.0697689553410014e-11,1.0,0.0,0.125933161721706,mumax_dataset_ku_by_block_disorder/run_00645/run_00645.mx3,mumax_dataset_ku_by_block_disorder/run_00645,0,1764646410.1330442,1764646480.8148055
646,646,0,0.0007137179894472,1398351.8637504447,3.2061450837069344e-11,1.0,0.0,0.0833776300101247,mumax_dataset_ku_by_block_disorder/run_00646/run_00646.mx3,mumax_dataset_ku_by_block_disorder/run_00646,0,1764646480.8219645,1764646552.5361576
647,647,0,0.0010014283634899,1338490.744002569,3.0855933690624295e-11,1.0,0.0,0.0606768640724079,mumax_dataset_ku_by_block_disorder/run_00647/run_00647.mx3,mumax_dataset_ku_by_block_disorder/run_00647,0,1764646552.5444143,1764646621.5509589
648,648,0,0.0001763125418486,1416373.3020423283,2.984050815388349e-11,1.0,0.0,0.0719455689635258,mumax_dataset_ku_by_block_disorder/run_00648/run_00648.mx3,mumax_dataset_ku_by_block_disorder/run_00648,0,1764646621.5580623,1764646691.2114515
649,649,0,0.0014392301400686,1407727.648000446,3.225584765032006e-11,1.0,0.0,0.1051697070831981,mumax_dataset_ku_by_block_disorder/run_00649/run_00649.mx3,mumax_dataset_ku_by_block_disorder/run_00649,0,1764646691.218166,1764646764.899173
650,650,0,0.0011816879481734,1387365.212102055,3.137742362278635e-11,1.0,0.0,0.0256693733914875,mumax_dataset_ku_by_block_disorder/run_00650/run_00650.mx3,mumax_dataset_ku_by_block_disorder/run_00650,0,1764646764.9062996,1764646838.3692243
651,651,0,0.0014215642669782,1362141.633065631,3.0986687943553966e-11,1.0,0.0,0.0885432061097904,mumax_dataset_ku_by_block_disorder/run_00651/run_00651.mx3,mumax_dataset_ku_by_block_disorder/run_00651,0,1764646838.3764362,1764646905.8004549
652,652,0,0.0013478135381281,1402568.975391139,3.1823894564430994e-11,1.0,0.0,0.1281810329761024,mumax_dataset_ku_by_block_disorder/run_00652/run_00652.mx3,mumax_dataset_ku_by_block_disorder/run_00652,0,1764646905.8076434,1764646978.1389525
653,653,0,0.0002109517404696,1409112.3258003567,3.0936411754363006e-11,1.0,0.0,0.0867812334551884,mumax_dataset_ku_by_block_disorder/run_00653/run_00653.mx3,mumax_dataset_ku_by_block_disorder/run_00653,0,1764646978.1461384,1764647047.5199127
654,654,0,0.0014898537403023,1400999.3026421128,3.0246665422430986e-11,1.0,0.0,0.1330754233738521,mumax_dataset_ku_by_block_disorder/run_00654/run_00654.mx3,mumax_dataset_ku_by_block_disorder/run_00654,0,1764647047.527467,1764647116.754673
655,655,0,0.0010895346080233,1410399.3613527848,3.1332616776328406e-11,1.0,0.0,0.0194177753473718,mumax_dataset_ku_by_block_disorder/run_00655/run_00655.mx3,mumax_dataset_ku_by_block_disorder/run_00655,0,1764647116.7618933,1764647190.2226727
656,656,0,0.0002805028233613,1393828.4133139856,3.0543853587568884e-11,1.0,0.0,0.0431030187776847,mumax_dataset_ku_by_block_disorder/run_00656/run_00656.mx3,mumax_dataset_ku_by_block_disorder/run_00656,0,1764647190.2300122,1764647259.807599
657,657,0,0.0010223480790554,1364491.0938460713,3.108550353484204e-11,1.0,0.0,0.0513557078308305,mumax_dataset_ku_by_block_disorder/run_00657/run_00657.mx3,mumax_dataset_ku_by_block_disorder/run_00657,0,1764647259.814793,1764647342.6153326
658,658,0,0.0002718574747747,1401780.4063836937,3.1392793301567877e-11,1.0,0.0,0.1245030958936415,mumax_dataset_ku_by_block_disorder/run_00658/run_00658.mx3,mumax_dataset_ku_by_block_disorder/run_00658,0,1764647342.622617,1764647416.3848298
659,659,0,0.0013489627857828,1395448.1794464414,3.176631864586332e-11,1.0,0.0,0.0449416141991471,mumax_dataset_ku_by_block_disorder/run_00659/run_00659.mx3,mumax_dataset_ku_by_block_disorder/run_00659,0,1764647416.3928578,1764647489.0563846
660,660,0,0.0008844535809242,1409263.6041098903,3.0136178580922995e-11,1.0,0.0,0.0018907886100676,mumax_dataset_ku_by_block_disorder/run_00660/run_00660.mx3,mumax_dataset_ku_by_block_disorder/run_00660,0,1764647489.0637949,1764647572.5778062
661,661,0,0.0014437883021595,1418451.985416943,3.0999809584504306e-11,1.0,0.0,0.0468987292471564,mumax_dataset_ku_by_block_disorder/run_00661/run_00661.mx3,mumax_dataset_ku_by_block_disorder/run_00661,0,1764647572.5851915,1764647642.2199852
662,662,0,0.0002940384576581,1344816.6921846955,3.07385944320884e-11,1.0,0.0,0.0742548498878685,mumax_dataset_ku_by_block_disorder/run_00662/run_00662.mx3,mumax_dataset_ku_by_block_disorder/run_00662,0,1764647642.227182,1764647712.542346
663,663,0,0.0004622287392761,1380005.5813209305,3.0989064904117654e-11,1.0,0.0,0.0830509346566579,mumax_dataset_ku_by_block_disorder/run_00663/run_00663.mx3,mumax_dataset_ku_by_block_disorder/run_00663,0,1764647712.549616,1764647787.4165914
664,664,0,0.0013671346723371,1397050.7997782098,3.068426091822547e-11,1.0,0.0,0.0400180156184733,mumax_dataset_ku_by_block_disorder/run_00664/run_00664.mx3,mumax_dataset_ku_by_block_disorder/run_00664,0,1764647787.4240806,1764647876.975773
665,665,0,0.0008213092706196,1383906.6491840482,3.1633901438495856e-11,1.0,0.0,0.0678895535035132,mumax_dataset_ku_by_block_disorder/run_00665/run_00665.mx3,mumax_dataset_ku_by_block_disorder/run_00665,0,1764647876.9830472,1764647945.1925964
666,666,0,0.0005859569592047,1366474.044114898,2.9669998753641547e-11,1.0,0.0,0.0079622507602071,mumax_dataset_ku_by_block_disorder/run_00666/run_00666.mx3,mumax_dataset_ku_by_block_disorder/run_00666,0,1764647945.2021544,1764648021.5715575
667,667,0,0.0004854632067656,1344558.1610082306,3.096533158056944e-11,1.0,0.0,0.0681830894033641,mumax_dataset_ku_by_block_disorder/run_00667/run_00667.mx3,mumax_dataset_ku_by_block_disorder/run_00667,0,1764648021.5787797,1764648090.5961676
668,668,0,0.0003860296779919,1430050.1448598518,3.0524764241230216e-11,1.0,0.0,0.1144658970735537,mumax_dataset_ku_by_block_disorder/run_00668/run_00668.mx3,mumax_dataset_ku_by_block_disorder/run_00668,0,1764648090.608196,1764648158.9946437
669,669,0,0.0002937967339766,1400186.9574041297,3.0958771261239125e-11,1.0,0.0,0.0748308771784233,mumax_dataset_ku_by_block_disorder/run_00669/run_00669.mx3,mumax_dataset_ku_by_block_disorder/run_00669,0,1764648159.0027206,1764648227.7081833
670,670,0,0.0009076668266247,1382752.645959952,3.054403838789296e-11,1.0,0.0,0.0378987587021552,mumax_dataset_ku_by_block_disorder/run_00670/run_00670.mx3,mumax_dataset_ku_by_block_disorder/run_00670,0,1764648227.7154226,1764648298.1184382
671,671,0,0.0003702976406411,1385768.082780313,3.084376863880996e-11,1.0,0.0,0.1102496465731541,mumax_dataset_ku_by_block_disorder/run_00671/run_00671.mx3,mumax_dataset_ku_by_block_disorder/run_00671,0,1764648298.1258595,1764648370.6275065
672,672,0,0.0003515549534453,1404553.6150818125,3.05458226886344e-11,1.0,0.0,0.0274330043142872,mumax_dataset_ku_by_block_disorder/run_00672/run_00672.mx3,mumax_dataset_ku_by_block_disorder/run_00672,0,1764648370.634905,1764648442.8706424
673,673,0,0.00014398530284,1429420.4542347076,3.087655547104334e-11,1.0,0.0,0.12559024020754,mumax_dataset_ku_by_block_disorder/run_00673/run_00673.mx3,mumax_dataset_ku_by_block_disorder/run_00673,0,1764648442.8779,1764648519.3425653
674,674,0,0.0011651769493099,1413152.81552729,3.1310925278891024e-11,1.0,0.0,0.1443908340709735,mumax_dataset_ku_by_block_disorder/run_00674/run_00674.mx3,mumax_dataset_ku_by_block_disorder/run_00674,0,1764648519.350007,1764648591.8133798
675,675,0,0.0006105235100709,1395106.0180275522,3.169726263806626e-11,1.0,0.0,0.0296342372223258,mumax_dataset_ku_by_block_disorder/run_00675/run_00675.mx3,mumax_dataset_ku_by_block_disorder/run_00675,0,1764648591.8209646,1764648664.344987
676,676,0,0.0010331714829933,1367377.876617673,3.0281966341569876e-11,1.0,0.0,0.097977051824175,mumax_dataset_ku_by_block_disorder/run_00676/run_00676.mx3,mumax_dataset_ku_by_block_disorder/run_00676,0,1764648664.3525708,1764648731.3359516
677,677,0,7.699863198536195e-05,1417753.3286108463,3.073470304631303e-11,1.0,0.0,0.0926388327040136,mumax_dataset_ku_by_block_disorder/run_00677/run_00677.mx3,mumax_dataset_ku_by_block_disorder/run_00677,0,1764648731.3436117,1764648806.795622
678,678,0,0.0011259215448697,1379252.8556800303,3.0851822422335105e-11,1.0,0.0,0.1384595650907528,mumax_dataset_ku_by_block_disorder/run_00678/run_00678.mx3,mumax_dataset_ku_by_block_disorder/run_00678,0,1764648806.803396,1764648876.7918997
679,679,0,0.0003627881072483,1399672.5440677947,3.019864568688575e-11,1.0,0.0,0.0025309613994055,mumax_dataset_ku_by_block_disorder/run_00679/run_00679.mx3,mumax_dataset_ku_by_block_disorder/run_00679,0,1764648876.799519,1764648946.6268814
680,680,0,0.0011737766663908,1423177.3832900764,3.1083646918276296e-11,1.0,0.0,0.0753059816095134,mumax_dataset_ku_by_block_disorder/run_00680/run_00680.mx3,mumax_dataset_ku_by_block_disorder/run_00680,0,1764648946.6344094,1764649016.8458002
681,681,0,0.0010523359802186,1415772.3238995962,3.0769115369037086e-11,1.0,0.0,0.0510421846787572,mumax_dataset_ku_by_block_disorder/run_00681/run_00681.mx3,mumax_dataset_ku_by_block_disorder/run_00681,0,1764649016.853443,1764649086.3393047
682,682,0,0.0010892768315003,1405661.8183199812,3.0715059490189566e-11,1.0,0.0,0.1062871080684076,mumax_dataset_ku_by_block_disorder/run_00682/run_00682.mx3,mumax_dataset_ku_by_block_disorder/run_00682,0,1764649086.3467288,1764649156.0698552
683,683,0,0.0011510733832268,1393169.0116352446,3.0702756505518587e-11,1.0,0.0,0.0294042359254014,mumax_dataset_ku_by_block_disorder/run_00683/run_00683.mx3,mumax_dataset_ku_by_block_disorder/run_00683,0,1764649156.0772777,1764649282.003038
684,684,0,0.0014698944929011,1393783.3144498314,3.089015133222508e-11,1.0,0.0,0.0225912876489849,mumax_dataset_ku_by_block_disorder/run_00684/run_00684.mx3,mumax_dataset_ku_by_block_disorder/run_00684,0,1764649282.0107956,1764649351.0992334
685,685,0,0.0002102515011315,1402421.7808281756,3.167574299328767e-11,1.0,0.0,0.0366872190056022,mumax_dataset_ku_by_block_disorder/run_00685/run_00685.mx3,mumax_dataset_ku_by_block_disorder/run_00685,0,1764649351.1067924,1764649422.4051344
686,686,0,0.000573691622131,1379295.5324669078,3.070619834997887e-11,1.0,0.0,0.0843767824074896,mumax_dataset_ku_by_block_disorder/run_00686/run_00686.mx3,mumax_dataset_ku_by_block_disorder/run_00686,0,1764649422.4128416,1764649492.0976632
687,687,0,0.0002343307825765,1405791.8272287676,3.1549317805094926e-11,1.0,0.0,0.0279738447479085,mumax_dataset_ku_by_block_disorder/run_00687/run_00687.mx3,mumax_dataset_ku_by_block_disorder/run_00687,0,1764649492.105404,1764649576.086444
688,688,0,0.000848364075977,1459849.7072233353,3.1832806217161205e-11,1.0,0.0,0.0485229895838891,mumax_dataset_ku_by_block_disorder/run_00688/run_00688.mx3,mumax_dataset_ku_by_block_disorder/run_00688,0,1764649576.0942588,1764649649.8263314
689,689,0,5.390936014921744e-06,1372137.9745203732,3.097717661116372e-11,1.0,0.0,0.1028209101676631,mumax_dataset_ku_by_block_disorder/run_00689/run_00689.mx3,mumax_dataset_ku_by_block_disorder/run_00689,0,1764649649.833947,1764649740.1505485
690,690,0,0.0005424705455035,1471289.7026204888,3.0505337315701006e-11,1.0,0.0,0.053646132055213,mumax_dataset_ku_by_block_disorder/run_00690/run_00690.mx3,mumax_dataset_ku_by_block_disorder/run_00690,0,1764649740.1582365,1764649809.8669567
691,691,0,0.0004706775659876,1410914.4053731211,3.203136165697986e-11,1.0,0.0,0.10237863995641,mumax_dataset_ku_by_block_disorder/run_00691/run_00691.mx3,mumax_dataset_ku_by_block_disorder/run_00691,0,1764649809.8745,1764649893.678275
692,692,0,0.0003432298876949,1388553.0046919456,3.1502171231602565e-11,1.0,0.0,0.1239079444556363,mumax_dataset_ku_by_block_disorder/run_00692/run_00692.mx3,mumax_dataset_ku_by_block_disorder/run_00692,0,1764649893.6861,1764649964.2488732
693,693,0,0.0009077981201939,1389752.475629051,3.0818357224748396e-11,1.0,0.0,0.1352989641510291,mumax_dataset_ku_by_block_disorder/run_00693/run_00693.mx3,mumax_dataset_ku_by_block_disorder/run_00693,0,1764649964.256482,1764650036.7714112
694,694,0,0.0011142357182863,1409383.5662594314,3.153715014736864e-11,1.0,0.0,0.0009156039220169,mumax_dataset_ku_by_block_disorder/run_00694/run_00694.mx3,mumax_dataset_ku_by_block_disorder/run_00694,0,1764650036.778931,1764650107.2712932
695,695,0,0.0014332762436745,1413417.0053103704,3.0610238838889955e-11,1.0,0.0,0.0197326358802955,mumax_dataset_ku_by_block_disorder/run_00695/run_00695.mx3,mumax_dataset_ku_by_block_disorder/run_00695,0,1764650107.2790377,1764650177.7070577
696,696,0,0.0003020584426274,1362191.5798795817,3.1113238242572354e-11,1.0,0.0,0.1463767235587404,mumax_dataset_ku_by_block_disorder/run_00696/run_00696.mx3,mumax_dataset_ku_by_block_disorder/run_00696,0,1764650177.7148623,1764650254.4336002
697,697,0,3.715439344475524e-05,1435776.5015537613,3.0433315567065526e-11,1.0,0.0,0.0917623125864074,mumax_dataset_ku_by_block_disorder/run_00697/run_00697.mx3,mumax_dataset_ku_by_block_disorder/run_00697,0,1764650254.4412563,1764650324.400434
698,698,0,0.001456709143046,1381216.3034995703,3.099295273859219e-11,1.0,0.0,0.040402719446145,mumax_dataset_ku_by_block_disorder/run_00698/run_00698.mx3,mumax_dataset_ku_by_block_disorder/run_00698,0,1764650324.4083202,1764650394.6572545
699,699,0,0.0001543578952713,1387078.769648052,3.178590357379269e-11,1.0,0.0,0.1306896344367531,mumax_dataset_ku_by_block_disorder/run_00699/run_00699.mx3,mumax_dataset_ku_by_block_disorder/run_00699,0,1764650394.664929,1764650468.5191095
700,700,0,0.0003977901057376,1404055.0747575497,3.032339018801099e-11,1.0,0.0,0.0356090024683705,mumax_dataset_ku_by_block_disorder/run_00700/run_00700.mx3,mumax_dataset_ku_by_block_disorder/run_00700,0,1764650468.526738,1764650544.515586
701,701,0,0.000948909652298,1336066.7838892385,3.0348081921171195e-11,1.0,0.0,0.1149694006526427,mumax_dataset_ku_by_block_disorder/run_00701/run_00701.mx3,mumax_dataset_ku_by_block_disorder/run_00701,0,1764650544.5231612,1764650613.9070475
702,702,0,0.0004297531716499,1348886.4457039365,3.0946357515880576e-11,1.0,0.0,0.0583377769364147,mumax_dataset_ku_by_block_disorder/run_00702/run_00702.mx3,mumax_dataset_ku_by_block_disorder/run_00702,0,1764650613.9146895,1764650684.3432686
703,703,0,0.0014244168919538,1386012.737526134,3.246330558248506e-11,1.0,0.0,0.0443641467861496,mumax_dataset_ku_by_block_disorder/run_00703/run_00703.mx3,mumax_dataset_ku_by_block_disorder/run_00703,0,1764650684.351235,1764650773.701896
704,704,0,0.0004927811854947,1377614.1627865713,3.126226620753055e-11,1.0,0.0,0.001369007018809,mumax_dataset_ku_by_block_disorder/run_00704/run_00704.mx3,mumax_dataset_ku_by_block_disorder/run_00704,0,1764650773.7098818,1764650885.9107254
705,705,0,0.0001739034769209,1376748.75780983,3.086629201571888e-11,1.0,0.0,0.0403327495144077,mumax_dataset_ku_by_block_disorder/run_00705/run_00705.mx3,mumax_dataset_ku_by_block_disorder/run_00705,0,1764650885.9222708,1764650954.6066847
706,706,0,0.0008479967854675,1358889.839382999,3.0898342015230687e-11,1.0,0.0,0.115819874013966,mumax_dataset_ku_by_block_disorder/run_00706/run_00706.mx3,mumax_dataset_ku_by_block_disorder/run_00706,0,1764650954.614443,1764651026.4936574
707,707,0,0.0010531614539038,1393231.6224234088,3.1522905972203606e-11,1.0,0.0,0.0109736524244047,mumax_dataset_ku_by_block_disorder/run_00707/run_00707.mx3,mumax_dataset_ku_by_block_disorder/run_00707,0,1764651026.5015209,1764651104.720057
708,708,0,0.0014475539676238,1397240.029031455,3.1074610625209365e-11,1.0,0.0,0.1309956061425328,mumax_dataset_ku_by_block_disorder/run_00708/run_00708.mx3,mumax_dataset_ku_by_block_disorder/run_00708,0,1764651104.7279727,1764651174.7492278
709,709,0,0.0001181189789335,1432024.1110978718,2.879942060116092e-11,1.0,0.0,0.0122041225186964,mumax_dataset_ku_by_block_disorder/run_00709/run_00709.mx3,mumax_dataset_ku_by_block_disorder/run_00709,0,1764651174.7570586,1764651371.5463054
710,710,0,0.0012029093099429,1414390.6308049366,3.097548842876377e-11,1.0,0.0,0.1073415964367526,mumax_dataset_ku_by_block_disorder/run_00710/run_00710.mx3,mumax_dataset_ku_by_block_disorder/run_00710,0,1764651371.5542686,1764651437.9309254
711,711,0,0.000676206364388,1415377.9256636542,3.1223209982412255e-11,1.0,0.0,0.136903799691828,mumax_dataset_ku_by_block_disorder/run_00711/run_00711.mx3,mumax_dataset_ku_by_block_disorder/run_00711,0,1764651437.938861,1764651510.1844823
712,712,0,0.0005265436704758,1392288.3808430666,3.111014125070037e-11,1.0,0.0,0.0619774161156648,mumax_dataset_ku_by_block_disorder/run_00712/run_00712.mx3,mumax_dataset_ku_by_block_disorder/run_00712,0,1764651510.1923995,1764651587.6595345
713,713,0,0.0014733588977097,1403141.5148357516,3.1333923225525766e-11,1.0,0.0,0.0157169662930102,mumax_dataset_ku_by_block_disorder/run_00713/run_00713.mx3,mumax_dataset_ku_by_block_disorder/run_00713,0,1764651587.66739,1764651656.1079493
714,714,0,0.000801925974519,1433949.4114710866,3.195400697029108e-11,1.0,0.0,0.1158249070861799,mumax_dataset_ku_by_block_disorder/run_00714/run_00714.mx3,mumax_dataset_ku_by_block_disorder/run_00714,0,1764651656.115806,1764651729.9582222
715,715,0,0.0013343727754294,1362696.709635386,3.094382928049747e-11,1.0,0.0,0.109464859866262,mumax_dataset_ku_by_block_disorder/run_00715/run_00715.mx3,mumax_dataset_ku_by_block_disorder/run_00715,0,1764651729.9660933,1764651798.5566435
716,716,0,0.0011699984856805,1437062.7784208285,3.148377175789742e-11,1.0,0.0,0.0410814848562084,mumax_dataset_ku_by_block_disorder/run_00716/run_00716.mx3,mumax_dataset_ku_by_block_disorder/run_00716,0,1764651798.564585,1764651872.130482
717,717,0,0.0004838275338452,1374860.5483228017,2.941915227345978e-11,1.0,0.0,0.1402368853770203,mumax_dataset_ku_by_block_disorder/run_00717/run_00717.mx3,mumax_dataset_ku_by_block_disorder/run_00717,0,1764651872.1381886,1764651937.8771155
718,718,0,0.000626090214571,1404141.448847832,3.1163660497691845e-11,1.0,0.0,0.1149835671156335,mumax_dataset_ku_by_block_disorder/run_00718/run_00718.mx3,mumax_dataset_ku_by_block_disorder/run_00718,0,1764651937.8848016,1764652008.4670708
719,719,0,0.0009085234848351,1434248.864362902,3.1223917120449416e-11,1.0,0.0,0.1487367654033764,mumax_dataset_ku_by_block_disorder/run_00719/run_00719.mx3,mumax_dataset_ku_by_block_disorder/run_00719,0,1764652008.474849,1764652080.108338
720,720,0,0.0006298860831271,1347149.3568489754,3.1587503492125726e-11,1.0,0.0,0.0056353444067399,mumax_dataset_ku_by_block_disorder/run_00720/run_00720.mx3,mumax_dataset_ku_by_block_disorder/run_00720,0,1764652080.116298,1764652160.8702595
721,721,0,0.0012110823654185,1340776.2513350744,3.1016411975774804e-11,1.0,0.0,0.0582504357681074,mumax_dataset_ku_by_block_disorder/run_00721/run_00721.mx3,mumax_dataset_ku_by_block_disorder/run_00721,0,1764652160.8779652,1764652229.872782
722,722,0,0.0007451521813551,1384822.6835897267,3.1248530822208546e-11,1.0,0.0,0.1392810314097539,mumax_dataset_ku_by_block_disorder/run_00722/run_00722.mx3,mumax_dataset_ku_by_block_disorder/run_00722,0,1764652229.8808112,1764652298.5748577
723,723,0,0.001251475738344,1430390.4550614394,3.081099713142104e-11,1.0,0.0,0.0466330489716751,mumax_dataset_ku_by_block_disorder/run_00723/run_00723.mx3,mumax_dataset_ku_by_block_disorder/run_00723,0,1764652298.582434,1764652367.0141883
724,724,0,0.0011454150809457,1344284.396321882,3.0548102547193226e-11,1.0,0.0,0.0930735956515722,mumax_dataset_ku_by_block_disorder/run_00724/run_00724.mx3,mumax_dataset_ku_by_block_disorder/run_00724,0,1764652367.021991,1764652435.2963753
725,725,0,0.0002484773586778,1426074.2060943698,3.119696124281005e-11,1.0,0.0,0.0156353989702381,mumax_dataset_ku_by_block_disorder/run_00725/run_00725.mx3,mumax_dataset_ku_by_block_disorder/run_00725,0,1764652435.3041248,1764652508.2587745
726,726,0,0.000174934953623,1393601.2542325188,3.1528357162334946e-11,1.0,0.0,0.1135353029155275,mumax_dataset_ku_by_block_disorder/run_00726/run_00726.mx3,mumax_dataset_ku_by_block_disorder/run_00726,0,1764652508.2668622,1764652579.5760925
727,727,0,0.0013896528730334,1397671.3484929933,3.1024801993554136e-11,1.0,0.0,0.0179506687323429,mumax_dataset_ku_by_block_disorder/run_00727/run_00727.mx3,mumax_dataset_ku_by_block_disorder/run_00727,0,1764652579.5843236,1764652653.9315226
728,728,0,0.0013062940919831,1445809.1621637954,3.055183946068199e-11,1.0,0.0,0.1159389845204447,mumax_dataset_ku_by_block_disorder/run_00728/run_00728.mx3,mumax_dataset_ku_by_block_disorder/run_00728,0,1764652653.9397194,1764652723.7627316
729,729,0,0.0010693882638016,1362992.2918673963,3.105507769354622e-11,1.0,0.0,0.0737819453872432,mumax_dataset_ku_by_block_disorder/run_00729/run_00729.mx3,mumax_dataset_ku_by_block_disorder/run_00729,0,1764652723.7706273,1764652794.0098343
730,730,0,0.0010559140960404,1358202.0099987634,3.200033583361481e-11,1.0,0.0,0.0752130924414402,mumax_dataset_ku_by_block_disorder/run_00730/run_00730.mx3,mumax_dataset_ku_by_block_disorder/run_00730,0,1764652794.0174575,1764652870.0717068
731,731,0,0.0011220326332208,1442068.804116172,3.125332846936968e-11,1.0,0.0,0.1091701997049041,mumax_dataset_ku_by_block_disorder/run_00731/run_00731.mx3,mumax_dataset_ku_by_block_disorder/run_00731,0,1764652870.0794432,1764652943.912012
732,732,0,0.001250988357962,1423347.6747967098,3.1631488231789415e-11,1.0,0.0,0.1260094893106869,mumax_dataset_ku_by_block_disorder/run_00732/run_00732.mx3,mumax_dataset_ku_by_block_disorder/run_00732,0,1764652943.919701,1764653023.4251764
733,733,0,0.0004127363538867,1441313.949717286,3.11163289946876e-11,1.0,0.0,0.109685768122081,mumax_dataset_ku_by_block_disorder/run_00733/run_00733.mx3,mumax_dataset_ku_by_block_disorder/run_00733,0,1764653023.4330611,1764653092.923787
734,734,0,0.0011518812814495,1328588.9743345706,3.083889467901884e-11,1.0,0.0,0.0761238266051557,mumax_dataset_ku_by_block_disorder/run_00734/run_00734.mx3,mumax_dataset_ku_by_block_disorder/run_00734,0,1764653092.932058,1764653164.5425313
735,735,0,0.0003236999674929,1380749.644166096,3.1357839498649006e-11,1.0,0.0,0.0898088213735176,mumax_dataset_ku_by_block_disorder/run_00735/run_00735.mx3,mumax_dataset_ku_by_block_disorder/run_00735,0,1764653164.550537,1764653244.626114
736,736,0,0.000995347068549,1368759.5523544522,3.0994593133185025e-11,1.0,0.0,0.0430444165056543,mumax_dataset_ku_by_block_disorder/run_00736/run_00736.mx3,mumax_dataset_ku_by_block_disorder/run_00736,0,1764653244.63404,1764653321.9162695
737,737,0,0.0011207042514573,1463084.6120876323,3.083208414653588e-11,1.0,0.0,0.120587700676705,mumax_dataset_ku_by_block_disorder/run_00737/run_00737.mx3,mumax_dataset_ku_by_block_disorder/run_00737,0,1764653321.9243734,1764653393.1794424
738,738,0,0.0006081351663867,1414446.100129512,3.1606333877983025e-11,1.0,0.0,0.0444567605051141,mumax_dataset_ku_by_block_disorder/run_00738/run_00738.mx3,mumax_dataset_ku_by_block_disorder/run_00738,0,1764653393.187543,1764653463.0601306
739,739,0,9.74321100482351e-05,1399145.9060319937,3.124280388735796e-11,1.0,0.0,0.091246384358291,mumax_dataset_ku_by_block_disorder/run_00739/run_00739.mx3,mumax_dataset_ku_by_block_disorder/run_00739,0,1764653463.0682778,1764653533.997036
740,740,0,0.0009436457241843,1398962.4529731784,3.138265137227439e-11,1.0,0.0,0.0606909457027113,mumax_dataset_ku_by_block_disorder/run_00740/run_00740.mx3,mumax_dataset_ku_by_block_disorder/run_00740,0,1764653534.0055327,1764653612.448711
741,741,0,0.0002461098385712,1406343.3214797662,3.0845033665013706e-11,1.0,0.0,0.1445187288443547,mumax_dataset_ku_by_block_disorder/run_00741/run_00741.mx3,mumax_dataset_ku_by_block_disorder/run_00741,0,1764653612.4568756,1764653685.0051122
742,742,0,0.0013165183878775,1393463.4488339704,3.146015813368408e-11,1.0,0.0,0.009628831694231,mumax_dataset_ku_by_block_disorder/run_00742/run_00742.mx3,mumax_dataset_ku_by_block_disorder/run_00742,0,1764653685.0134337,1764653800.0777671
743,743,0,0.0003839547737755,1422183.9551342796,3.052157680560338e-11,1.0,0.0,0.1202466237161962,mumax_dataset_ku_by_block_disorder/run_00743/run_00743.mx3,mumax_dataset_ku_by_block_disorder/run_00743,0,1764653800.086611,1764653869.0908165
744,744,0,0.0003630371981983,1418153.856359361,3.050813545775203e-11,1.0,0.0,0.0609476852923677,mumax_dataset_ku_by_block_disorder/run_00744/run_00744.mx3,mumax_dataset_ku_by_block_disorder/run_00744,0,1764653869.0990152,1764653941.158562
745,745,0,0.0006241446239613,1404873.1149161924,3.0865370403631506e-11,1.0,0.0,0.1363872816759883,mumax_dataset_ku_by_block_disorder/run_00745/run_00745.mx3,mumax_dataset_ku_by_block_disorder/run_00745,0,1764653941.1664853,1764654013.0164244
746,746,0,0.0001336244661774,1417471.2209307903,3.111187767372177e-11,1.0,0.0,0.0985216149436943,mumax_dataset_ku_by_block_disorder/run_00746/run_00746.mx3,mumax_dataset_ku_by_block_disorder/run_00746,0,1764654013.0246315,1764654085.095271
747,747,0,0.0014636332733596,1396121.1550207608,3.103028715019113e-11,1.0,0.0,0.0038381449269212,mumax_dataset_ku_by_block_disorder/run_00747/run_00747.mx3,mumax_dataset_ku_by_block_disorder/run_00747,0,1764654085.103497,1764654157.0958557
748,748,0,0.0009831032110912,1390270.6344187148,3.141173946280521e-11,1.0,0.0,0.0887863492143352,mumax_dataset_ku_by_block_disorder/run_00748/run_00748.mx3,mumax_dataset_ku_by_block_disorder/run_00748,0,1764654157.1041017,1764654227.616059
749,749,0,0.0007421073926611,1401320.2175112222,3.0121246660784156e-11,1.0,0.0,0.0464034836038349,mumax_dataset_ku_by_block_disorder/run_00749/run_00749.mx3,mumax_dataset_ku_by_block_disorder/run_00749,0,1764654227.624344,1764654298.5190427
750,750,0,7.210475816840467e-05,1419856.5554922451,3.140398732579344e-11,1.0,0.0,0.0751713518623325,mumax_dataset_ku_by_block_disorder/run_00750/run_00750.mx3,mumax_dataset_ku_by_block_disorder/run_00750,0,1764654298.527171,1764654368.3209054
751,751,0,0.0006107949595219,1382703.6312389222,3.19238537992477e-11,1.0,0.0,0.0466119187834348,mumax_dataset_ku_by_block_disorder/run_00751/run_00751.mx3,mumax_dataset_ku_by_block_disorder/run_00751,0,1764654368.3289511,1764654437.6723204
752,752,0,0.001449936268152,1382468.7548666932,3.150026995781634e-11,1.0,0.0,0.0700506539789613,mumax_dataset_ku_by_block_disorder/run_00752/run_00752.mx3,mumax_dataset_ku_by_block_disorder/run_00752,0,1764654437.680302,1764654521.672748
753,753,0,0.0012951240392544,1420863.330960486,3.1115181089640395e-11,1.0,0.0,0.0651920041999613,mumax_dataset_ku_by_block_disorder/run_00753/run_00753.mx3,mumax_dataset_ku_by_block_disorder/run_00753,0,1764654521.680754,1764654593.942562
754,754,0,0.0012369558436791,1391140.0344181317,3.191067604139661e-11,1.0,0.0,0.0966437160374424,mumax_dataset_ku_by_block_disorder/run_00754/run_00754.mx3,mumax_dataset_ku_by_block_disorder/run_00754,0,1764654593.9509108,1764654665.973738
755,755,0,0.0001987670479315,1390292.953460858,3.147325689585747e-11,1.0,0.0,0.0699117614378357,mumax_dataset_ku_by_block_disorder/run_00755/run_00755.mx3,mumax_dataset_ku_by_block_disorder/run_00755,0,1764654665.981896,1764654736.9851332
756,756,0,0.0006399949597032,1407499.2124008706,3.1432379798153215e-11,1.0,0.0,0.1443161669439772,mumax_dataset_ku_by_block_disorder/run_00756/run_00756.mx3,mumax_dataset_ku_by_block_disorder/run_00756,0,1764654736.9932363,1764654808.3614802
757,757,0,0.0004701311953013,1390419.8938117183,3.153097421302655e-11,1.0,0.0,0.1163960876583016,mumax_dataset_ku_by_block_disorder/run_00757/run_00757.mx3,mumax_dataset_ku_by_block_disorder/run_00757,0,1764654808.369685,1764654881.1123128
758,758,0,0.0004685600561877,1460747.1307431366,2.898143905809306e-11,1.0,0.0,0.0925019749283825,mumax_dataset_ku_by_block_disorder/run_00758/run_00758.mx3,mumax_dataset_ku_by_block_disorder/run_00758,0,1764654881.1207814,1764654964.1794324
759,759,0,0.0008402984587037,1444179.330165679,3.130636068867866e-11,1.0,0.0,0.0906920441948951,mumax_dataset_ku_by_block_disorder/run_00759/run_00759.mx3,mumax_dataset_ku_by_block_disorder/run_00759,0,1764654964.1875577,1764655035.2278144
760,760,0,0.0012015701878799,1443163.1131472965,3.1267577690602394e-11,1.0,0.0,0.0278893637300292,mumax_dataset_ku_by_block_disorder/run_00760/run_00760.mx3,mumax_dataset_ku_by_block_disorder/run_00760,0,1764655035.2361264,1764655125.1522312
761,761,0,0.0004195481314578,1364202.0325469547,2.962606718779489e-11,1.0,0.0,0.0748153262387572,mumax_dataset_ku_by_block_disorder/run_00761/run_00761.mx3,mumax_dataset_ku_by_block_disorder/run_00761,0,1764655125.160464,1764655192.2221143
762,762,0,0.0012704706734685,1464997.0450314286,3.093281581879952e-11,1.0,0.0,0.0804629523130388,mumax_dataset_ku_by_block_disorder/run_00762/run_00762.mx3,mumax_dataset_ku_by_block_disorder/run_00762,0,1764655192.2303767,1764655277.2352636
763,763,0,0.0014211286130703,1418103.9173939044,3.068521230963415e-11,1.0,0.0,0.0257386758993714,mumax_dataset_ku_by_block_disorder/run_00763/run_00763.mx3,mumax_dataset_ku_by_block_disorder/run_00763,0,1764655277.2436106,1764655346.5710025
764,764,0,0.0008550956952389,1425748.9286913753,3.1381777427831446e-11,1.0,0.0,0.0130838695013641,mumax_dataset_ku_by_block_disorder/run_00764/run_00764.mx3,mumax_dataset_ku_by_block_disorder/run_00764,0,1764655346.5793283,1764655509.258218
765,765,0,0.000700292415503,1430041.66385516,3.01990322858964e-11,1.0,0.0,0.0697539758274893,mumax_dataset_ku_by_block_disorder/run_00765/run_00765.mx3,mumax_dataset_ku_by_block_disorder/run_00765,0,1764655509.2665346,1764655576.4353108
766,766,0,0.0007636859699453,1434283.9193247503,2.9897279412149546e-11,1.0,0.0,0.1339016912674682,mumax_dataset_ku_by_block_disorder/run_00766/run_00766.mx3,mumax_dataset_ku_by_block_disorder/run_00766,0,1764655576.443644,1764655645.7547052
767,767,0,0.0003244484444325,1399969.9918041877,3.116962780829814e-11,1.0,0.0,0.1360628951547286,mumax_dataset_ku_by_block_disorder/run_00767/run_00767.mx3,mumax_dataset_ku_by_block_disorder/run_00767,0,1764655645.7632265,1764655724.921491
768,768,0,0.0010614988402762,1348232.0369041876,3.0755070648059675e-11,1.0,0.0,0.0965386671557795,mumax_dataset_ku_by_block_disorder/run_00768/run_00768.mx3,mumax_dataset_ku_by_block_disorder/run_00768,0,1764655724.9299307,1764655798.5242066
769,769,0,0.0004508381670311,1373616.748069296,3.1319760362343086e-11,1.0,0.0,0.0261633950615862,mumax_dataset_ku_by_block_disorder/run_00769/run_00769.mx3,mumax_dataset_ku_by_block_disorder/run_00769,0,1764655798.532646,1764655885.1614282
770,770,0,0.0006247100843692,1331865.4175932289,3.117358771995797e-11,1.0,0.0,0.0061421332657884,mumax_dataset_ku_by_block_disorder/run_00770/run_00770.mx3,mumax_dataset_ku_by_block_disorder/run_00770,0,1764655885.1697717,1764655956.1588392
771,771,0,0.0008821844731309,1431089.9828267617,3.078924134568601e-11,1.0,0.0,0.0691293748455526,mumax_dataset_ku_by_block_disorder/run_00771/run_00771.mx3,mumax_dataset_ku_by_block_disorder/run_00771,0,1764655956.167146,1764656028.7446404
772,772,0,0.0006271618008973,1375173.8103117866,3.186255169875892e-11,1.0,0.0,0.0511169274147547,mumax_dataset_ku_by_block_disorder/run_00772/run_00772.mx3,mumax_dataset_ku_by_block_disorder/run_00772,0,1764656028.752891,1764656099.783293
773,773,0,0.0009707708405013,1416649.7116859788,3.0368340289868966e-11,1.0,0.0,0.109073898389182,mumax_dataset_ku_by_block_disorder/run_00773/run_00773.mx3,mumax_dataset_ku_by_block_disorder/run_00773,0,1764656099.7917995,1764656174.5195687
774,774,0,0.0001415609661953,1394138.7754017564,3.03671251937288e-11,1.0,0.0,0.1101581406151121,mumax_dataset_ku_by_block_disorder/run_00774/run_00774.mx3,mumax_dataset_ku_by_block_disorder/run_00774,0,1764656174.5278835,1764656245.870816
775,775,0,0.0012415313814931,1425573.0609285552,3.074157601478433e-11,1.0,0.0,0.1252718359207898,mumax_dataset_ku_by_block_disorder/run_00775/run_00775.mx3,mumax_dataset_ku_by_block_disorder/run_00775,0,1764656245.8794432,1764656317.1770053
776,776,0,0.0009995440545413,1401610.2817447328,3.040438022278588e-11,1.0,0.0,0.0618060988694753,mumax_dataset_ku_by_block_disorder/run_00776/run_00776.mx3,mumax_dataset_ku_by_block_disorder/run_00776,0,1764656317.1851969,1764656385.417077
777,777,0,0.0004694292802335,1383685.6546273548,3.1015788177768686e-11,1.0,0.0,0.0284851352688509,mumax_dataset_ku_by_block_disorder/run_00777/run_00777.mx3,mumax_dataset_ku_by_block_disorder/run_00777,0,1764656385.4255788,1764656464.3389096
778,778,0,0.0001875751353106,1379226.6838323034,3.115144760967137e-11,1.0,0.0,0.0492631451883196,mumax_dataset_ku_by_block_disorder/run_00778/run_00778.mx3,mumax_dataset_ku_by_block_disorder/run_00778,0,1764656464.3473458,1764656549.2444072
779,779,0,0.0002291621953932,1410141.534376783,3.098840721587142e-11,1.0,0.0,0.1400740307415696,mumax_dataset_ku_by_block_disorder/run_00779/run_00779.mx3,mumax_dataset_ku_by_block_disorder/run_00779,0,1764656549.2527578,1764656618.40284
780,780,0,0.0014601531366643,1435042.6451591398,3.0761024125793397e-11,1.0,0.0,0.1038719519433419,mumax_dataset_ku_by_block_disorder/run_00780/run_00780.mx3,mumax_dataset_ku_by_block_disorder/run_00780,0,1764656618.4166317,1764656692.8506377
781,781,0,0.0005172262715409,1427112.8465483747,3.05196156199863e-11,1.0,0.0,0.1064410003814283,mumax_dataset_ku_by_block_disorder/run_00781/run_00781.mx3,mumax_dataset_ku_by_block_disorder/run_00781,0,1764656692.8592684,1764656762.9208603
782,782,0,0.0010216814944499,1409258.3202787894,3.0261831532228373e-11,1.0,0.0,0.0732600004119214,mumax_dataset_ku_by_block_disorder/run_00782/run_00782.mx3,mumax_dataset_ku_by_block_disorder/run_00782,0,1764656762.9299753,1764656836.2799523
783,783,0,0.0012862985815969,1399426.310239548,3.170792899777097e-11,1.0,0.0,0.071653709024901,mumax_dataset_ku_by_block_disorder/run_00783/run_00783.mx3,mumax_dataset_ku_by_block_disorder/run_00783,0,1764656836.2885768,1764656906.8235376
784,784,0,0.0012278416302125,1407424.0974696954,3.191368364639561e-11,1.0,0.0,0.0213212357736712,mumax_dataset_ku_by_block_disorder/run_00784/run_00784.mx3,mumax_dataset_ku_by_block_disorder/run_00784,0,1764656906.832013,1764657035.855342
785,785,0,0.001054240446775,1371662.4640074908,3.011174590084736e-11,1.0,0.0,0.1331154437396003,mumax_dataset_ku_by_block_disorder/run_00785/run_00785.mx3,mumax_dataset_ku_by_block_disorder/run_00785,0,1764657035.8641038,1764657106.11202
786,786,0,0.0014944369620194,1454195.3791594976,3.077001575191714e-11,1.0,0.0,0.0668336046980317,mumax_dataset_ku_by_block_disorder/run_00786/run_00786.mx3,mumax_dataset_ku_by_block_disorder/run_00786,0,1764657106.120511,1764657179.4379568
787,787,0,0.0001806779807081,1409291.6922764697,3.202787886053761e-11,1.0,0.0,0.1342425277492485,mumax_dataset_ku_by_block_disorder/run_00787/run_00787.mx3,mumax_dataset_ku_by_block_disorder/run_00787,0,1764657179.446416,1764657253.5669212
788,788,0,0.0010720519743416,1399389.1919751838,3.0678061702120755e-11,1.0,0.0,0.1423364214842512,mumax_dataset_ku_by_block_disorder/run_00788/run_00788.mx3,mumax_dataset_ku_by_block_disorder/run_00788,0,1764657253.575539,1764657324.0014873
789,789,0,0.0010802535326726,1366228.99309202,3.013115413949932e-11,1.0,0.0,0.046198072605995,mumax_dataset_ku_by_block_disorder/run_00789/run_00789.mx3,mumax_dataset_ku_by_block_disorder/run_00789,0,1764657324.0101829,1764657396.0868866
790,790,0,8.824796783047262e-06,1359182.8869098374,3.0622852972723066e-11,1.0,0.0,0.1089421797588756,mumax_dataset_ku_by_block_disorder/run_00790/run_00790.mx3,mumax_dataset_ku_by_block_disorder/run_00790,0,1764657396.0957415,1764657464.0361476
791,791,0,0.0009160721643019,1420590.3319476189,3.124643902583256e-11,1.0,0.0,0.0577093177037309,mumax_dataset_ku_by_block_disorder/run_00791/run_00791.mx3,mumax_dataset_ku_by_block_disorder/run_00791,0,1764657464.0446422,1764657533.9334826
792,792,0,0.0005859032054951,1427693.8537121254,3.1883811036482426e-11,1.0,0.0,0.0669015893353258,mumax_dataset_ku_by_block_disorder/run_00792/run_00792.mx3,mumax_dataset_ku_by_block_disorder/run_00792,0,1764657533.9445074,1764657606.8398693
793,793,0,0.0006278275350486,1397600.5540797145,3.0216281774076126e-11,1.0,0.0,0.0859658435444527,mumax_dataset_ku_by_block_disorder/run_00793/run_00793.mx3,mumax_dataset_ku_by_block_disorder/run_00793,0,1764657606.848475,1764657680.3668592
794,794,0,0.0006185552136755,1412021.6170132754,3.079035727439464e-11,1.0,0.0,0.1434401836754939,mumax_dataset_ku_by_block_disorder/run_00794/run_00794.mx3,mumax_dataset_ku_by_block_disorder/run_00794,0,1764657680.375418,1764657751.007809
795,795,0,0.0012948163503273,1346350.327796145,3.024625796430119e-11,1.0,0.0,0.0564644919842557,mumax_dataset_ku_by_block_disorder/run_00795/run_00795.mx3,mumax_dataset_ku_by_block_disorder/run_00795,0,1764657751.016254,1764657818.764789
796,796,0,0.0012619944191446,1402359.728378236,3.080564165690606e-11,1.0,0.0,0.1428105447990841,mumax_dataset_ku_by_block_disorder/run_00796/run_00796.mx3,mumax_dataset_ku_by_block_disorder/run_00796,0,1764657818.773708,1764657888.302895
797,797,0,0.0001105400815655,1418030.1908967278,3.198089336414015e-11,1.0,0.0,0.0520552045338898,mumax_dataset_ku_by_block_disorder/run_00797/run_00797.mx3,mumax_dataset_ku_by_block_disorder/run_00797,0,1764657888.3116322,1764657959.2901397
798,798,0,0.0004298459628899,1428035.615604321,3.116340625196274e-11,1.0,0.0,0.0220987744070983,mumax_dataset_ku_by_block_disorder/run_00798/run_00798.mx3,mumax_dataset_ku_by_block_disorder/run_00798,0,1764657959.298973,1764658036.0711987
799,799,0,7.838309950250255e-06,1434899.9984125737,3.055212374567585e-11,1.0,0.0,0.09177041139317,mumax_dataset_ku_by_block_disorder/run_00799/run_00799.mx3,mumax_dataset_ku_by_block_disorder/run_00799,0,1764658036.0799952,1764658106.487602
800,800,0,0.0013360475154197,1386890.8565067598,3.042670374802003e-11,1.0,0.0,0.1254566718377626,mumax_dataset_ku_by_block_disorder/run_00800/run_00800.mx3,mumax_dataset_ku_by_block_disorder/run_00800,0,1764658106.4961398,1764658186.3465495
801,801,0,0.0001036809574232,1374477.2799293494,3.183643743863043e-11,1.0,0.0,0.1366456284408715,mumax_dataset_ku_by_block_disorder/run_00801/run_00801.mx3,mumax_dataset_ku_by_block_disorder/run_00801,0,1764658186.3553023,1764658261.2161684
802,802,0,0.0002490315514972,1377219.4398693978,3.0692999918943557e-11,1.0,0.0,0.1356513693436069,mumax_dataset_ku_by_block_disorder/run_00802/run_00802.mx3,mumax_dataset_ku_by_block_disorder/run_00802,0,1764658261.2253144,1764658330.458033
803,803,0,0.0001137341126,1364729.1537549717,3.182366918437497e-11,1.0,0.0,0.0635523784461053,mumax_dataset_ku_by_block_disorder/run_00803/run_00803.mx3,mumax_dataset_ku_by_block_disorder/run_00803,0,1764658330.466718,1764658404.529303
804,804,0,0.0004544527328803,1407708.0713913229,3.067071938836529e-11,1.0,0.0,0.0310349177932338,mumax_dataset_ku_by_block_disorder/run_00804/run_00804.mx3,mumax_dataset_ku_by_block_disorder/run_00804,0,1764658404.538158,1764658498.8989425
805,805,0,0.0005834429679291,1406442.7025013654,3.0609276616403684e-11,1.0,0.0,0.0345440196267952,mumax_dataset_ku_by_block_disorder/run_00805/run_00805.mx3,mumax_dataset_ku_by_block_disorder/run_00805,0,1764658498.9077022,1764658567.6679173
806,806,0,0.0010276889729981,1381263.8329154197,2.995432638899102e-11,1.0,0.0,0.0833852487955789,mumax_dataset_ku_by_block_disorder/run_00806/run_00806.mx3,mumax_dataset_ku_by_block_disorder/run_00806,0,1764658567.6768446,1764658635.8562915
807,807,0,0.0004095196412903,1423251.3453222096,3.111647214190903e-11,1.0,0.0,0.0822888519851936,mumax_dataset_ku_by_block_disorder/run_00807/run_00807.mx3,mumax_dataset_ku_by_block_disorder/run_00807,0,1764658635.865106,1764658706.1688511
808,808,0,0.0010503507559988,1390888.9829316882,3.116992783108589e-11,1.0,0.0,0.034089861206828,mumax_dataset_ku_by_block_disorder/run_00808/run_00808.mx3,mumax_dataset_ku_by_block_disorder/run_00808,0,1764658706.177772,1764658776.2511284
809,809,0,0.0001844001555635,1447064.5097361023,3.0513743427938176e-11,1.0,0.0,0.100118391603917,mumax_dataset_ku_by_block_disorder/run_00809/run_00809.mx3,mumax_dataset_ku_by_block_disorder/run_00809,0,1764658776.259791,1764658846.2657208
810,810,0,0.0002929490409353,1404537.7059862555,3.0575689073587195e-11,1.0,0.0,0.0693479707526722,mumax_dataset_ku_by_block_disorder/run_00810/run_00810.mx3,mumax_dataset_ku_by_block_disorder/run_00810,0,1764658846.274821,1764658916.6557662
811,811,0,0.0008043314898413,1428820.6306085617,3.1901561818617966e-11,1.0,0.0,0.1271740702610627,mumax_dataset_ku_by_block_disorder/run_00811/run_00811.mx3,mumax_dataset_ku_by_block_disorder/run_00811,0,1764658916.6652317,1764658995.119437
813,813,0,0.0001499786375782,1416520.462948075,3.07687228908173e-11,1.0,0.0,0.0264853156846871,mumax_dataset_ku_by_block_disorder/run_00813/run_00813.mx3,mumax_dataset_ku_by_block_disorder/run_00813,0,1764722355.4492254,1764722428.000862
814,814,0,0.0013549741489421,1392151.6920285383,3.178594701646613e-11,1.0,0.0,0.0919256654633875,mumax_dataset_ku_by_block_disorder/run_00814/run_00814.mx3,mumax_dataset_ku_by_block_disorder/run_00814,0,1764722428.0185256,1764722502.4464097
815,815,0,0.0008773230275014,1406148.094126091,3.100230607902318e-11,1.0,0.0,0.1186208740652674,mumax_dataset_ku_by_block_disorder/run_00815/run_00815.mx3,mumax_dataset_ku_by_block_disorder/run_00815,0,1764722502.455125,1764722572.0640666
816,816,0,0.0003151233895576,1405377.274705066,3.092770611211234e-11,1.0,0.0,0.0293014700716862,mumax_dataset_ku_by_block_disorder/run_00816/run_00816.mx3,mumax_dataset_ku_by_block_disorder/run_00816,0,1764722572.075594,1764722650.3031223
817,817,0,0.0011740353674732,1390006.8981866008,3.0714459113270396e-11,1.0,0.0,0.0756202091307335,mumax_dataset_ku_by_block_disorder/run_00817/run_00817.mx3,mumax_dataset_ku_by_block_disorder/run_00817,0,1764722650.311776,1764722724.286865
818,818,0,0.0013091101532428,1389516.308751019,3.1509043515334206e-11,1.0,0.0,0.0389354665030797,mumax_dataset_ku_by_block_disorder/run_00818/run_00818.mx3,mumax_dataset_ku_by_block_disorder/run_00818,0,1764722724.2955298,1764722794.3522806
819,819,0,0.0008544193423016,1414140.0441161275,3.0818614288906534e-11,1.0,0.0,0.1328181750391313,mumax_dataset_ku_by_block_disorder/run_00819/run_00819.mx3,mumax_dataset_ku_by_block_disorder/run_00819,0,1764722794.3607323,1764722862.837077
820,820,0,0.0013655793072164,1373349.8386980388,3.195561321116758e-11,1.0,0.0,0.1469631140608942,mumax_dataset_ku_by_block_disorder/run_00820/run_00820.mx3,mumax_dataset_ku_by_block_disorder/run_00820,0,1764722862.845763,1764722938.8877788
821,821,0,7.425860934855322e-05,1430653.9905567423,3.0180853987134344e-11,1.0,0.0,0.1411351193920618,mumax_dataset_ku_by_block_disorder/run_00821/run_00821.mx3,mumax_dataset_ku_by_block_disorder/run_00821,0,1764722938.8961256,1764723010.3852053
822,822,0,0.0011559005856151,1375124.7366486143,3.135674359011733e-11,1.0,0.0,0.1393182485383289,mumax_dataset_ku_by_block_disorder/run_00822/run_00822.mx3,mumax_dataset_ku_by_block_disorder/run_00822,0,1764723010.3938806,1764723081.1007724
823,823,0,0.0005683508139478,1401767.2209970197,3.0592093305386184e-11,1.0,0.0,0.0186376036864489,mumax_dataset_ku_by_block_disorder/run_00823/run_00823.mx3,mumax_dataset_ku_by_block_disorder/run_00823,0,1764723081.1093578,1764723156.6583557
824,824,0,0.0009494774319238,1391590.8962703026,3.1231744587690296e-11,1.0,0.0,0.1190481336010044,mumax_dataset_ku_by_block_disorder/run_00824/run_00824.mx3,mumax_dataset_ku_by_block_disorder/run_00824,0,1764723156.6669798,1764723229.160647
825,825,0,0.0009326470471622,1440993.6264798625,3.0675449174530134e-11,1.0,0.0,0.0889029988542704,mumax_dataset_ku_by_block_disorder/run_00825/run_00825.mx3,mumax_dataset_ku_by_block_disorder/run_00825,0,1764723229.169394,1764723301.9535928
826,826,0,0.000984305130502,1389480.2071976122,3.101609623816459e-11,1.0,0.0,0.0975125905588938,mumax_dataset_ku_by_block_disorder/run_00826/run_00826.mx3,mumax_dataset_ku_by_block_disorder/run_00826,0,1764723301.9623682,1764723371.345999
827,827,0,0.0005459979527326,1404840.4053660794,3.16936200566716e-11,1.0,0.0,0.0752778961077754,mumax_dataset_ku_by_block_disorder/run_00827/run_00827.mx3,mumax_dataset_ku_by_block_disorder/run_00827,0,1764723371.3547535,1764723444.5309062
828,828,0,0.0009708129920057,1452887.7968053273,3.135458655111152e-11,1.0,0.0,0.0708855849420889,mumax_dataset_ku_by_block_disorder/run_00828/run_00828.mx3,mumax_dataset_ku_by_block_disorder/run_00828,0,1764723444.539657,1764723515.768325
829,829,0,0.0010944444668588,1398998.6355238906,3.0568681041944357e-11,1.0,0.0,0.082169022325675,mumax_dataset_ku_by_block_disorder/run_00829/run_00829.mx3,mumax_dataset_ku_by_block_disorder/run_00829,0,1764723515.7770977,1764723583.623184
830,830,0,0.0014728329704980937,1461918.3252460046,3.208023879118829e-11,1.0,0.0,0.12778596377030946,mumax_dataset_ku_by_block_disorder/run_00830/run_00830.mx3,mumax_dataset_ku_by_block_disorder/run_00830,0,1764729282.9485197,1764729352.5419207
831,831,0,5.3245670193483307e-05,1427157.4987910902,3.234091537229247e-11,1.0,0.0,0.10852141325394274,mumax_dataset_ku_by_block_disorder/run_00831/run_00831.mx3,mumax_dataset_ku_by_block_disorder/run_00831,0,1764729352.551582,1764729423.422555
832,832,0,0.0008174757246869071,1383142.6424637355,3.084530154499328e-11,1.0,0.0,0.06811682938083778,mumax_dataset_ku_by_block_disorder/run_00832/run_00832.mx3,mumax_dataset_ku_by_block_disorder/run_00832,0,1764729423.431474,1764729492.6084816
833,833,0,0.0006324290102532423,1378851.9193614325,3.112445528355683e-11,1.0,0.0,0.0276050946199909,mumax_dataset_ku_by_block_disorder/run_00833/run_00833.mx3,mumax_dataset_ku_by_block_disorder/run_00833,0,1764729492.6175764,1764729560.59741
834,834,0,0.0011123540652635282,1387350.6966240983,3.107965967993444e-11,1.0,0.0,0.03409110861161974,mumax_dataset_ku_by_block_disorder/run_00834/run_00834.mx3,mumax_dataset_ku_by_block_disorder/run_00834,0,1764729560.606315,1764729628.198942
835,835,0,0.0005971639537711146,1406190.673555041,3.1082131513329644e-11,1.0,0.0,0.13891883419085505,mumax_dataset_ku_by_block_disorder/run_00835/run_00835.mx3,mumax_dataset_ku_by_block_disorder/run_00835,0,1764729628.2076766,1764729698.1104465
836,836,0,0.0009867945479698607,1372965.7560382301,3.0369153326839646e-11,1.0,0.0,0.09104226885619303,mumax_dataset_ku_by_block_disorder/run_00836/run_00836.mx3,mumax_dataset_ku_by_block_disorder/run_00836,0,1764729698.1191492,1764729765.186836
837,837,0,0.0014897548595758073,1380875.3482854264,2.9613953899740905e-11,1.0,0.0,0.1490177336574424,mumax_dataset_ku_by_block_disorder/run_00837/run_00837.mx3,mumax_dataset_ku_by_block_disorder/run_00837,0,1764729765.196001,1764729830.897404
838,838,0,0.0009727534715596769,1418073.0531687746,2.9841195496179355e-11,1.0,0.0,0.08498723090704374,mumax_dataset_ku_by_block_disorder/run_00838/run_00838.mx3,mumax_dataset_ku_by_block_disorder/run_00838,0,1764729830.9068313,1764729900.0055408
839,839,0,0.000791103984691966,1405365.787367384,3.0437472951721535e-11,1.0,0.0,0.14266200468697493,mumax_dataset_ku_by_block_disorder/run_00839/run_00839.mx3,mumax_dataset_ku_by_block_disorder/run_00839,0,1764729900.0149865,1764729970.8221142
840,840,0,8.762594909549554e-05,1433463.2151397527,3.045014905258151e-11,1.0,0.0,0.11074371016828867,mumax_dataset_ku_by_block_disorder/run_00840/run_00840.mx3,mumax_dataset_ku_by_block_disorder/run_00840,0,1764729970.8308792,1764730041.3482723
841,841,0,4.840388719533212e-05,1403371.2026815126,3.164331760174077e-11,1.0,0.0,0.013648769807668359,mumax_dataset_ku_by_block_disorder/run_00841/run_00841.mx3,mumax_dataset_ku_by_block_disorder/run_00841,0,1764730041.3572628,1764730110.9003694
842,842,0,0.0001406721824722542,1424420.7070226925,3.1396073754409706e-11,1.0,0.0,0.09146724517689107,mumax_dataset_ku_by_block_disorder/run_00842/run_00842.mx3,mumax_dataset_ku_by_block_disorder/run_00842,0,1764730110.909141,1764730181.73873
843,843,0,0.001158120111345529,1438082.9304668768,3.11162483401236e-11,1.0,0.0,0.102840181897793,mumax_dataset_ku_by_block_disorder/run_00843/run_00843.mx3,mumax_dataset_ku_by_block_disorder/run_00843,0,1764730181.747578,1764730251.6734107
844,844,0,0.0014731307456782921,1448065.1566856937,3.1814522461601605e-11,1.0,0.0,0.02976292783200151,mumax_dataset_ku_by_block_disorder/run_00844/run_00844.mx3,mumax_dataset_ku_by_block_disorder/run_00844,0,1764730251.6823406,1764730321.9230602
845,845,0,5.5379127155011475e-05,1412082.2983826757,3.1444336451370125e-11,1.0,0.0,0.006253595815225871,mumax_dataset_ku_by_block_disorder/run_00845/run_00845.mx3,mumax_dataset_ku_by_block_disorder/run_00845,0,1764730321.9316661,1764730391.9942472
846,846,0,0.001135893354134342,1411808.7742206876,3.201391628319804e-11,1.0,0.0,0.044186214773689315,mumax_dataset_ku_by_block_disorder/run_00846/run_00846.mx3,mumax_dataset_ku_by_block_disorder/run_00846,0,1764730392.002806,1764730462.5380597
847,847,0,0.0003031776174749537,1407732.3796710998,3.1135043345393145e-11,1.0,0.0,0.03812407735107632,mumax_dataset_ku_by_block_disorder/run_00847/run_00847.mx3,mumax_dataset_ku_by_block_disorder/run_00847,0,1764730462.5474212,1764730530.990082
848,848,0,0.0005859239989990313,1376974.0970578145,3.145357256048396e-11,1.0,0.0,0.0012492300782150356,mumax_dataset_ku_by_block_disorder/run_00848/run_00848.mx3,mumax_dataset_ku_by_block_disorder/run_00848,0,1764730530.9990914,1764730602.3766108
849,849,0,0.0008200528447272536,1430283.739346418,3.1310614351135616e-11,1.0,0.0,0.1398732120363671,mumax_dataset_ku_by_block_disorder/run_00849/run_00849.mx3,mumax_dataset_ku_by_block_disorder/run_00849,0,1764730602.3855355,1764730672.4474921
850,850,0,0.0004992500734461105,1375339.6424415272,3.206177763477244e-11,1.0,0.0,0.07773273389053124,mumax_dataset_ku_by_block_disorder/run_00850/run_00850.mx3,mumax_dataset_ku_by_block_disorder/run_00850,0,1764730672.4566255,1764730743.1822028
851,851,0,0.0012301005064379535,1402706.2603923865,3.075733435958305e-11,1.0,0.0,0.1136968172008522,mumax_dataset_ku_by_block_disorder/run_00851/run_00851.mx3,mumax_dataset_ku_by_block_disorder/run_00851,0,1764730743.1908977,1764730813.3858578
852,852,0,0.0014607773471427147,1390064.1401446431,3.090452152467606e-11,1.0,0.0,0.018736388810923463,mumax_dataset_ku_by_block_disorder/run_00852/run_00852.mx3,mumax_dataset_ku_by_block_disorder/run_00852,0,1764730813.394721,1764730881.0900803
853,853,0,5.7198557479241186e-05,1389209.6502203043,3.0534097910736546e-11,1.0,0.0,0.0427815078833871,mumax_dataset_ku_by_block_disorder/run_00853/run_00853.mx3,mumax_dataset_ku_by_block_disorder/run_00853,0,1764730881.0992513,1764730948.0823593
854,854,0,0.00015057975378992343,1440993.5151301173,3.1811917785188e-11,1.0,0.0,0.10430692329914314,mumax_dataset_ku_by_block_disorder/run_00854/run_00854.mx3,mumax_dataset_ku_by_block_disorder/run_00854,0,1764730948.0914028,1764731018.0262785
855,855,0,6.042924997672788e-05,1368392.8946217594,2.960727976603796e-11,1.0,0.0,0.13393043958091502,mumax_dataset_ku_by_block_disorder/run_00855/run_00855.mx3,mumax_dataset_ku_by_block_disorder/run_00855,0,1764731018.035589,1764731086.8015163
856,856,0,0.0014380693239437344,1413353.4191339198,3.130154881792934e-11,1.0,0.0,0.13434103635784383,mumax_dataset_ku_by_block_disorder/run_00856/run_00856.mx3,mumax_dataset_ku_by_block_disorder/run_00856,0,1764731086.8104584,1764731158.421455
857,857,0,0.00033532576016255663,1361809.36610582,3.139137664715314e-11,1.0,0.0,0.06253239702460721,mumax_dataset_ku_by_block_disorder/run_00857/run_00857.mx3,mumax_dataset_ku_by_block_disorder/run_00857,0,1764731158.4307797,1764731228.728486
858,858,0,0.0011950352742282296,1417235.6326927617,3.091329547039012e-11,1.0,0.0,0.1394191075372177,mumax_dataset_ku_by_block_disorder/run_00858/run_00858.mx3,mumax_dataset_ku_by_block_disorder/run_00858,0,1764731228.7382467,1764731299.4223862
859,859,0,0.00042437098204429677,1415017.0149086511,3.2030889214757737e-11,1.0,0.0,0.07699477355982688,mumax_dataset_ku_by_block_disorder/run_00859/run_00859.mx3,mumax_dataset_ku_by_block_disorder/run_00859,0,1764731299.4315443,1764731369.8746445
860,860,0,9.373113505038872e-05,1417367.6780244813,3.0363402400154035e-11,1.0,0.0,0.03505384791862615,mumax_dataset_ku_by_block_disorder/run_00860/run_00860.mx3,mumax_dataset_ku_by_block_disorder/run_00860,0,1764731369.8837824,1764731436.263774
861,861,0,0.0010176933871171095,1419556.0599081304,3.065795347078986e-11,1.0,0.0,0.07398724023795983,mumax_dataset_ku_by_block_disorder/run_00861/run_00861.mx3,mumax_dataset_ku_by_block_disorder/run_00861,0,1764731436.2727585,1764731504.3154962
862,862,0,0.000472837161262629,1392801.6145142317,3.073849249143723e-11,1.0,0.0,0.06534715350734814,mumax_dataset_ku_by_block_disorder/run_00862/run_00862.mx3,mumax_dataset_ku_by_block_disorder/run_00862,0,1764731504.324675,1764731573.6195803
863,863,0,0.0008645108698363381,1408235.3719093667,3.048153216345542e-11,1.0,0.0,0.05499580369601541,mumax_dataset_ku_by_block_disorder/run_00863/run_00863.mx3,mumax_dataset_ku_by_block_disorder/run_00863,0,1764731573.628603,1764731639.8165658
864,864,0,0.0006228839493632906,1378911.4514580693,3.106773034647288e-11,1.0,0.0,0.1386043044609738,mumax_dataset_ku_by_block_disorder/run_00864/run_00864.mx3,mumax_dataset_ku_by_block_disorder/run_00864,0,1764731639.8256636,1764731711.897007
865,865,0,0.000628806082443414,1365699.480433714,3.051242106150186e-11,1.0,0.0,0.0007481615128686669,mumax_dataset_ku_by_block_disorder/run_00865/run_00865.mx3,mumax_dataset_ku_by_block_disorder/run_00865,0,1764731711.9060948,1764731775.8966076
866,866,0,0.0014146054642813165,1398524.3328705234,3.156681262120626e-11,1.0,0.0,0.008467507815534419,mumax_dataset_ku_by_block_disorder/run_00866/run_00866.mx3,mumax_dataset_ku_by_block_disorder/run_00866,0,1764731775.905402,1764731845.056167
867,867,0,0.0008623665191469423,1396058.8995517553,3.102314440797317e-11,1.0,0.0,0.06002807779857094,mumax_dataset_ku_by_block_disorder/run_00867/run_00867.mx3,mumax_dataset_ku_by_block_disorder/run_00867,0,1764731845.0654073,1764731911.9273298
868,868,0,0.0007129894728843021,1403076.986896285,3.035711086278027e-11,1.0,0.0,0.034718269455580125,mumax_dataset_ku_by_block_disorder/run_00868/run_00868.mx3,mumax_dataset_ku_by_block_disorder/run_00868,0,1764731911.9364326,1764731981.0786355
869,869,0,0.00015304620130343765,1443903.861285356,3.0215239026870056e-11,1.0,0.0,0.04530017104900961,mumax_dataset_ku_by_block_disorder/run_00869/run_00869.mx3,mumax_dataset_ku_by_block_disorder/run_00869,0,1764731981.0876117,1764732048.0947309
870,870,0,0.0004954451327243769,1410247.984554782,3.1549188402756134e-11,1.0,0.0,0.07171449109317878,mumax_dataset_ku_by_block_disorder/run_00870/run_00870.mx3,mumax_dataset_ku_by_block_disorder/run_00870,0,1764732048.1038558,1764732119.9996696
871,871,0,0.0006713989438677075,1405196.2375541022,3.2205890714146424e-11,1.0,0.0,0.028990752634134087,mumax_dataset_ku_by_block_disorder/run_00871/run_00871.mx3,mumax_dataset_ku_by_block_disorder/run_00871,0,1764732120.0090256,1764732190.8121595
872,872,0,0.0011465675888543186,1361276.547798408,3.1399461941876476e-11,1.0,0.0,0.11092584034042073,mumax_dataset_ku_by_block_disorder/run_00872/run_00872.mx3,mumax_dataset_ku_by_block_disorder/run_00872,0,1764732190.8219798,1764732257.340303
873,873,0,0.0007094691791422397,1418565.4145036722,3.1990371779084795e-11,1.0,0.0,0.08505096381353121,mumax_dataset_ku_by_block_disorder/run_00873/run_00873.mx3,mumax_dataset_ku_by_block_disorder/run_00873,0,1764732257.3496192,1764732330.7600334
874,874,0,0.0005448178266727973,1377221.5558522628,3.069061779744833e-11,1.0,0.0,0.11107176624387875,mumax_dataset_ku_by_block_disorder/run_00874/run_00874.mx3,mumax_dataset_ku_by_block_disorder/run_00874,0,1764732330.7692797,1764732396.6713233
875,875,0,0.0004154604961694838,1423387.5644194996,3.069316396321134e-11,1.0,0.0,0.083248122123553,mumax_dataset_ku_by_block_disorder/run_00875/run_00875.mx3,mumax_dataset_ku_by_block_disorder/run_00875,0,1764732396.6804347,1764732464.8244007
876,876,0,0.0006963319398472244,1342032.6940590125,3.063698840830316e-11,1.0,0.0,0.1166637379694341,mumax_dataset_ku_by_block_disorder/run_00876/run_00876.mx3,mumax_dataset_ku_by_block_disorder/run_00876,0,1764732464.8335268,1764732535.7238097
877,877,0,9.719792339013605e-05,1432765.7805471355,3.142905261878205e-11,1.0,0.0,0.13742459128350135,mumax_dataset_ku_by_block_disorder/run_00877/run_00877.mx3,mumax_dataset_ku_by_block_disorder/run_00877,0,1764732535.733065,1764732608.351286
878,878,0,0.0002858693626483595,1409145.2147550567,3.135848108249288e-11,1.0,0.0,0.1054153303289732,mumax_dataset_ku_by_block_disorder/run_00878/run_00878.mx3,mumax_dataset_ku_by_block_disorder/run_00878,0,1764732608.3606055,1764732677.3224926
879,879,0,0.000876420835098337,1353299.9027482758,2.9873386136309755e-11,1.0,0.0,0.07560933121521878,mumax_dataset_ku_by_block_disorder/run_00879/run_00879.mx3,mumax_dataset_ku_by_block_disorder/run_00879,0,1764732677.3318584,1764732744.0270207
880,880,0,0.0008226831279843239,1371979.6389786694,3.0608652643808896e-11,1.0,0.0,0.03912487421694253,mumax_dataset_ku_by_block_disorder/run_00880/run_00880.mx3,mumax_dataset_ku_by_block_disorder/run_00880,0,1764732744.03615,1764732812.5357268
881,881,0,0.0010934968371421419,1402694.6398011527,3.144677141809489e-11,1.0,0.0,0.040018612982124814,mumax_dataset_ku_by_block_disorder/run_00881/run_00881.mx3,mumax_dataset_ku_by_block_disorder/run_00881,0,1764732812.5451038,1764732882.9169261
882,882,0,0.0001216823242834818,1360207.3467834615,3.13614323513067e-11,1.0,0.0,0.11094257632283328,mumax_dataset_ku_by_block_disorder/run_00882/run_00882.mx3,mumax_dataset_ku_by_block_disorder/run_00882,0,1764732882.926333,1764732955.9508126
883,883,0,0.0007496041354343,1344234.378989902,3.0070851317070665e-11,1.0,0.0,0.11669738480685697,mumax_dataset_ku_by_block_disorder/run_00883/run_00883.mx3,mumax_dataset_ku_by_block_disorder/run_00883,0,1764732955.960166,1764733024.3724442
884,884,0,0.0009349264214085788,1442492.111489518,3.042955568282109e-11,1.0,0.0,0.12755313750549183,mumax_dataset_ku_by_block_disorder/run_00884/run_00884.mx3,mumax_dataset_ku_by_block_disorder/run_00884,0,1764733024.3819332,1764733093.5623507
885,885,0,0.0012048858726720548,1383112.9237798385,3.1702050432916e-11,1.0,0.0,0.10453156540345175,mumax_dataset_ku_by_block_disorder/run_00885/run_00885.mx3,mumax_dataset_ku_by_block_disorder/run_00885,0,1764733093.5713048,1764733163.9183705
886,886,0,0.0002718370171749985,1396229.853726311,3.05218722920275e-11,1.0,0.0,0.009469105387950498,mumax_dataset_ku_by_block_disorder/run_00886/run_00886.mx3,mumax_dataset_ku_by_block_disorder/run_00886,0,1764733163.9275913,1764733231.604045
887,887,0,0.0007438169709238468,1373771.1788962604,3.0785368491815703e-11,1.0,0.0,0.015267283232393269,mumax_dataset_ku_by_block_disorder/run_00887/run_00887.mx3,mumax_dataset_ku_by_block_disorder/run_00887,0,1764733231.6132116,1764733298.6594005
888,888,0,0.0013784442713172468,1450601.1907833847,3.101994268213372e-11,1.0,0.0,0.13523975048533823,mumax_dataset_ku_by_block_disorder/run_00888/run_00888.mx3,mumax_dataset_ku_by_block_disorder/run_00888,0,1764733298.668537,1764733370.3379786
889,889,0,0.0002877676867248117,1424720.2969934626,3.007165572084326e-11,1.0,0.0,0.036915795408845604,mumax_dataset_ku_by_block_disorder/run_00889/run_00889.mx3,mumax_dataset_ku_by_block_disorder/run_00889,0,1764733370.347122,1764733437.1993415
890,890,0,0.000508878598434456,1398646.0412615777,3.054017367879295e-11,1.0,0.0,0.07535848185947265,mumax_dataset_ku_by_block_disorder/run_00890/run_00890.mx3,mumax_dataset_ku_by_block_disorder/run_00890,0,1764733437.208557,1764733504.883029
891,891,0,0.0008757254665259145,1378115.588266646,3.1392361346622165e-11,1.0,0.0,0.1406303642904441,mumax_dataset_ku_by_block_disorder/run_00891/run_00891.mx3,mumax_dataset_ku_by_block_disorder/run_00891,0,1764733504.8983073,1764733573.6212354
892,892,0,0.0005797904418205756,1396604.7034855913,3.1408425352408306e-11,1.0,0.0,0.025063538306043014,mumax_dataset_ku_by_block_disorder/run_00892/run_00892.mx3,mumax_dataset_ku_by_block_disorder/run_00892,0,1764733573.6307135,1764733643.1429734
893,893,0,0.0008647084964867477,1416788.7567092993,3.082784658563242e-11,1.0,0.0,0.11001200293586519,mumax_dataset_ku_by_block_disorder/run_00893/run_00893.mx3,mumax_dataset_ku_by_block_disorder/run_00893,0,1764733643.152387,1764733712.6472092
894,894,0,0.0005637801110132739,1365117.131433365,3.1916974103973407e-11,1.0,0.0,0.05847304319150316,mumax_dataset_ku_by_block_disorder/run_00894/run_00894.mx3,mumax_dataset_ku_by_block_disorder/run_00894,0,1764733712.6568234,1764733784.771361
895,895,0,0.001431907441705594,1342766.2831309629,3.1622907558534665e-11,1.0,0.0,0.02835981674507134,mumax_dataset_ku_by_block_disorder/run_00895/run_00895.mx3,mumax_dataset_ku_by_block_disorder/run_00895,0,1764733784.780899,1764733853.6012306
896,896,0,0.001255264960098197,1370234.5062766143,3.142081634613295e-11,1.0,0.0,0.06828798206146404,mumax_dataset_ku_by_block_disorder/run_00896/run_00896.mx3,mumax_dataset_ku_by_block_disorder/run_00896,0,1764733853.610591,1764733925.702439
897,897,0,0.00040426625512351153,1427899.2381828346,3.119285619086017e-11,1.0,0.0,0.003365285768774606,mumax_dataset_ku_by_block_disorder/run_00897/run_00897.mx3,mumax_dataset_ku_by_block_disorder/run_00897,0,1764733925.7120507,1764733993.9624958
898,898,0,0.0004271598753920357,1398963.3735056627,2.9940338293866857e-11,1.0,0.0,0.001975679713504863,mumax_dataset_ku_by_block_disorder/run_00898/run_00898.mx3,mumax_dataset_ku_by_block_disorder/run_00898,0,1764733993.9719565,1764734057.2268147
899,899,0,0.0008319843213377966,1393445.0681551395,3.179887279939967e-11,1.0,0.0,0.11576908802425973,mumax_dataset_ku_by_block_disorder/run_00899/run_00899.mx3,mumax_dataset_ku_by_block_disorder/run_00899,0,1764734057.2363942,1764734128.5495484
900,900,0,0.0014055752967056666,1391925.1600927096,3.055081725302548e-11,1.0,0.0,0.051122026729842285,mumax_dataset_ku_by_block_disorder/run_00900/run_00900.mx3,mumax_dataset_ku_by_block_disorder/run_00900,0,1764734128.558915,1764734197.9274635
901,901,0,0.0012217575587561808,1361993.0234037885,3.105367065641129e-11,1.0,0.0,0.05800058205259824,mumax_dataset_ku_by_block_disorder/run_00901/run_00901.mx3,mumax_dataset_ku_by_block_disorder/run_00901,0,1764734197.9370499,1764734267.1390483
902,902,0,0.0009464626894658355,1398956.8211590028,3.092824411643893e-11,1.0,0.0,0.13373827615668055,mumax_dataset_ku_by_block_disorder/run_00902/run_00902.mx3,mumax_dataset_ku_by_block_disorder/run_00902,0,1764734267.1487317,1764734338.4082646
903,903,0,0.0010008318306893268,1383595.9139530682,3.180813506691569e-11,1.0,0.0,0.11156881290893558,mumax_dataset_ku_by_block_disorder/run_00903/run_00903.mx3,mumax_dataset_ku_by_block_disorder/run_00903,0,1764734338.4174774,1764734407.8221228
904,904,0,0.0008701548672384532,1399158.2834353703,3.032866364512497e-11,1.0,0.0,0.10235096084376992,mumax_dataset_ku_by_block_disorder/run_00904/run_00904.mx3,mumax_dataset_ku_by_block_disorder/run_00904,0,1764734407.8317199,1764734476.128855
905,905,0,0.0014610313731177747,1441443.673787692,3.0920249105734875e-11,1.0,0.0,0.027146287835472304,mumax_dataset_ku_by_block_disorder/run_00905/run_00905.mx3,mumax_dataset_ku_by_block_disorder/run_00905,0,1764734476.1383996,1764734544.6484723
906,906,0,0.001363685910331978,1386931.0164239665,3.090601970644376e-11,1.0,0.0,0.0016893419100809713,mumax_dataset_ku_by_block_disorder/run_00906/run_00906.mx3,mumax_dataset_ku_by_block_disorder/run_00906,0,1764734544.6579843,1764734610.7431934
907,907,0,0.0010019046764114265,1440913.790396014,3.166477091068832e-11,1.0,0.0,0.033461619746532625,mumax_dataset_ku_by_block_disorder/run_00907/run_00907.mx3,mumax_dataset_ku_by_block_disorder/run_00907,0,1764734610.7525175,1764734678.339706
908,908,0,0.0002741957617701697,1425796.4884524604,3.20236572667962e-11,1.0,0.0,0.09142893816768055,mumax_dataset_ku_by_block_disorder/run_00908/run_00908.mx3,mumax_dataset_ku_by_block_disorder/run_00908,0,1764734678.3489773,1764734750.4171615
909,909,0,0.0005768962162723583,1412993.6765312406,3.0588818887015127e-11,1.0,0.0,0.05073152654955027,mumax_dataset_ku_by_block_disorder/run_00909/run_00909.mx3,mumax_dataset_ku_by_block_disorder/run_00909,0,1764734750.4265194,1764734818.9283874
910,910,0,5.051642956652053e-05,1359118.1160902777,3.1282806179073047e-11,1.0,0.0,0.13018448476209638,mumax_dataset_ku_by_block_disorder/run_00910/run_00910.mx3,mumax_dataset_ku_by_block_disorder/run_00910,0,1764734818.9379876,1764734889.2116432
911,911,0,0.001375993651927098,1400348.149081697,3.1868860410929896e-11,1.0,0.0,0.04186196230696867,mumax_dataset_ku_by_block_disorder/run_00911/run_00911.mx3,mumax_dataset_ku_by_block_disorder/run_00911,0,1764734889.2207806,1764734960.8887324
912,912,0,0.00031566147903984074,1410968.1342453882,3.068869095935357e-11,1.0,0.0,0.13362182019390803,mumax_dataset_ku_by_block_disorder/run_00912/run_00912.mx3,mumax_dataset_ku_by_block_disorder/run_00912,0,1764734960.8985004,1764735030.0006804
913,913,0,1.448867509624363e-06,1451005.2685097917,3.0949900954975895e-11,1.0,0.0,0.05374994665291567,mumax_dataset_ku_by_block_disorder/run_00913/run_00913.mx3,mumax_dataset_ku_by_block_disorder/run_00913,0,1764735030.0106428,1764735099.2965548
914,914,0,0.0007677654455526221,1345142.2393886545,3.0823704127782605e-11,1.0,0.0,0.07390900182646211,mumax_dataset_ku_by_block_disorder/run_00914/run_00914.mx3,mumax_dataset_ku_by_block_disorder/run_00914,0,1764735099.3060968,1764735165.104313
915,915,0,0.0008216107279806952,1395166.3766351312,3.14512518319151e-11,1.0,0.0,0.09422379152069393,mumax_dataset_ku_by_block_disorder/run_00915/run_00915.mx3,mumax_dataset_ku_by_block_disorder/run_00915,0,1764735165.1140168,1764735235.7623882
916,916,0,0.0006123918539746682,1428625.9794861865,3.0574353474337083e-11,1.0,0.0,0.0603782058462417,mumax_dataset_ku_by_block_disorder/run_00916/run_00916.mx3,mumax_dataset_ku_by_block_disorder/run_00916,0,1764735235.7719476,1764735303.197999
917,917,0,0.001170017289023381,1411779.8939411722,3.020155207728631e-11,1.0,0.0,0.13094196171865474,mumax_dataset_ku_by_block_disorder/run_00917/run_00917.mx3,mumax_dataset_ku_by_block_disorder/run_00917,0,1764735303.2077835,1764735373.2102275
918,918,0,0.00035940076368307566,1421605.7570196863,3.0707346348630975e-11,1.0,0.0,0.10387417804113827,mumax_dataset_ku_by_block_disorder/run_00918/run_00918.mx3,mumax_dataset_ku_by_block_disorder/run_00918,0,1764735373.2200835,1764735444.197287
919,919,0,0.0013366298236472634,1351309.6025158712,3.0716122471516345e-11,1.0,0.0,0.0028491480935273206,mumax_dataset_ku_by_block_disorder/run_00919/run_00919.mx3,mumax_dataset_ku_by_block_disorder/run_00919,0,1764735444.2068355,1764735508.1646364
920,920,0,0.00032714407605352575,1423991.841324348,3.153447474405312e-11,1.0,0.0,0.0545005567712215,mumax_dataset_ku_by_block_disorder/run_00920/run_00920.mx3,mumax_dataset_ku_by_block_disorder/run_00920,0,1764735508.1745915,1764735577.628158
921,921,0,0.0012694816485698474,1421053.2960902653,3.164485866569588e-11,1.0,0.0,0.12872818392572097,mumax_dataset_ku_by_block_disorder/run_00921/run_00921.mx3,mumax_dataset_ku_by_block_disorder/run_00921,0,1764735577.6376112,1764735649.4067318
922,922,0,0.00042601158998797174,1430738.4893165675,3.0252415770602134e-11,1.0,0.0,0.05840243886840989,mumax_dataset_ku_by_block_disorder/run_00922/run_00922.mx3,mumax_dataset_ku_by_block_disorder/run_00922,0,1764735649.416444,1764735716.914405
923,923,0,0.001373826967507408,1383359.4672868631,3.073549863228953e-11,1.0,0.0,0.07101233853561899,mumax_dataset_ku_by_block_disorder/run_00923/run_00923.mx3,mumax_dataset_ku_by_block_disorder/run_00923,0,1764735716.9238474,1764735784.1950157
924,924,0,0.0012304117036370645,1415824.3033487017,3.200444475365576e-11,1.0,0.0,0.11476154033236116,mumax_dataset_ku_by_block_disorder/run_00924/run_00924.mx3,mumax_dataset_ku_by_block_disorder/run_00924,0,1764735784.2050104,1764735854.8809438
925,925,0,0.00029688660121582377,1422070.8548659668,3.156686533098411e-11,1.0,0.0,0.13429211521200002,mumax_dataset_ku_by_block_disorder/run_00925/run_00925.mx3,mumax_dataset_ku_by_block_disorder/run_00925,0,1764735854.8904023,1764735925.7053125
926,926,0,0.0013188418312891509,1432875.7319132732,2.950353037895579e-11,1.0,0.0,0.10335996402088742,mumax_dataset_ku_by_block_disorder/run_00926/run_00926.mx3,mumax_dataset_ku_by_block_disorder/run_00926,0,1764735925.7151752,1764735994.148892
927,927,0,0.00033703317443187144,1393768.0092060203,3.0660171657107415e-11,1.0,0.0,0.03868895336861542,mumax_dataset_ku_by_block_disorder/run_00927/run_00927.mx3,mumax_dataset_ku_by_block_disorder/run_00927,0,1764735994.1588302,1764736062.633608
928,928,0,0.0012623209648280561,1446861.116044941,3.0929557940537385e-11,1.0,0.0,0.10578383971135029,mumax_dataset_ku_by_block_disorder/run_00928/run_00928.mx3,mumax_dataset_ku_by_block_disorder/run_00928,0,1764736062.6434598,1764736130.1046643
929,929,0,0.0002360514341641166,1391022.0537479827,3.079297301430433e-11,1.0,0.0,0.01612266689532683,mumax_dataset_ku_by_block_disorder/run_00929/run_00929.mx3,mumax_dataset_ku_by_block_disorder/run_00929,0,1764736130.114624,1764736198.13251
930,930,0,0.00019644568638080103,1367495.3943417473,3.0685571371753936e-11,1.0,0.0,0.08787833866381307,mumax_dataset_ku_by_block_disorder/run_00930/run_00930.mx3,mumax_dataset_ku_by_block_disorder/run_00930,0,1764736198.1423798,1764736265.3390033
931,931,0,0.0002903138856490656,1406980.0148532686,3.143181566308047e-11,1.0,0.0,0.14869415644216907,mumax_dataset_ku_by_block_disorder/run_00931/run_00931.mx3,mumax_dataset_ku_by_block_disorder/run_00931,0,1764736265.3488605,1764736336.677586
932,932,0,0.0009400370087216891,1388761.0356076325,3.084588788292324e-11,1.0,0.0,0.04840624239520156,mumax_dataset_ku_by_block_disorder/run_00932/run_00932.mx3,mumax_dataset_ku_by_block_disorder/run_00932,0,1764736336.6873803,1764736403.355954
933,933,0,0.0007795485243012784,1449473.6992838166,3.167326958027142e-11,1.0,0.0,0.052845227436427,mumax_dataset_ku_by_block_disorder/run_00933/run_00933.mx3,mumax_dataset_ku_by_block_disorder/run_00933,0,1764736403.3674684,1764736474.5138052
934,934,0,0.0009642562296003953,1424550.5074649605,3.1690373377380673e-11,1.0,0.0,0.07060732031833418,mumax_dataset_ku_by_block_disorder/run_00934/run_00934.mx3,mumax_dataset_ku_by_block_disorder/run_00934,0,1764736474.5260234,1764736544.6500502
935,935,0,0.0005446170382059048,1388548.870899663,3.1079414758528255e-11,1.0,0.0,0.06763923868861642,mumax_dataset_ku_by_block_disorder/run_00935/run_00935.mx3,mumax_dataset_ku_by_block_disorder/run_00935,0,1764736544.6600692,1764736613.0559375
936,936,0,0.0005231126595448729,1436091.6549137493,3.053182610918214e-11,1.0,0.0,0.0949763386095186,mumax_dataset_ku_by_block_disorder/run_00936/run_00936.mx3,mumax_dataset_ku_by_block_disorder/run_00936,0,1764736613.0684428,1764736681.7239485
937,937,0,0.00022766658939034,1436161.1820758563,3.052031850694065e-11,1.0,0.0,0.14996062081863118,mumax_dataset_ku_by_block_disorder/run_00937/run_00937.mx3,mumax_dataset_ku_by_block_disorder/run_00937,0,1764736681.7338102,1764736754.9924462
938,938,0,0.0008428132791367257,1350600.5823480757,3.123250906525919e-11,1.0,0.0,0.12424500262073332,mumax_dataset_ku_by_block_disorder/run_00938/run_00938.mx3,mumax_dataset_ku_by_block_disorder/run_00938,0,1764736755.0024803,1764736821.957751
939,939,0,0.0012925346421217869,1402935.690359404,3.15445913250761e-11,1.0,0.0,0.11827213027488645,mumax_dataset_ku_by_block_disorder/run_00939/run_00939.mx3,mumax_dataset_ku_by_block_disorder/run_00939,0,1764736821.9679422,1764736891.25865
940,940,0,0.000919907610163779,1396001.6196337075,3.123855397235402e-11,1.0,0.0,0.009301594779625366,mumax_dataset_ku_by_block_disorder/run_00940/run_00940.mx3,mumax_dataset_ku_by_block_disorder/run_00940,0,1764736891.268432,1764736957.8822215
941,941,0,0.0011646596507526384,1379470.6171185817,3.124226213442025e-11,1.0,0.0,0.13776927134119699,mumax_dataset_ku_by_block_disorder/run_00941/run_00941.mx3,mumax_dataset_ku_by_block_disorder/run_00941,0,1764736957.8921309,1764737028.5967872
942,942,0,0.0011019039646076333,1448235.552545553,3.122536798936922e-11,1.0,0.0,0.12487810063324678,mumax_dataset_ku_by_block_disorder/run_00942/run_00942.mx3,mumax_dataset_ku_by_block_disorder/run_00942,0,1764737028.6066155,1764737097.9921432
943,943,0,0.001214144839799549,1371398.9383577525,3.208308781926791e-11,1.0,0.0,0.04973127276483339,mumax_dataset_ku_by_block_disorder/run_00943/run_00943.mx3,mumax_dataset_ku_by_block_disorder/run_00943,0,1764737098.0023885,1764737166.9848647
944,944,0,0.0013272534285443784,1393741.740288754,3.117733420950675e-11,1.0,0.0,0.12417284377024798,mumax_dataset_ku_by_block_disorder/run_00944/run_00944.mx3,mumax_dataset_ku_by_block_disorder/run_00944,0,1764737166.9946647,1764737237.7794895
945,945,0,8.49012977949032e-06,1402859.606839927,3.1076442632870444e-11,1.0,0.0,0.036775421570722194,mumax_dataset_ku_by_block_disorder/run_00945/run_00945.mx3,mumax_dataset_ku_by_block_disorder/run_00945,0,1764737237.7893403,1764737306.217295
946,946,0,0.001105279542826322,1401955.220751658,3.0704773445833765e-11,1.0,0.0,0.09809735756972421,mumax_dataset_ku_by_block_disorder/run_00946/run_00946.mx3,mumax_dataset_ku_by_block_disorder/run_00946,0,1764737306.2270882,1764737375.4762714
947,947,0,7.238952269983689e-05,1365199.585838489,3.018723014837796e-11,1.0,0.0,0.018383837396624803,mumax_dataset_ku_by_block_disorder/run_00947/run_00947.mx3,mumax_dataset_ku_by_block_disorder/run_00947,0,1764737375.4862912,1764737439.3724535
948,948,0,0.0006823181837612625,1365009.3717042003,3.0075116234273214e-11,1.0,0.0,0.01175705953792977,mumax_dataset_ku_by_block_disorder/run_00948/run_00948.mx3,mumax_dataset_ku_by_block_disorder/run_00948,0,1764737439.382737,1764737505.0031793
949,949,0,0.0013052148913004337,1435877.9500233456,3.1698972153126446e-11,1.0,0.0,0.14982453523535053,mumax_dataset_ku_by_block_disorder/run_00949/run_00949.mx3,mumax_dataset_ku_by_block_disorder/run_00949,0,1764737505.013014,1764737577.7234871
950,950,0,0.0012141280065419142,1453390.2509999666,3.1516729394235466e-11,1.0,0.0,0.06892499261518777,mumax_dataset_ku_by_block_disorder/run_00950/run_00950.mx3,mumax_dataset_ku_by_block_disorder/run_00950,0,1764737577.7336416,1764737647.6880624
951,951,0,0.0008763031017741821,1412885.2196226672,3.198777853991324e-11,1.0,0.0,0.05332992726697993,mumax_dataset_ku_by_block_disorder/run_00951/run_00951.mx3,mumax_dataset_ku_by_block_disorder/run_00951,0,1764737647.6981094,1764737718.4376075
952,952,0,0.0010178698459762383,1369977.4792577662,3.076557302183633e-11,1.0,0.0,0.035225097293548,mumax_dataset_ku_by_block_disorder/run_00952/run_00952.mx3,mumax_dataset_ku_by_block_disorder/run_00952,0,1764737718.447481,1764737786.158644
953,953,0,0.00016358469435083205,1398985.5360821728,3.076947001971623e-11,1.0,0.0,0.04671901528228383,mumax_dataset_ku_by_block_disorder/run_00953/run_00953.mx3,mumax_dataset_ku_by_block_disorder/run_00953,0,1764737786.1686692,1764737855.4667108
954,954,0,0.0012669472854794164,1417042.2764031861,3.089899816627553e-11,1.0,0.0,0.12526530346004017,mumax_dataset_ku_by_block_disorder/run_00954/run_00954.mx3,mumax_dataset_ku_by_block_disorder/run_00954,0,1764737855.4774842,1764737925.8557513
955,955,0,0.0003637504251927076,1410920.7434192095,3.044136104837262e-11,1.0,0.0,0.08961024911189522,mumax_dataset_ku_by_block_disorder/run_00955/run_00955.mx3,mumax_dataset_ku_by_block_disorder/run_00955,0,1764737925.8657146,1764737996.1550848
956,956,0,0.0005290473836978722,1401147.0535377644,3.09627125802865e-11,1.0,0.0,0.10165372770103472,mumax_dataset_ku_by_block_disorder/run_00956/run_00956.mx3,mumax_dataset_ku_by_block_disorder/run_00956,0,1764737996.1652284,1764738064.1009314
957,957,0,0.0010431157324297404,1376037.4145366335,3.1080698123424924e-11,1.0,0.0,0.14329318210151726,mumax_dataset_ku_by_block_disorder/run_00957/run_00957.mx3,mumax_dataset_ku_by_block_disorder/run_00957,0,1764738064.11095,1764738135.2385912
958,958,0,0.0007661174105792575,1382107.5055617008,3.077115214553408e-11,1.0,0.0,0.013136150341136731,mumax_dataset_ku_by_block_disorder/run_00958/run_00958.mx3,mumax_dataset_ku_by_block_disorder/run_00958,0,1764738135.2485435,1764738201.6620314
959,959,0,0.001332729031276166,1402161.4590288647,3.094378576765876e-11,1.0,0.0,0.0646213398132882,mumax_dataset_ku_by_block_disorder/run_00959/run_00959.mx3,mumax_dataset_ku_by_block_disorder/run_00959,0,1764738201.672092,1764738270.7100785
960,960,0,0.0014996816435993477,1449168.607395886,3.119380625097182e-11,1.0,0.0,0.06828818396656862,mumax_dataset_ku_by_block_disorder/run_00960/run_00960.mx3,mumax_dataset_ku_by_block_disorder/run_00960,0,1764738270.7203763,1764738339.4998546
961,961,0,0.00030494294889846674,1443438.4084928746,3.0303959635255846e-11,1.0,0.0,0.03944352226351003,mumax_dataset_ku_by_block_disorder/run_00961/run_00961.mx3,mumax_dataset_ku_by_block_disorder/run_00961,0,1764738339.509997,1764738408.1716971
962,962,0,0.0013472056449171867,1412819.9820290722,3.1560356479650944e-11,1.0,0.0,0.14978626188900898,mumax_dataset_ku_by_block_disorder/run_00962/run_00962.mx3,mumax_dataset_ku_by_block_disorder/run_00962,0,1764738408.181945,1764738478.7979195
963,963,0,4.11215679780878e-05,1390812.3784852747,3.096040779134921e-11,1.0,0.0,0.10577023987471217,mumax_dataset_ku_by_block_disorder/run_00963/run_00963.mx3,mumax_dataset_ku_by_block_disorder/run_00963,0,1764738478.8084886,1764738546.0182717
964,964,0,5.581891830291458e-05,1445550.1779390378,3.1226334612339546e-11,1.0,0.0,0.11052343375643602,mumax_dataset_ku_by_block_disorder/run_00964/run_00964.mx3,mumax_dataset_ku_by_block_disorder/run_00964,0,1764738546.0346763,1764738617.7979107
965,965,0,0.00011957633821971136,1436321.2210877745,3.001931300742505e-11,1.0,0.0,0.062373658456831904,mumax_dataset_ku_by_block_disorder/run_00965/run_00965.mx3,mumax_dataset_ku_by_block_disorder/run_00965,0,1764738617.8081832,1764738681.4387612
966,966,0,0.0006249816833809718,1379770.3835963863,3.052646236977171e-11,1.0,0.0,0.12195314119660473,mumax_dataset_ku_by_block_disorder/run_00966/run_00966.mx3,mumax_dataset_ku_by_block_disorder/run_00966,0,1764738681.448966,1764738750.1633012
967,967,0,0.000841734729117298,1390721.691745651,3.1148029873416025e-11,1.0,0.0,0.09688206429425923,mumax_dataset_ku_by_block_disorder/run_00967/run_00967.mx3,mumax_dataset_ku_by_block_disorder/run_00967,0,1764738750.1731079,1764738819.2414374
968,968,0,0.0013227436250517921,1377159.722289115,3.09835802348341e-11,1.0,0.0,0.0023972844944980753,mumax_dataset_ku_by_block_disorder/run_00968/run_00968.mx3,mumax_dataset_ku_by_block_disorder/run_00968,0,1764738819.2514255,1764738884.8630037
969,969,0,0.0005102127053580972,1408736.2236915482,3.11641615418277e-11,1.0,0.0,0.03312430286571775,mumax_dataset_ku_by_block_disorder/run_00969/run_00969.mx3,mumax_dataset_ku_by_block_disorder/run_00969,0,1764738884.8730342,1764738953.0415034
970,970,0,0.0006770805235953005,1428548.7740563087,3.092145682912138e-11,1.0,0.0,0.004916764257840811,mumax_dataset_ku_by_block_disorder/run_00970/run_00970.mx3,mumax_dataset_ku_by_block_disorder/run_00970,0,1764738953.0518277,1764739019.37782
971,971,0,0.0005794022954373595,1425767.3548207472,3.147898339233451e-11,1.0,0.0,0.14709250608847152,mumax_dataset_ku_by_block_disorder/run_00971/run_00971.mx3,mumax_dataset_ku_by_block_disorder/run_00971,0,1764739019.3881366,1764739087.5252962
972,972,0,0.0006445996035191188,1391324.403090037,3.030449898961881e-11,1.0,0.0,0.07353373900415838,mumax_dataset_ku_by_block_disorder/run_00972/run_00972.mx3,mumax_dataset_ku_by_block_disorder/run_00972,0,1764739087.5355902,1764739156.4961014
973,973,0,0.001429317771549036,1388462.950012716,3.1014334473809674e-11,1.0,0.0,0.1443985714368796,mumax_dataset_ku_by_block_disorder/run_00973/run_00973.mx3,mumax_dataset_ku_by_block_disorder/run_00973,0,1764739156.5064023,1764739226.7527268
974,974,0,7.772133990533391e-06,1377194.5836344564,3.015747127458282e-11,1.0,0.0,0.07442994540691493,mumax_dataset_ku_by_block_disorder/run_00974/run_00974.mx3,mumax_dataset_ku_by_block_disorder/run_00974,0,1764739226.7628784,1764739294.1869059
975,975,0,0.0013027637264799432,1351793.6169667211,3.115250715166861e-11,1.0,0.0,0.09177868580339446,mumax_dataset_ku_by_block_disorder/run_00975/run_00975.mx3,mumax_dataset_ku_by_block_disorder/run_00975,0,1764739294.1968784,1764739363.827397
976,976,0,0.0009410492462698893,1367663.5400245346,3.14057518816446e-11,1.0,0.0,0.07479583572500205,mumax_dataset_ku_by_block_disorder/run_00976/run_00976.mx3,mumax_dataset_ku_by_block_disorder/run_00976,0,1764739363.8421276,1764739436.814955
977,977,0,0.00028329125580239215,1394195.1795669182,3.097677638295632e-11,1.0,0.0,0.08192459347324156,mumax_dataset_ku_by_block_disorder/run_00977/run_00977.mx3,mumax_dataset_ku_by_block_disorder/run_00977,0,1764739436.8256512,1764739505.6505613
978,978,0,0.0005469224108712709,1416704.0277388664,3.0561959183438554e-11,1.0,0.0,0.13267617181530295,mumax_dataset_ku_by_block_disorder/run_00978/run_00978.mx3,mumax_dataset_ku_by_block_disorder/run_00978,0,1764739505.6607418,1764739576.0302691
979,979,0,0.0012755136645676002,1410801.363775813,3.107258728304485e-11,1.0,0.0,0.13102303865993536,mumax_dataset_ku_by_block_disorder/run_00979/run_00979.mx3,mumax_dataset_ku_by_block_disorder/run_00979,0,1764739576.0400507,1764739646.7805874
980,980,0,0.0008002870458214273,1415484.236543462,3.139916253608697e-11,1.0,0.0,0.11025393844593671,mumax_dataset_ku_by_block_disorder/run_00980/run_00980.mx3,mumax_dataset_ku_by_block_disorder/run_00980,0,1764739646.790446,1764739716.6318622
981,981,0,5.558413421370046e-05,1363698.4828465614,3.061567747663308e-11,1.0,0.0,0.03282124241169347,mumax_dataset_ku_by_block_disorder/run_00981/run_00981.mx3,mumax_dataset_ku_by_block_disorder/run_00981,0,1764739716.642163,1764739783.758935
982,982,0,0.00018386269184503902,1386687.9625469241,3.240509869759611e-11,1.0,0.0,0.0656518984054391,mumax_dataset_ku_by_block_disorder/run_00982/run_00982.mx3,mumax_dataset_ku_by_block_disorder/run_00982,0,1764739783.769312,1764739855.1566265
983,983,0,0.0013455381028692913,1416915.7352840758,3.1296457142350676e-11,1.0,0.0,0.04790813987085928,mumax_dataset_ku_by_block_disorder/run_00983/run_00983.mx3,mumax_dataset_ku_by_block_disorder/run_00983,0,1764739855.1669304,1764739922.8219786
984,984,0,0.0005864507126557467,1420669.0233401204,3.0787719110908454e-11,1.0,0.0,0.13733446161707108,mumax_dataset_ku_by_block_disorder/run_00984/run_00984.mx3,mumax_dataset_ku_by_block_disorder/run_00984,0,1764739922.832398,1764739990.4705195
985,985,0,0.0001009651252520562,1447647.7155994088,3.120379476316591e-11,1.0,0.0,0.12495726366541776,mumax_dataset_ku_by_block_disorder/run_00985/run_00985.mx3,mumax_dataset_ku_by_block_disorder/run_00985,0,1764739990.481065,1764740059.4087458
986,986,0,0.0012821773903123567,1435863.306974351,3.064236818405152e-11,1.0,0.0,0.1265418068482157,mumax_dataset_ku_by_block_disorder/run_00986/run_00986.mx3,mumax_dataset_ku_by_block_disorder/run_00986,0,1764740059.4189727,1764740128.6292765
987,987,0,0.0013383047479757872,1368228.3116728677,3.1379231394970704e-11,1.0,0.0,0.06259755048555608,mumax_dataset_ku_by_block_disorder/run_00987/run_00987.mx3,mumax_dataset_ku_by_block_disorder/run_00987,0,1764740128.6394286,1764740195.2043495
988,988,0,0.0006952720400803733,1403350.992867119,3.1688153251702966e-11,1.0,0.0,0.1348144601145927,mumax_dataset_ku_by_block_disorder/run_00988/run_00988.mx3,mumax_dataset_ku_by_block_disorder/run_00988,0,1764740195.2149072,1764740264.6923864
989,989,0,0.001246114672805134,1390336.0956588455,3.001275368115424e-11,1.0,0.0,0.007398916173201142,mumax_dataset_ku_by_block_disorder/run_00989/run_00989.mx3,mumax_dataset_ku_by_block_disorder/run_00989,0,1764740264.7027256,1764740332.2139053
990,990,0,0.0013175172686239053,1339199.3810722306,3.1094480597615213e-11,1.0,0.0,0.017635504424836804,mumax_dataset_ku_by_block_disorder/run_00990/run_00990.mx3,mumax_dataset_ku_by_block_disorder/run_00990,0,1764740332.2241318,1764740400.2832463
991,991,0,0.0001314802702096417,1356282.1621101496,3.102249513192523e-11,1.0,0.0,0.1244020949060652,mumax_dataset_ku_by_block_disorder/run_00991/run_00991.mx3,mumax_dataset_ku_by_block_disorder/run_00991,0,1764740400.2978761,1764740469.4351664
992,992,0,2.6056415512919207e-05,1424718.7756693335,3.04235294150497e-11,1.0,0.0,0.05739106358874563,mumax_dataset_ku_by_block_disorder/run_00992/run_00992.mx3,mumax_dataset_ku_by_block_disorder/run_00992,0,1764740469.4453123,1764740535.581155
993,993,0,0.0004352977954483333,1425519.1056982917,3.124366661836795e-11,1.0,0.0,0.1450438331851564,mumax_dataset_ku_by_block_disorder/run_00993/run_00993.mx3,mumax_dataset_ku_by_block_disorder/run_00993,0,1764740535.5926478,1764740609.6673093
994,994,0,0.0002658067600905364,1404061.205639417,3.118464197559245e-11,1.0,0.0,0.0453569082086394,mumax_dataset_ku_by_block_disorder/run_00994/run_00994.mx3,mumax_dataset_ku_by_block_disorder/run_00994,0,1764740609.677542,1764740677.4083722
995,995,0,0.0006054655901660784,1425353.2415913984,3.0037894130528196e-11,1.0,0.0,0.13143535125529107,mumax_dataset_ku_by_block_disorder/run_00995/run_00995.mx3,mumax_dataset_ku_by_block_disorder/run_00995,0,1764740677.4186199,1764740743.2728655
996,996,0,0.0004638871834387997,1420943.7639718135,2.9306472705983246e-11,1.0,0.0,0.09081776585106122,mumax_dataset_ku_by_block_disorder/run_00996/run_00996.mx3,mumax_dataset_ku_by_block_disorder/run_00996,0,1764740743.2852287,1764740808.2162821
997,997,0,0.0012353574885173198,1419030.1732571158,3.126499607960899e-11,1.0,0.0,0.12399462667200058,mumax_dataset_ku_by_block_disorder/run_00997/run_00997.mx3,mumax_dataset_ku_by_block_disorder/run_00997,0,1764740808.2266293,1764740878.8654563
998,998,0,0.0013957791760421388,1377675.4688043608,3.0257825836206735e-11,1.0,0.0,0.08790646282534703,mumax_dataset_ku_by_block_disorder/run_00998/run_00998.mx3,mumax_dataset_ku_by_block_disorder/run_00998,0,1764740878.8757253,1764740945.7271948
999,999,0,0.000650285236668142,1367629.8051354182,3.0832586143499485e-11,1.0,0.0,0.1440575512703268,mumax_dataset_ku_by_block_disorder/run_00999/run_00999.mx3,mumax_dataset_ku_by_block_disorder/run_00999,0,1764740945.7378788,1764741015.8553994
1000,1000,0,0.0011222470017770644,1377485.848574741,3.1285280591112376e-11,1.0,0.0,0.11389675216281643,mumax_dataset_ku_by_block_disorder/run_01000/run_01000.mx3,mumax_dataset_ku_by_block_disorder/run_01000,0,1764741015.8657598,1764741083.467615
1001,1001,0,0.0014535796045939775,1396920.2182774546,3.058280789613398e-11,1.0,0.0,0.1456255204893383,mumax_dataset_ku_by_block_disorder/run_01001/run_01001.mx3,mumax_dataset_ku_by_block_disorder/run_01001,0,1764741083.4781797,1764741152.9728656
1002,1002,0,0.0007540117747128287,1452149.4244355112,3.034953058304466e-11,1.0,0.0,0.12457910881352531,mumax_dataset_ku_by_block_disorder/run_01002/run_01002.mx3,mumax_dataset_ku_by_block_disorder/run_01002,0,1764741152.9833956,1764741221.6405158
1003,1003,0,0.0001441706467869634,1409386.2343999338,3.0573459200638445e-11,1.0,0.0,0.1430356019606566,mumax_dataset_ku_by_block_disorder/run_01003/run_01003.mx3,mumax_dataset_ku_by_block_disorder/run_01003,0,1764741221.6510751,1764741290.9899235
1004,1004,0,0.0007565107237554884,1419585.0542200506,3.0121681085430144e-11,1.0,0.0,0.011835762571084906,mumax_dataset_ku_by_block_disorder/run_01004/run_01004.mx3,mumax_dataset_ku_by_block_disorder/run_01004,0,1764741291.000646,1764741356.4690487
1005,1005,0,0.0003846076933365446,1402139.751829734,3.1607796475788655e-11,1.0,0.0,0.13756389048707332,mumax_dataset_ku_by_block_disorder/run_01005/run_01005.mx3,mumax_dataset_ku_by_block_disorder/run_01005,0,1764741356.4798489,1764741428.5789504
1006,1006,0,0.00117753737663086,1426331.50956973,3.185805302725672e-11,1.0,0.0,0.049790321723207805,mumax_dataset_ku_by_block_disorder/run_01006/run_01006.mx3,mumax_dataset_ku_by_block_disorder/run_01006,0,1764741428.5895967,1764741498.868326
1007,1007,0,0.00032847992947430857,1429620.1986804313,3.0648886116328505e-11,1.0,0.0,0.06707281129119053,mumax_dataset_ku_by_block_disorder/run_01007/run_01007.mx3,mumax_dataset_ku_by_block_disorder/run_01007,0,1764741498.8789525,1764741568.5240242
1008,1008,0,0.0006461239051136842,1406047.1929002274,2.9874493367155875e-11,1.0,0.0,0.07849954540038968,mumax_dataset_ku_by_block_disorder/run_01008/run_01008.mx3,mumax_dataset_ku_by_block_disorder/run_01008,0,1764741568.5345583,1764741635.507536
1009,1009,0,0.0006305163065885585,1368797.2487438268,2.969590165275226e-11,1.0,0.0,0.0893965127909435,mumax_dataset_ku_by_block_disorder/run_01009/run_01009.mx3,mumax_dataset_ku_by_block_disorder/run_01009,0,1764741635.5181675,1764741700.860078
1010,1010,0,0.0010090082293372471,1407005.062036097,3.226633936959554e-11,1.0,0.0,0.08524543132815379,mumax_dataset_ku_by_block_disorder/run_01010/run_01010.mx3,mumax_dataset_ku_by_block_disorder/run_01010,0,1764741700.870863,1764741772.7165067
1011,1011,0,0.0008381619998964598,1392345.3909138858,3.009192079552299e-11,1.0,0.0,0.10840735190733426,mumax_dataset_ku_by_block_disorder/run_01011/run_01011.mx3,mumax_dataset_ku_by_block_disorder/run_01011,0,1764741772.7270677,1764741839.5526745
1012,1012,0,0.00035312961585236106,1364880.5037119726,3.181194334578612e-11,1.0,0.0,0.014423532916061875,mumax_dataset_ku_by_block_disorder/run_01012/run_01012.mx3,mumax_dataset_ku_by_block_disorder/run_01012,0,1764741839.5628784,1764741908.5115533
1013,1013,0,0.001490843712132055,1395613.1510687238,3.037181852737491e-11,1.0,0.0,0.11106707916749255,mumax_dataset_ku_by_block_disorder/run_01013/run_01013.mx3,mumax_dataset_ku_by_block_disorder/run_01013,0,1764741908.5218709,1764741978.2902834
1014,1014,0,0.0007005569237601184,1393281.660743141,3.1944158273279004e-11,1.0,0.0,0.007667844215447883,mumax_dataset_ku_by_block_disorder/run_01014/run_01014.mx3,mumax_dataset_ku_by_block_disorder/run_01014,0,1764741978.3009624,1764742049.648906
1015,1015,0,0.0008714682614131562,1422601.8679808197,3.131551881856556e-11,1.0,0.0,0.11914200145148772,mumax_dataset_ku_by_block_disorder/run_01015/run_01015.mx3,mumax_dataset_ku_by_block_disorder/run_01015,0,1764742049.6592753,1764742120.9325523
1016,1016,0,0.0005775927305687355,1370350.5342009838,3.12346955347066e-11,1.0,0.0,0.14126916826073815,mumax_dataset_ku_by_block_disorder/run_01016/run_01016.mx3,mumax_dataset_ku_by_block_disorder/run_01016,0,1764742120.9431818,1764742191.0192635
1017,1017,0,0.0003928250041999426,1350403.23813884,3.034266099845524e-11,1.0,0.0,0.10911058394353411,mumax_dataset_ku_by_block_disorder/run_01017/run_01017.mx3,mumax_dataset_ku_by_block_disorder/run_01017,0,1764742191.0300684,1764742256.4147944
1018,1018,0,0.0006415023256715168,1398624.6151001104,3.1615853925817235e-11,1.0,0.0,0.11396176251190826,mumax_dataset_ku_by_block_disorder/run_01018/run_01018.mx3,mumax_dataset_ku_by_block_disorder/run_01018,0,1764742256.425577,1764742329.1990318
1019,1019,0,0.001376751248970814,1405488.5317807642,3.1532490214770715e-11,1.0,0.0,0.018751924445527333,mumax_dataset_ku_by_block_disorder/run_01019/run_01019.mx3,mumax_dataset_ku_by_block_disorder/run_01019,0,1764742329.21011,1764742398.6153953
1020,1020,0,1.2855077559497609e-05,1414008.4742453292,3.0239675195997936e-11,1.0,0.0,0.14345680844243172,mumax_dataset_ku_by_block_disorder/run_01020/run_01020.mx3,mumax_dataset_ku_by_block_disorder/run_01020,0,1764742398.6261477,1764742467.997643
1021,1021,0,0.00040242288954405765,1381658.160139518,2.9793691489900897e-11,1.0,0.0,0.05863145400748037,mumax_dataset_ku_by_block_disorder/run_01021/run_01021.mx3,mumax_dataset_ku_by_block_disorder/run_01021,0,1764742468.0084844,1764742531.8689764
1022,1022,0,0.0012164262973130692,1400589.6955986258,3.1137902834045817e-11,1.0,0.0,0.11839442975968495,mumax_dataset_ku_by_block_disorder/run_01022/run_01022.mx3,mumax_dataset_ku_by_block_disorder/run_01022,0,1764742531.8796465,1764742602.8146505
1023,1023,0,0.0008326812782775253,1352469.3976231804,3.0797972387638987e-11,1.0,0.0,0.03400149369774539,mumax_dataset_ku_by_block_disorder/run_01023/run_01023.mx3,mumax_dataset_ku_by_block_disorder/run_01023,0,1764742602.8255322,1764742672.1566985
1024,1024,0,0.00017271366546683776,1449325.578724008,3.231925896996191e-11,1.0,0.0,0.06026162343910437,mumax_dataset_ku_by_block_disorder/run_01024/run_01024.mx3,mumax_dataset_ku_by_block_disorder/run_01024,0,1764742672.1670997,1764742746.1904345
1025,1025,0,0.0005026223269390627,1454236.6307069198,3.085406822427536e-11,1.0,0.0,0.05370374305627922,mumax_dataset_ku_by_block_disorder/run_01025/run_01025.mx3,mumax_dataset_ku_by_block_disorder/run_01025,0,1764742746.2011285,1764742814.7269084
1026,1026,0,0.0010587622233143132,1399551.082788276,3.1678925410047e-11,1.0,0.0,0.020790358163564514,mumax_dataset_ku_by_block_disorder/run_01026/run_01026.mx3,mumax_dataset_ku_by_block_disorder/run_01026,0,1764742814.737793,1764742885.1426265
1027,1027,0,0.00014622412944558267,1406866.160837254,3.150527807075046e-11,1.0,0.0,0.09878242992272214,mumax_dataset_ku_by_block_disorder/run_01027/run_01027.mx3,mumax_dataset_ku_by_block_disorder/run_01027,0,1764742885.1533134,1764742957.0430892
1028,1028,0,0.0004466284767339445,1377387.3097600688,3.199665113141061e-11,1.0,0.0,0.06738726965154543,mumax_dataset_ku_by_block_disorder/run_01028/run_01028.mx3,mumax_dataset_ku_by_block_disorder/run_01028,0,1764742957.0539677,1764743027.650424
1029,1029,0,0.0012892203564214633,1366737.3555179413,3.024964416428822e-11,1.0,0.0,0.14674808108623502,mumax_dataset_ku_by_block_disorder/run_01029/run_01029.mx3,mumax_dataset_ku_by_block_disorder/run_01029,0,1764743027.6610622,1764743096.945033
1030,1030,0,0.0006336642324377971,1396525.9296633801,3.037112547896824e-11,1.0,0.0,0.03387801524881243,mumax_dataset_ku_by_block_disorder/run_01030/run_01030.mx3,mumax_dataset_ku_by_block_disorder/run_01030,0,1764743096.9556777,1764743162.5323102
1031,1031,0,0.0007736424146994078,1385946.6102519368,3.193135643511753e-11,1.0,0.0,0.007371710716270446,mumax_dataset_ku_by_block_disorder/run_01031/run_01031.mx3,mumax_dataset_ku_by_block_disorder/run_01031,0,1764743162.542769,1764743233.5241334
1032,1032,0,0.0008700118222526664,1378781.563978656,3.0420390103671e-11,1.0,0.0,0.14612103023765022,mumax_dataset_ku_by_block_disorder/run_01032/run_01032.mx3,mumax_dataset_ku_by_block_disorder/run_01032,0,1764743233.5346344,1764743303.9018126
1033,1033,0,0.0003563907599141796,1407341.4018428058,3.118949082855105e-11,1.0,0.0,0.09563933803861238,mumax_dataset_ku_by_block_disorder/run_01033/run_01033.mx3,mumax_dataset_ku_by_block_disorder/run_01033,0,1764743303.9123647,1764743371.0549376
1034,1034,0,0.00014490475488630988,1384305.8504063494,2.99292302120704e-11,1.0,0.0,0.007694555572069911,mumax_dataset_ku_by_block_disorder/run_01034/run_01034.mx3,mumax_dataset_ku_by_block_disorder/run_01034,0,1764743371.0657387,1764743433.106609
1035,1035,0,0.001208343245733523,1404348.0392282521,3.045864101737142e-11,1.0,0.0,0.0491254080075655,mumax_dataset_ku_by_block_disorder/run_01035/run_01035.mx3,mumax_dataset_ku_by_block_disorder/run_01035,0,1764743433.1175113,1764743498.067513
1036,1036,0,0.00010459296497448834,1387634.7332645475,3.1012749815126014e-11,1.0,0.0,0.053450954314291164,mumax_dataset_ku_by_block_disorder/run_01036/run_01036.mx3,mumax_dataset_ku_by_block_disorder/run_01036,0,1764743498.078388,1764743566.7203658
1037,1037,0,4.2725331546211446e-05,1416398.417625925,2.9969607872000444e-11,1.0,0.0,0.017231152681928923,mumax_dataset_ku_by_block_disorder/run_01037/run_01037.mx3,mumax_dataset_ku_by_block_disorder/run_01037,0,1764743566.7313325,1764743632.3437517
1038,1038,0,1.8745146221498645e-05,1384690.382055713,3.10318479207782e-11,1.0,0.0,0.0876289619124865,mumax_dataset_ku_by_block_disorder/run_01038/run_01038.mx3,mumax_dataset_ku_by_block_disorder/run_01038,0,1764743632.354578,1764743700.1594493
